hub_id,before_Wh,after_Wh,mitigation_Wh,ev_Wh,bess_discharge_Wh
MESO_000,0.0,0.0,0.0,77875919.93713379,0.0
MESO_051,0.0,0.0,0.0,7642841.3372039795,0.0
MESO_058,0.0,0.0,0.0,11600746980.46875,0.0
MESO_057,0.0,0.0,0.0,103152959.10644531,0.0
MESO_056,0.0,0.0,0.0,2289803573.2421875,0.0
MESO_055,0.0,0.0,0.0,355813855.83496094,0.0
MESO_054,0.0,0.0,0.0,109034633.17871094,0.0
MESO_053,0.0,0.0,0.0,1953286131.8359375,0.0
MESO_052,0.0,0.0,0.0,1359171066.8945312,0.0
MESO_050,0.0,0.0,0.0,6431108.499526978,0.0
MESO_060,0.0,0.0,0.0,2270860164.0625,0.0
MESO_049,0.0,0.0,0.0,726296711.9140625,0.0
MESO_047,0.0,0.0,0.0,7581500798.828125,0.0
MESO_046,0.0,0.0,0.0,1317358838.8671875,0.0
MESO_045,0.0,0.0,0.0,243986224.91455078,0.0
MESO_044,0.0,0.0,0.0,510367876.2207031,0.0
MESO_043,0.0,0.0,0.0,400856129.39453125,0.0
MESO_042,0.0,0.0,0.0,500995183.22753906,0.0
MESO_059,0.0,0.0,0.0,130075018.15795898,0.0
MESO_061,0.0,0.0,0.0,791642653.0761719,0.0
MESO_001,0.0,0.0,0.0,1477068807.6171875,0.0
MESO_071,0.0,0.0,0.0,3319469563.4765625,0.0
MESO_078,0.0,0.0,0.0,290512361.9995117,0.0
MESO_077,0.0,0.0,0.0,3798942186.5234375,0.0
MESO_076,0.0,0.0,0.0,29981421.33331299,0.0
MESO_075,0.0,0.0,0.0,7038431687.5,0.0
MESO_074,0.0,0.0,0.0,94644376.12915039,0.0
MESO_073,0.0,0.0,0.0,259972397.64404297,0.0
MESO_072,0.0,0.0,0.0,700487246.8261719,0.0
MESO_070,0.0,0.0,0.0,289385581.7260742,0.0
MESO_062,0.0,0.0,0.0,19340133.03756714,0.0
MESO_069,0.0,0.0,0.0,2948318252.9296875,0.0
MESO_068,0.0,0.0,0.0,2322366323.7304688,0.0
MESO_067,0.0,0.0,0.0,271419444.0307617,0.0
MESO_066,0.0,0.0,0.0,87586738.7084961,0.0
MESO_065,0.0,0.0,0.0,745116636.4746094,0.0
MESO_064,0.0,0.0,0.0,935508788.8183594,0.0
MESO_063,0.0,0.0,0.0,7878201304.6875,0.0
MESO_041,0.0,0.0,0.0,258260413.02490234,0.0
MESO_040,0.0,0.0,0.0,3957743440.4296875,0.0
MESO_039,0.0,0.0,0.0,8804341283.203125,0.0
MESO_010,0.0,0.0,0.0,5823625847.65625,0.0
MESO_018,0.0,0.0,0.0,659074878.1738281,0.0
MESO_017,0.0,0.0,0.0,4459002535.15625,0.0
MESO_016,0.0,0.0,0.0,258201872.4975586,0.0
MESO_015,0.0,0.0,0.0,2839580058.59375,0.0
MESO_014,0.0,0.0,0.0,16054436351.5625,0.0
MESO_012,0.0,0.0,0.0,1698337668.9453125,0.0
MESO_011,0.0,0.0,0.0,1569263653.3203125,0.0
MESO_009,0.0,0.0,0.0,3183756817.3828125,0.0
MESO_038,0.0,0.0,0.0,796368706.0546875,0.0
MESO_008,0.0,0.0,0.0,436902148.07128906,0.0
MESO_007,0.0,0.0,0.0,698539511.4746094,0.0
MESO_006,0.0,0.0,0.0,635744572.265625,0.0
MESO_005,0.0,0.0,0.0,472913040.0390625,0.0
MESO_004,0.0,0.0,0.0,90727974.85351562,0.0
MESO_003,0.0,0.0,0.0,2175255495.6054688,0.0
MESO_002,0.0,0.0,0.0,6752240402.34375,0.0
MESO_019,0.0,0.0,0.0,170068853.6376953,0.0
MESO_020,0.0,0.0,0.0,9961656136.71875,0.0
MESO_021,0.0,0.0,0.0,380106993.1640625,0.0
MESO_029,0.0,0.0,0.0,4883500978.515625,0.0
MESO_037,0.0,0.0,0.0,181969356.14013672,0.0
MESO_036,0.0,0.0,0.0,3043901216.796875,0.0
MESO_035,0.0,0.0,0.0,2697547745.1171875,0.0
MESO_034,0.0,0.0,0.0,1732685893.5546875,0.0
MESO_032,0.0,0.0,0.0,2876258771.484375,0.0
MESO_031,0.0,0.0,0.0,5810719.331741333,0.0
MESO_022,0.0,0.0,0.0,351102180.6640625,0.0
MESO_030,0.0,0.0,0.0,392694263.7939453,0.0
MESO_028,0.0,0.0,0.0,5655201199.21875,0.0
MESO_027,0.0,0.0,0.0,2683762537.109375,0.0
MESO_026,0.0,0.0,0.0,9853293021.484375,0.0
MESO_024,0.0,0.0,0.0,6642600800.78125,0.0
MESO_023,0.0,0.0,0.0,7848700830.078125,0.0
MESO_079,0.0,0.0,0.0,1056586789.5507812,0.0
MESO_033,781484800.0000002,803064800.0,-21579999.99999976,3481952214.84375,0.0
MESO_013,0.0,34541621738.079895,-34541621738.079895,33505373085.9375,0.0
MESO_025,0.0,74844610132.08763,-74844610132.08763,72599271828.125,0.0
MESO_048,0.0,85529172132.73196,-85529172132.73196,82963296968.75,0.0
