state,basis,ratio_required,renewable_MWh,other_in_state_MWh,base_MWh,share,shortfall_MWh,non_compliance_cost_per_MWh,non_compliance_cost_total,adder_on_in_state_other_per_MWh
AZ,generation,0.075131502,854161.6819308208,8682586.968012094,9536748.649942916,0.08956529245802589,0.0,50.0,0.0,0.0
CA,generation,0.39333604,6283919.39010575,9692036.919684095,15975956.309789846,0.39333603999999994,9.313225746154785e-10,50.0,4.6566128730773926e-08,0.0
CO,generation,0.194774301,1593735.2182994236,3021337.2261806666,4615072.44448009,0.3453326545730888,0.0,50.0,0.0,0.0
MT,generation,0.0,331217.0084965086,1914037.564160618,2245254.5726571265,0.14751868787178676,0.0,50.0,0.0,0.0
NE,generation,0.0,5691.927389727039,0.0,5691.927389727039,1.0,0.0,50.0,0.0,0.0
NM,generation,0.165460896,1047141.334193436,1204971.0758542551,2252112.4100476913,0.4649596216963528,0.0,50.0,0.0,0.0
NV,generation,0.220577471,1317594.6910713431,2520079.2082980745,3837673.8993694177,0.34333159242317124,0.0,50.0,0.0,0.0
OR,generation,0.138557208,918126.0493948498,4455835.177043313,5373961.226438163,0.1708471666818072,0.0,50.0,0.0,0.0
TX,generation,0.040996045,2450.228664808054,57317.211457966216,59767.44012277427,0.040996044999999905,5.4569682106375694e-12,50.0,2.7284841053187847e-10,0.0
WA,generation,0.132943651,652682.1473091979,7225455.970634548,7878138.117943746,0.08284725877331445,394666.2971725123,50.0,19733314.858625613,6.64718255
