fuel,state,actual_2023_TWh,hard RPS_TWh,hard RPS_ratio,hard RPS_CF,RPS $50_TWh,RPS $50_ratio,RPS $50_CF,RPS on load_TWh,RPS on load_ratio,RPS on load_CF
coal,CA,0.208862,0.10691205626771043,,0.7179160372529575,0.10334256678889155,,0.6939468626705045,0.13977317266307274,,0.9385789193061559
coal,AZ,12.068555,6.394691466761243,0.529863887330442,0.2194848812667273,19.576423072812087,1.6221016578051048,0.6719212202961172,19.7311220805403,1.6349200115954479,0.6772309515817931
coal,NV,2.059636,0.016912055952909812,0.008211186808207769,0.002659228642733344,1.2374382882887256,0.6008043597454724,0.19457311098040264,1.5181367513612882,0.737089831096994,0.23870975498466734
coal,NM,7.371813,14.348797521896184,1.9464407903315213,0.6218643070202525,15.421988856804933,2.092021169935392,0.6683754787588426,16.368368660053562,2.220399331894822,0.7093907498731706
coal,UT,14.894152,40.018403049920686,2.6868534072917134,0.997665614860792,35.198829727519495,2.363265107507933,0.8775128297518525,29.568055788434357,1.9852124369641424,0.7371366748845073
coal,CO,18.730017,33.55578356307107,1.7915511535879047,0.8799209167919435,31.927749418776013,1.704630028834251,0.8372295788255956,31.927749418776013,1.704630028834251,0.8372295788255956
coal,WY,30.844003,17.820800236865605,0.5777719654892267,0.3657504799919869,15.590040382539623,0.5054480244519372,0.3199668183930683,15.468493410511856,0.5015073241469941,0.31747221305717754
coal,MT,11.553038,11.427203884572656,0.9891081362817862,0.7792564691093882,10.79969902595283,0.9347929978203853,0.7364649668822134,8.821585148328051,0.763572763140574,0.6015712473560205
coal,ID,0.0,,,,,,,,,
coal,OR,0.0,,,,,,,,,
coal,WA,4.162608,5.228752558368928,1.2561241794492608,0.8908799424740897,5.0704185806808875,1.2180869735225819,0.86390284547824,4.4019,1.0574860760369462,0.75
natural gas,CA,94.336399,66.01765451964634,0.6998110508717461,0.23395240188578692,65.6654941261729,0.6960780231411303,0.23270442101609948,82.90847167102643,0.8788598308806173,0.2938098335248198
natural gas,AZ,52.817503,7.407917474591849,0.14025497332942544,0.06900639589283522,16.566309220153723,0.31365188203148725,0.15431884823906464,17.16272207477811,0.32494383679550526,0.15987456638832137
natural gas,NV,24.599326,19.951286321642478,0.811050120708286,0.33662101134278044,18.73076008930666,0.7614338738104718,0.3160281148209359,18.89394570286792,0.7680676170911317,0.3187814062823489
natural gas,NM,14.230765,1.2942618859186292,0.09094815956265381,0.09780669312192539,0.22107055100988368,0.015534691986684038,0.016706185800698176,0.4885774704185528,0.03433248110123053,0.03692154365002935
natural gas,UT,11.834247,11.029702550687595,0.9320155773905678,0.5248430448896894,4.31408152147748,0.3645421226612458,0.20528347625235205,0.4780097392756828,0.04039207051159933,0.022745861540276618
natural gas,CO,17.21865,9.96617676509557,0.5788012861110232,0.19115402515929736,8.395409364228364,0.48757651524529294,0.16102627222636062,8.371067491281588,0.4861628229438189,0.16055938837477285
natural gas,WY,2.129478,0.0,0.0,0.0,0.0,0.0,0.0,0.0,0.0,0.0
natural gas,MT,1.0017,0.048571071428571436,0.0484886407393146,0.02976190476190476,0.0,0.0,0.0,0.0,0.0,0.0
natural gas,ID,5.686225,7.185519949579428,1.2636714075822584,0.743599704856201,4.2527200041649715,0.7478986505396764,0.4400963830207203,2.472020323791911,0.434738393889076,0.2558191468493225
natural gas,OR,23.38482,20.138560069045162,0.8611808886724448,0.6174421567725114,12.346088340921812,0.5279531055155358,0.37852733198338107,6.5753294505220214,0.2811793911829136,0.20159761092654035
natural gas,WA,19.407851,5.812749527084587,0.29950505736490796,0.19321992955776646,5.818315361915521,0.2997918400092581,0.19340494186716534,7.428258373399204,0.3827450227951154,0.24692059290656526
