hour,biomass,coal,natural gas,oil,waste
0,8689.67,13179098.81,4880193.30,0.00,61614.33
1,8524.51,13637203.69,4922728.95,0.00,61614.33
2,8570.95,14130223.89,4997420.74,0.00,61614.33
3,8479.35,14470813.43,5223676.95,0.00,61614.33
4,8778.55,14756637.80,5364424.42,0.00,61614.33
5,8840.91,15213665.54,5055596.55,0.00,61614.33
6,8846.72,15934722.76,5452626.66,0.00,61614.33
7,8185.59,15479096.68,5499361.29,0.00,61614.33
8,8157.57,15309380.52,4950210.90,0.00,61614.33
9,8020.57,14999775.65,4395387.23,0.00,61614.33
10,7138.68,14642961.08,4079087.93,0.00,61614.33
11,7116.40,14428430.67,4108647.10,0.00,61614.33
12,7094.71,14142991.64,4030720.96,0.00,61614.33
13,7090.68,14053979.82,4197920.11,0.00,61614.33
14,7104.69,13695208.00,4049332.64,0.00,61614.33
15,7834.80,14851498.79,4218010.62,0.00,61614.33
16,7118.66,14348002.57,4178356.78,0.00,61614.33
17,8912.84,15819418.31,5831924.89,0.00,61614.33
18,8934.00,16812206.69,5997897.15,0.00,61614.33
19,8980.46,17479421.76,6085316.99,0.00,61614.33
20,9070.79,16272141.71,5783214.18,0.00,61614.33
21,8942.41,14802603.89,5768448.88,0.00,61614.33
22,8893.27,14461600.15,5449092.89,0.00,61614.33
23,8628.28,14027817.48,5518108.58,0.00,61614.33
24,12391.27,13933274.47,6026793.24,0.00,61614.33
25,12322.93,13204820.46,5486298.71,0.00,61614.33
26,12284.10,13199565.80,5202795.77,0.00,61614.33
27,11592.59,13627942.90,4971841.35,0.00,61614.33
28,11603.25,14988454.30,4933564.03,0.00,61614.33
29,12570.55,15749361.42,5758519.16,0.00,61614.33
30,12569.94,16287742.80,5779062.42,0.00,61614.33
31,11894.99,16178871.98,5809208.11,0.00,61614.33
32,11881.73,15567022.66,5501376.69,0.00,61614.33
33,11868.03,16421016.36,5363790.37,0.00,61614.33
34,11723.40,16644872.90,5430942.94,0.00,61614.33
35,11669.06,15807453.81,5141275.75,0.00,61614.33
36,11615.10,16952596.51,5415839.90,0.00,61614.33
37,11507.32,16535324.36,5170628.29,0.00,61614.33
38,11608.03,16380402.82,4931440.87,0.00,61614.33
39,11798.89,16333636.24,5773394.23,0.00,61614.33
40,12364.48,16503766.14,5672429.38,0.00,61614.33
41,12629.63,17210922.43,6561604.64,0.00,61614.33
42,12639.26,18515371.39,6935220.04,0.00,61614.33
43,12684.75,18345361.91,6778951.66,0.00,61614.33
44,12687.19,17175299.05,6835888.88,0.00,61614.33
45,12648.42,16461406.83,6533124.90,0.00,61614.33
46,12601.63,15990023.47,6440652.82,0.00,61614.33
47,12540.73,15234958.70,6125554.01,0.00,61614.33
48,8580.01,14477143.54,5739234.45,0.00,61614.33
49,8601.87,14450456.53,5389434.48,0.00,61614.33
50,8480.80,14340923.22,5190704.23,0.00,61614.33
51,12075.66,14413409.17,5145842.48,0.00,61614.33
52,7956.58,14571917.16,5085222.47,0.00,61614.33
53,8549.42,14893998.36,5150195.85,0.00,61614.33
54,8729.78,15102803.70,5532528.21,0.00,61614.33
55,8701.80,15098699.32,5436027.71,0.00,61614.33
56,8046.99,15185605.43,5359899.50,0.00,61614.33
57,8014.43,15366329.86,5178281.13,0.00,61614.33
58,7942.41,15161723.74,4443437.19,0.00,61614.33
59,7233.19,14803210.35,4440221.17,0.00,61614.33
60,7636.69,15065354.16,4320228.27,0.00,61614.33
61,6884.06,15149729.29,4375472.33,0.00,61614.33
62,6897.85,14908266.30,4264812.52,0.00,61614.33
63,6875.91,15481495.51,4496772.62,0.00,61614.33
64,8222.73,15508367.79,4985715.03,0.00,61614.33
65,8897.75,15986002.44,5784190.99,0.00,61614.33
66,8920.48,16496744.34,6406246.96,0.00,61614.33
67,8764.67,16507416.42,6184114.77,0.00,61614.33
68,8764.42,15955801.16,6324533.15,0.00,61614.33
69,8728.09,15116963.89,6225879.99,0.00,61614.33
70,8679.98,14283522.09,5787390.74,0.00,61614.33
71,8618.18,13266426.21,5956056.01,0.00,61614.33
72,8667.78,12732251.54,5552433.87,0.00,61614.33
73,8512.75,12463144.79,5204174.85,0.00,61614.33
74,8559.31,12120208.20,5329174.82,0.00,61614.33
75,8550.23,12473057.21,5194000.34,0.00,61614.33
76,8489.91,13091157.16,5158101.21,0.00,61614.33
77,8547.94,13918760.82,5058065.48,0.00,61614.33
78,8728.55,14055101.06,5542186.17,0.00,61614.33
79,8727.68,13965821.83,5366605.73,0.00,61614.33
80,7949.66,14359617.79,5148757.91,0.00,61614.33
81,7920.13,14142362.70,4885570.61,0.00,61614.33
82,7205.84,14812387.61,4493050.63,0.00,61614.33
83,7101.06,14981559.28,4921860.13,0.00,61614.33
84,7084.17,14961323.89,4962779.67,0.00,61614.33
85,7417.56,14429410.24,5177286.13,0.00,61614.33
86,7417.15,14812387.61,4976636.46,0.00,61614.33
87,7495.55,14617031.31,4972147.38,0.00,61614.33
88,7470.49,14946456.20,5256201.32,0.00,61614.33
89,8273.36,15453428.47,5722107.56,0.00,61614.33
90,8715.72,16038798.76,6030107.31,0.00,61614.33
91,8760.95,15885166.38,5963668.46,0.00,61614.33
92,8761.32,15086107.44,6000279.04,0.00,61614.33
93,8724.88,14356056.51,5940222.23,0.00,61614.33
94,8677.26,13968337.04,5615106.60,0.00,61614.33
95,8615.91,13521863.35,5624979.17,0.00,61614.33
96,8677.95,13510929.95,5234277.19,0.00,61614.33
97,8602.76,13295238.47,4857175.33,0.00,61614.33
98,8481.67,13180131.41,4837490.55,0.00,61614.33
99,8553.69,12949607.45,4759918.44,0.00,61614.33
100,8570.76,12991942.85,4749139.25,0.00,61614.33
101,8633.52,12991682.17,4813921.86,0.00,61614.33
102,8732.12,13423017.95,4713871.69,0.00,61614.33
103,8729.41,14209494.91,4334677.66,0.00,61614.33
104,7600.18,13531130.68,3916101.25,0.00,61614.33
105,7595.99,13530499.72,3914626.87,0.00,61614.33
106,7582.23,13259342.76,3794942.94,0.00,61614.33
107,7135.10,12908571.04,3913343.62,0.00,61614.33
108,7212.46,12883758.84,4073688.70,0.00,61614.33
109,7150.11,13033362.46,3776122.57,0.00,61614.33
110,7413.62,12999002.45,3773680.84,0.00,61614.33
111,7488.41,12918258.07,3968640.44,0.00,61614.33
112,7942.20,13413768.43,3916993.66,0.00,61614.33
113,8928.51,15060920.16,4916977.19,0.00,61614.33
114,8941.55,15860837.88,5188476.90,0.00,61614.33
115,8971.37,16121766.00,5326951.60,0.00,61614.33
116,8966.80,14907099.12,5308646.59,0.00,61614.33
117,8732.59,14323393.07,5043231.86,0.00,61614.33
118,8698.04,14143590.11,4888480.09,0.00,61614.33
119,8633.77,13565600.73,4779337.37,0.00,61614.33
120,12394.51,13160029.06,5948922.84,0.00,61614.33
121,12239.61,12813168.26,5384288.67,0.00,61614.33
122,12296.67,12693653.36,5467718.58,0.00,61614.33
123,12278.15,12762883.16,5633436.26,0.00,61614.33
124,12296.96,13125141.25,5465345.74,0.00,61614.33
125,12277.66,13033617.66,5296937.69,0.00,61614.33
126,12369.50,13220066.47,5431411.78,0.00,61614.33
127,12457.47,13747209.98,5653148.45,0.00,61614.33
128,11774.81,13565762.80,5790772.63,0.00,61614.33
129,11201.90,13781716.79,5330218.77,0.00,61614.33
130,11260.21,13679390.54,5423535.50,0.00,61614.33
131,11397.65,13635838.98,5270488.83,0.00,61614.33
132,10797.11,12768124.66,4806044.39,0.00,61614.33
133,10976.38,13578617.00,4830503.29,0.00,61614.33
134,11371.97,13445522.70,5206493.12,0.00,61614.33
135,11285.91,13617229.97,5755793.62,0.00,61614.33
136,11982.65,13489801.84,5779720.55,0.00,61614.33
137,12421.95,14445008.99,6377381.87,0.00,61614.33
138,12439.60,15032461.17,6349521.99,0.00,61614.33
139,12485.05,15093784.02,6504142.80,0.00,61614.33
140,12488.19,14312941.68,6177635.04,0.00,61614.33
141,12450.45,13605795.46,6247857.74,0.00,61614.33
142,12402.66,12828002.58,5958495.06,0.00,61614.33
143,12341.97,12686589.75,5737534.78,0.00,61614.33
144,12327.22,12468380.27,6107562.22,0.00,61614.33
145,12339.42,12371452.18,5755579.69,0.00,61614.33
146,12216.69,12429181.08,5675852.49,0.00,61614.33
147,12209.25,12687675.14,5659285.29,0.00,61614.33
148,12226.91,13385219.97,5859813.99,0.00,61614.33
149,12368.47,14293649.79,6001696.00,0.00,61614.33
150,12374.76,14392875.26,6219011.53,0.00,61614.33
151,11710.56,14812387.61,6065727.05,0.00,61614.33
152,11374.31,14838220.81,4883692.67,0.00,61614.33
153,10882.61,14218958.23,5005326.55,0.00,61614.33
154,10868.94,14162469.97,4893168.14,0.00,61614.33
155,10856.83,14223531.89,4918316.37,0.00,61614.33
156,10811.31,14150105.08,4949890.85,0.00,61614.33
157,10795.27,14084256.79,4845233.82,0.00,61614.33
158,10805.64,14513890.69,4765122.38,0.00,61614.33
159,10782.29,14371120.08,4916511.04,0.00,61614.33
160,11231.56,14690575.13,5056141.91,0.00,61614.33
161,12031.97,15291832.79,6098433.98,0.00,61614.33
162,12678.16,16292857.69,6767329.84,0.00,61614.33
163,14457.32,16501822.99,6921248.28,0.00,61614.33
164,12502.51,15852459.33,6521451.01,0.00,61614.33
165,12468.49,14427422.43,6293432.94,0.00,61614.33
166,12433.61,14179265.31,6012705.11,0.00,61614.33
167,12372.94,13904044.98,5940137.00,0.00,61614.33
168,5090.04,13421216.70,3707853.94,0.00,61614.33
169,4629.07,12692456.26,3444992.63,0.00,61614.33
170,4596.07,12155364.14,3330238.62,0.00,61614.33
171,4554.58,12758899.51,3196696.26,0.00,61614.33
172,4437.41,12816119.11,3282476.93,0.00,61614.33
173,4428.50,14299151.92,3165456.09,0.00,61614.33
174,3721.91,13985032.46,3328902.60,0.00,61614.33
175,3836.01,14419120.89,3290889.73,0.00,61614.33
176,3890.82,14230341.50,3243350.06,0.00,61614.33
177,3966.20,15125669.29,3607211.09,0.00,61614.33
178,3908.34,15264578.62,3619589.98,0.00,61614.33
179,3828.34,15007592.20,3203992.55,0.00,61614.33
180,3988.21,15154604.10,3240304.33,0.00,61614.33
181,4122.22,13912721.75,3140038.13,0.00,61614.33
182,4239.71,14109276.40,3106565.95,0.00,61614.33
183,4243.58,13930827.44,3319401.62,0.00,61614.33
184,4638.42,13785833.90,3597225.66,0.00,61614.33
185,4647.72,14429759.62,3863045.58,0.00,61614.33
186,5387.44,13996869.74,4196572.67,0.00,61614.33
187,5382.63,13985032.46,4743244.18,0.00,61614.33
188,5396.53,14687877.04,4512325.28,0.00,61614.33
189,5425.79,13711093.38,4305464.35,0.00,61614.33
190,5319.82,13271926.31,4166767.86,0.00,61614.33
191,5235.12,12628369.94,3733035.12,0.00,61614.33
192,3458.32,11600465.08,3085952.37,0.00,61614.33
193,3509.62,11152741.53,2861532.75,0.00,61614.33
194,3425.04,11116763.65,2850985.86,0.00,61614.33
195,3305.11,11790871.79,2762459.14,0.00,61614.33
196,3264.58,12605790.25,2730828.92,0.00,61614.33
197,3255.63,13348691.73,2682208.43,0.00,61614.33
198,1247.48,14079037.40,3048195.90,0.00,61614.33
199,2854.19,14405794.98,3096183.20,0.00,61614.33
200,2781.38,15288639.02,3033054.54,0.00,61614.33
201,2862.18,15481267.42,3070931.31,0.00,61614.33
202,2824.89,15294527.16,3012006.68,0.00,61614.33
203,1884.65,15345071.77,3121993.55,0.00,61614.33
204,1960.56,15355667.80,3243787.17,0.00,61614.33
205,3121.62,15419739.99,3539389.67,0.00,61614.33
206,3178.43,14972173.02,3570225.29,0.00,61614.33
207,3191.45,15347056.90,3476405.55,0.00,61614.33
208,3951.94,15414827.17,3630875.82,0.00,61614.33
209,3956.43,15358085.58,3681283.91,0.00,61614.33
210,3958.24,15266504.17,3736976.11,0.00,61614.33
211,3969.03,15415103.31,4097661.13,0.00,61614.33
212,3974.72,15237799.82,3918791.34,0.00,61614.33
213,3974.05,14079037.40,3747242.62,0.00,61614.33
214,3672.03,13505138.51,3591702.41,0.00,61614.33
215,3598.69,12492574.99,3246340.84,0.00,61614.33
216,4534.23,12730213.55,3054670.04,0.00,61614.33
217,4521.91,12686255.12,2873635.82,0.00,61614.33
218,4414.80,13026446.52,2788306.93,0.00,61614.33
219,4461.09,13496004.60,2705324.71,0.00,61614.33
220,4344.60,13324544.79,2810415.67,0.00,61614.33
221,4340.04,13467151.29,2883861.20,0.00,61614.33
222,3659.74,14612838.44,3147263.38,0.00,61614.33
223,4050.28,14781881.98,3222865.56,0.00,61614.33
224,4010.66,15144483.95,2974941.30,0.00,61614.33
225,3963.86,15963132.45,2985398.55,0.00,61614.33
226,3909.47,14749905.84,3018624.31,0.00,61614.33
227,4151.89,14273105.83,3080020.15,0.00,61614.33
228,4145.95,14089763.58,3104080.61,0.00,61614.33
229,4294.55,14218920.15,3047502.80,0.00,61614.33
230,4346.99,13954960.18,2994657.53,0.00,61614.33
231,4350.22,14101679.46,3165157.96,0.00,61614.33
232,4338.15,14490638.04,3489237.70,0.00,61614.33
233,4341.77,14881600.34,3644286.23,0.00,61614.33
234,5907.66,15783782.22,4135174.00,0.00,61614.33
235,6176.00,15948012.53,5098656.52,0.00,61614.33
236,6171.38,15955852.05,4874340.49,0.00,61614.33
237,6155.49,14797089.63,4637048.32,0.00,61614.33
238,5301.34,14293116.24,3855522.61,0.00,61614.33
239,5182.05,13593666.04,3473713.28,0.00,61614.33
240,4663.79,12738998.78,3115464.35,0.00,61614.33
241,4707.38,12412385.09,2784039.87,0.00,61614.33
242,4608.03,11873689.54,2752695.97,0.00,61614.33
243,4553.67,11679097.17,2691471.76,0.00,61614.33
244,4436.53,12276521.15,2702610.27,0.00,61614.33
245,4430.78,12244753.40,2615891.01,0.00,61614.33
246,3725.98,13020366.58,2843417.63,0.00,61614.33
247,3914.23,13883804.49,2699380.12,0.00,61614.33
248,4073.16,14781881.98,2867653.97,0.00,61614.33
249,4077.09,14327193.64,3151628.96,0.00,61614.33
250,4060.48,13785848.50,3084860.53,0.00,61614.33
251,4199.66,13653466.76,3065915.27,0.00,61614.33
252,4258.23,13591507.47,3168010.44,0.00,61614.33
253,4397.46,13315031.03,3198417.32,0.00,61614.33
254,4436.81,13568779.24,3338169.28,0.00,61614.33
255,4440.34,13503322.04,3469145.49,0.00,61614.33
256,4746.36,13716154.65,3894844.00,0.00,61614.33
257,5243.09,14328386.81,4249834.86,0.00,61614.33
258,6298.41,15594644.02,4958153.69,0.00,61614.33
259,6732.73,16301825.43,5422388.59,0.00,61614.33
260,6279.28,15679003.25,5305758.46,0.00,61614.33
261,6255.76,14797089.63,5006786.63,0.00,61614.33
262,5605.73,14928855.65,4399458.95,0.00,61614.33
263,5475.17,14079037.40,3636087.76,0.00,61614.33
264,5302.32,13008002.69,3385338.42,0.00,61614.33
265,4826.62,13008002.69,3115414.32,0.00,61614.33
266,4726.82,13102571.52,2892565.39,0.00,61614.33
267,4578.54,12413508.93,2847868.44,0.00,61614.33
268,4642.90,11791983.75,2797442.38,0.00,61614.33
269,4546.10,12033745.15,2761443.69,0.00,61614.33
270,3839.69,13251285.74,2833103.15,0.00,61614.33
271,4054.42,13823563.00,2994885.13,0.00,61614.33
272,4105.35,14651077.70,3315242.58,0.00,61614.33
273,4086.50,14990148.48,3555903.44,0.00,61614.33
274,4059.47,14260386.84,3431870.96,0.00,61614.33
275,4132.69,14334380.82,3485459.83,0.00,61614.33
276,4227.29,14865074.85,3505134.74,0.00,61614.33
277,4316.54,14802142.41,3638129.15,0.00,61614.33
278,4352.53,15182459.14,3868232.32,0.00,61614.33
279,4418.43,15390583.49,4135163.85,0.00,61614.33
280,4666.79,15425834.65,4337910.26,0.00,61614.33
281,5156.29,15247939.58,4525731.56,0.00,61614.33
282,6191.09,15516640.26,4860329.08,0.00,61614.33
283,7871.18,15681546.35,5519688.67,0.00,61614.33
284,6192.30,15806238.88,5015643.55,0.00,61614.33
285,5607.07,14150739.42,4481447.98,0.00,61614.33
286,5520.22,13008002.69,4210010.73,0.00,61614.33
287,5168.16,13154880.55,3408426.98,0.00,61614.33
288,3441.11,12919305.85,3249669.61,0.00,61614.33
289,3436.07,12495638.65,2900112.62,0.00,61614.33
290,3432.79,12606906.28,2808762.29,0.00,61614.33
291,3092.53,12836867.86,2780968.03,0.00,61614.33
292,3426.56,13505587.28,2910363.90,0.00,61614.33
293,3459.44,13799879.51,3094367.69,0.00,61614.33
294,2926.58,14079037.40,3296773.15,0.00,61614.33
295,1857.82,14937158.27,3409106.22,0.00,61614.33
296,1341.61,16160287.65,3409259.48,0.00,61614.33
297,1533.61,16406978.48,3465867.46,0.00,61614.33
298,1689.14,16762847.25,3488649.60,0.00,61614.33
299,1679.17,16748028.50,3560271.62,0.00,61614.33
300,1281.86,16920130.16,3789792.66,0.00,61614.33
301,1806.74,16484382.73,3873140.59,0.00,61614.33
302,1817.95,16152032.13,3921947.89,0.00,61614.33
303,2894.79,15773965.53,4108960.95,0.00,61614.33
304,2909.92,16163168.04,4193119.23,0.00,61614.33
305,4429.92,16691677.94,4680699.90,0.00,61614.33
306,5180.63,16691677.94,5241842.07,0.00,61614.33
307,5668.80,16691677.94,5604251.50,0.00,61614.33
308,6162.51,16429464.64,5304303.40,0.00,61614.33
309,5651.25,15746129.48,5043050.84,0.00,61614.33
310,4218.15,13791834.20,4397247.49,0.00,61614.33
311,3483.81,12510025.05,3337167.10,0.00,61614.33
312,8092.45,12055162.57,3324901.93,0.00,61614.33
313,8138.22,11452055.74,2888522.33,0.00,61614.33
314,8048.46,11128058.36,2768690.62,0.00,61614.33
315,7904.74,11301056.74,2800311.64,0.00,61614.33
316,7874.74,11848432.50,2875512.88,0.00,61614.33
317,7869.95,12800116.58,2858760.44,0.00,61614.33
318,7184.37,13296473.48,3031123.70,0.00,61614.33
319,7380.14,13691703.79,3024487.89,0.00,61614.33
320,7429.13,14285170.06,3327595.49,0.00,61614.33
321,7223.78,14683250.01,3435283.56,0.00,61614.33
322,7279.37,14426287.78,3734553.84,0.00,61614.33
323,7372.45,14512919.62,3643461.72,0.00,61614.33
324,7416.93,15475902.48,3286655.32,0.00,61614.33
325,7759.52,14533605.40,3394792.64,0.00,61614.33
326,7876.75,15128204.60,3608915.17,0.00,61614.33
327,7880.10,15968428.67,4205340.21,0.00,61614.33
328,7868.09,16935367.45,4584124.78,0.00,61614.33
329,7838.06,16690492.96,4991176.15,0.00,61614.33
330,8584.49,16805060.91,5392673.00,0.00,61614.33
331,8918.22,16951774.17,5648054.84,0.00,61614.33
332,9033.33,15816917.87,5292569.50,0.00,61614.33
333,8870.06,14843300.15,4968274.41,0.00,61614.33
334,8795.79,14208431.86,4681565.65,0.00,61614.33
335,8713.00,13194183.17,3954105.55,0.00,61614.33
336,15581.94,18204271.89,9521414.19,0.00,61614.33
337,15187.84,17613882.27,9034066.44,0.00,61614.33
338,15177.17,17591771.70,8788522.28,0.00,61614.33
339,15048.23,17718631.22,8657206.07,0.00,61614.33
340,15321.55,18236226.41,8999472.09,99830.47,61614.33
341,15377.48,18932543.74,9121753.06,156072.98,61614.33
342,15293.34,19413146.40,9377746.67,366493.18,61614.33
343,14578.80,19803541.74,8875072.97,366493.18,61614.33
344,14665.98,20170926.88,9585212.06,366493.18,61614.33
345,14709.34,20490912.66,10591376.42,366493.18,61614.33
346,14850.47,20424004.84,11053678.81,366493.18,61614.33
347,14941.10,20324766.07,11168374.45,366501.90,61614.33
348,15040.39,20644450.93,11903592.92,366531.62,61614.33
349,15127.44,20548169.40,12031709.08,367891.89,61614.33
350,15193.18,20534421.86,12087347.94,449497.12,61614.33
351,15217.28,20819131.81,12167943.48,553544.20,61614.33
352,15223.68,20660118.86,12287708.23,553545.62,61614.33
353,16012.98,20440514.31,12471419.02,553643.45,61614.33
354,16034.23,20639360.80,13207769.47,553645.19,61614.33
355,16022.76,20552675.22,13260393.94,553628.49,61614.33
356,16018.68,20705484.20,12238137.16,553602.25,61614.33
357,15989.58,19657410.67,11484376.20,366522.26,61614.33
358,15897.61,18235817.33,10587636.32,366493.18,61614.33
359,15584.91,17473159.64,9880225.44,288684.23,61614.33
360,15683.72,17067826.80,10028761.86,100149.89,61614.33
361,15660.81,17087162.01,9291733.29,47684.53,61614.33
362,15642.47,17135674.38,9192094.01,28893.99,61614.33
363,15622.72,16797960.93,9111144.52,100149.89,61614.33
364,15631.15,17231289.22,9237701.97,190954.08,61614.33
365,15658.16,17681928.29,9395270.66,337293.60,61614.33
366,15694.45,18054885.95,9368991.39,366812.61,61614.33
367,15453.71,18276196.81,9687475.00,366812.61,61614.33
368,15165.89,19014240.58,9960902.52,366838.10,61614.33
369,15146.89,20356419.75,10284841.01,366847.34,61614.33
370,15170.53,20427771.12,10795383.47,366849.40,61614.33
371,15783.75,20377419.12,10768719.51,366853.64,61614.33
372,15554.34,20814108.74,11484639.69,366902.82,61614.33
373,15608.86,20891125.75,11442713.59,553938.67,61614.33
374,15193.05,20888377.91,11479446.50,553967.46,61614.33
375,15227.87,20590108.53,11701598.83,553975.06,61614.33
376,15973.60,20514686.47,11290778.39,553984.25,61614.33
377,16020.44,20673279.77,12253791.85,553992.09,61614.33
378,16031.01,20697710.57,13067103.33,554390.86,61614.33
379,16019.68,20303693.27,12932331.84,554348.28,61614.33
380,16015.68,20136888.22,12502156.99,554321.22,61614.33
381,15978.10,18604535.13,11812334.51,553859.75,61614.33
382,15719.64,17966615.04,10620173.73,553856.10,61614.33
383,15713.16,16891768.09,10329360.95,100183.49,61614.33
384,15385.35,15823277.72,9251617.22,0.00,61614.33
385,15218.03,15617388.60,8505966.28,0.00,61614.33
386,15099.80,15346593.25,8484047.05,0.00,61614.33
387,15036.67,15125881.20,8661112.85,0.00,61614.33
388,15138.84,15183629.33,8556263.10,0.00,61614.33
389,15105.13,15274308.66,8698538.23,0.00,61614.33
390,15165.22,15908199.90,8921857.79,0.00,61614.33
391,15197.73,17093503.42,8550375.61,147953.76,61614.33
392,14459.55,18141812.39,8028368.04,366493.18,61614.33
393,14749.77,18386879.95,8671413.41,366497.49,61614.33
394,14856.68,18498648.25,9886231.65,366532.29,61614.33
395,14977.77,19043984.90,10137919.90,366533.64,61614.33
396,15009.48,18688535.41,10723550.11,366534.94,61614.33
397,15153.23,19285468.91,10928158.97,433622.48,61614.33
398,15197.77,19385249.38,10945263.77,553545.13,61614.33
399,15219.85,19657410.67,11284525.92,553670.41,61614.33
400,15238.45,19556604.70,11288143.20,553675.90,61614.33
401,16024.93,19657410.67,11810376.09,553679.39,61614.33
402,16035.71,19657410.67,12688405.41,554084.31,61614.33
403,16024.66,19768009.94,12242556.03,554049.17,61614.33
404,16021.14,19657410.67,11522049.30,553638.43,61614.33
405,15993.58,18498648.25,10522716.00,366535.14,61614.33
406,15694.55,17526256.77,9869623.45,366493.18,61614.33
407,15534.04,17016766.64,9429913.83,99830.47,61614.33
408,15318.53,16177612.51,8711086.02,0.00,61614.33
409,15193.54,15992732.39,8523834.38,0.00,61614.33
410,15189.53,15719710.99,8209981.53,0.00,61614.33
411,15044.74,15660703.38,8038219.71,0.00,61614.33
412,15056.21,15825005.62,8109805.85,0.00,61614.33
413,15075.96,15887083.66,8225252.51,0.00,61614.33
414,15148.87,16382623.15,8323367.95,0.00,61614.33
415,15189.48,16990963.43,7713748.15,0.00,61614.33
416,15426.64,18235817.33,7873417.33,153277.88,61614.33
417,15450.36,18235817.33,8378774.07,366493.18,61614.33
418,15516.60,19148107.84,9310853.74,366532.77,61614.33
419,14958.30,18638902.63,9562093.45,366534.40,61614.33
420,15088.22,19416967.16,10057825.78,366535.91,61614.33
421,15429.93,19657410.67,10287303.30,410912.02,61614.33
422,15340.45,19407701.35,10159430.44,553546.51,61614.33
423,15214.24,19657410.67,10580446.73,553548.12,61614.33
424,15478.22,19657410.67,10477967.66,553549.17,61614.33
425,15994.28,19657410.67,10673402.35,553688.79,61614.33
426,16002.58,19762743.33,11524979.56,553678.27,61614.33
427,16019.10,19833423.32,11343332.71,553653.72,61614.33
428,16015.34,18877661.28,10668650.20,553632.93,61614.33
429,15786.86,18491203.83,10070650.39,366535.37,61614.33
430,15684.49,17049639.32,9344492.94,366493.18,61614.33
431,15568.56,16205739.30,8847626.13,150738.53,61614.33
432,12661.18,15750141.91,7767171.84,26584.46,61614.33
433,12589.23,15450297.44,7201949.73,0.00,61614.33
434,12480.18,15140582.70,7355000.10,0.00,61614.33
435,12513.72,15224761.67,7418749.83,0.00,61614.33
436,12524.28,15763490.86,7132241.87,0.00,61614.33
437,12434.53,15696844.92,7373469.45,0.00,61614.33
438,12468.95,15970246.66,7677108.51,0.00,61614.33
439,12489.59,16301623.06,7489740.93,0.00,61614.33
440,12524.21,17814863.39,7458712.64,364379.02,61614.33
441,12510.14,18353555.33,8174634.76,366509.40,61614.33
442,12530.52,18459905.06,8392142.98,366533.05,61614.33
443,12705.41,19165348.95,8773059.90,366533.87,61614.33
444,12758.34,19353051.34,9202964.59,366534.67,61614.33
445,12122.51,19394579.75,9258758.75,429507.72,61614.33
446,12447.20,19394579.75,9133809.19,553544.04,61614.33
447,12455.47,19742582.93,9336580.46,553545.39,61614.33
448,12449.67,19963543.70,9130718.26,553546.19,61614.33
449,15981.77,19908095.96,9928640.88,553546.10,61614.33
450,16005.39,20487045.58,10712295.36,553632.51,61614.33
451,15995.00,20575563.72,10697699.76,553631.21,61614.33
452,15992.44,19664190.56,10420047.48,553616.87,61614.33
453,15952.06,19303134.58,9750167.54,366531.14,61614.33
454,13236.14,18235817.33,8706760.19,295480.78,61614.33
455,12802.24,17494984.13,8132802.79,0.00,61614.33
456,15684.84,15666210.14,9547720.91,319.43,61614.33
457,15674.02,15047931.06,9058968.17,319.43,61614.33
458,15641.34,14769570.12,8762586.34,319.43,61614.33
459,15639.92,14758170.58,8739510.37,319.43,61614.33
460,15626.69,15624086.64,9108633.80,319.43,61614.33
461,15648.41,16567223.52,9428076.29,319.43,61614.33
462,15687.29,17741837.54,9942956.95,101134.79,61614.33
463,15169.25,18595206.39,10200965.06,366812.61,61614.33
464,15167.56,19916500.14,10727565.43,366849.03,61614.33
465,15164.42,20230257.23,10997438.18,366850.74,61614.33
466,15163.50,20280965.95,11427074.97,366851.75,61614.33
467,15166.53,20315731.21,11387032.23,366883.86,61614.33
468,15162.52,20362181.40,11960028.16,443312.97,61614.33
469,15179.27,20412742.26,12304885.04,553939.26,61614.33
470,15198.22,20781320.57,12303815.41,553932.50,61614.33
471,15217.99,20720256.85,12443009.23,553947.30,61614.33
472,15985.45,20653414.92,12042994.22,553962.95,61614.33
473,16014.88,20739288.97,12126711.50,553963.80,61614.33
474,16025.57,20917222.42,12937728.88,553951.67,61614.33
475,15994.53,20956020.54,13037972.94,553941.06,61614.33
476,16018.88,21025151.41,12658789.86,553916.63,61614.33
477,15980.72,19380863.66,12012591.56,553858.89,61614.33
478,15747.05,18030563.39,10958480.98,553856.04,61614.33
479,15715.29,17285178.55,10265278.59,100183.81,61614.33
480,15684.18,15870744.90,9686121.73,319.43,61614.33
481,15673.25,15095154.78,9273724.22,319.43,61614.33
482,15640.12,14396957.04,8907686.49,319.43,61614.33
483,15622.81,14756156.27,8830736.52,319.43,61614.33
484,15646.30,15719710.99,9011823.21,319.43,61614.33
485,15658.58,16703629.22,9480218.30,319.43,61614.33
486,15692.47,17688822.07,9744121.11,100149.89,61614.33
487,15712.94,18194873.00,9733963.13,337029.04,61614.33
488,15917.97,18343877.86,10746126.76,366812.61,61614.33
489,15892.65,18762257.24,11284303.24,366826.79,61614.33
490,15913.65,18978838.61,11730197.69,366840.27,61614.33
491,15903.64,19371322.35,12160686.41,428505.13,61614.33
492,15912.81,19473609.54,12272572.66,553852.34,61614.33
493,15929.47,19642681.41,12382565.15,553853.38,61614.33
494,15183.20,19621618.48,12398203.98,553853.16,61614.33
495,15210.14,19775788.57,12448541.20,553853.16,61614.33
496,15931.16,20118948.73,12545449.15,553854.45,61614.33
497,15935.18,20109120.01,12585232.83,553856.02,61614.33
498,15952.75,20092001.84,12849552.72,553856.05,61614.33
499,15945.08,20074107.54,12554488.65,553856.02,61614.33
500,15952.21,19285859.34,12441344.73,553855.61,61614.33
501,15716.74,18804221.94,11817366.25,553854.11,61614.33
502,15716.33,17463314.74,10877277.90,366838.73,61614.33
503,15690.46,16654615.87,10115394.50,100151.11,61614.33
504,8849.44,15226647.48,5914208.30,0.00,61614.33
505,8662.19,14430584.67,5658643.13,0.00,61614.33
506,8773.23,14237111.81,5462917.58,0.00,61614.33
507,8676.64,15052751.98,5527199.77,0.00,61614.33
508,8824.96,15757535.83,5735767.14,0.00,61614.33
509,8778.27,15970166.44,5799316.29,0.00,61614.33
510,8875.43,16503113.83,6062111.94,0.00,61614.33
511,8953.21,16526127.42,6272664.44,0.00,61614.33
512,8375.16,16501777.68,5799781.19,0.00,61614.33
513,8024.36,16471031.22,5593445.21,0.00,61614.33
514,7822.26,16454962.78,5616648.62,0.00,61614.33
515,8008.70,16097420.74,5721302.37,0.00,61614.33
516,8010.43,16145615.84,5788684.92,0.00,61614.33
517,8011.49,16439999.66,5546365.65,0.00,61614.33
518,7800.54,16403624.87,5660481.39,0.00,61614.33
519,8062.46,17416431.61,5647374.33,0.00,61614.33
520,9107.71,18157012.20,6248389.28,0.00,61614.33
521,9122.77,17479517.22,6817629.58,0.00,61614.33
522,9318.61,17173646.89,6897935.43,0.00,61614.33
523,9327.97,17691555.50,6968282.46,0.00,61614.33
524,9136.33,16882277.39,6448176.56,0.00,61614.33
525,9059.38,16449492.28,6237253.83,0.00,61614.33
526,9035.59,15813748.63,6096790.36,0.00,61614.33
527,8788.68,15565659.16,6201620.72,0.00,61614.33
528,8203.05,15074620.70,5072282.66,0.00,61614.33
529,7983.12,15203642.83,4977115.88,0.00,61614.33
530,8047.91,15084816.71,4832248.42,0.00,61614.33
531,7939.80,15848067.85,4884151.47,0.00,61614.33
532,8245.34,16326351.93,5311037.10,0.00,61614.33
533,8187.40,16383326.38,5280627.93,0.00,61614.33
534,8293.73,16462292.68,5458743.77,0.00,61614.33
535,8461.11,16320659.35,5705729.09,0.00,61614.33
536,7558.15,16509536.22,5257498.71,0.00,61614.33
537,7577.11,16532793.09,5161753.87,0.00,61614.33
538,7558.08,16320659.35,5130935.16,0.00,61614.33
539,7351.67,16431562.80,4911093.20,0.00,61614.33
540,7353.27,16226654.40,5106113.99,0.00,61614.33
541,7150.63,16006129.62,4891225.62,0.00,61614.33
542,6976.70,16012793.38,4915473.36,0.00,61614.33
543,7484.70,16320659.35,5140559.59,0.00,61614.33
544,8316.04,16498890.71,5739609.07,0.00,61614.33
545,8580.87,16723973.32,6403792.23,0.00,61614.33
546,8620.78,16382413.92,6299256.76,0.00,61614.33
547,8617.10,16331808.34,6042763.19,0.00,61614.33
548,8615.15,16320659.35,5972774.77,0.00,61614.33
549,8377.42,16079589.98,5868108.42,0.00,61614.33
550,8350.77,15565617.67,5772794.88,0.00,61614.33
551,8294.47,15068504.52,5627507.81,0.00,61614.33
552,9057.10,15261335.40,6579638.80,0.00,61614.33
553,9017.00,15163752.89,6115165.90,0.00,61614.33
554,9069.89,15208979.61,6035178.89,0.00,61614.33
555,8962.11,15327952.15,6091703.25,0.00,61614.33
556,8956.57,15566731.06,6239221.75,0.00,61614.33
557,9077.03,15846606.96,6346781.82,0.00,61614.33
558,9027.11,16216871.19,6395999.83,0.00,61614.33
559,9309.93,16532793.09,6633744.55,0.00,61614.33
560,8602.10,16532793.09,6348033.43,0.00,61614.33
561,8183.11,16532793.09,5573573.59,0.00,61614.33
562,8201.76,16532793.09,5890977.17,0.00,61614.33
563,8169.95,16532793.09,5921615.03,0.00,61614.33
564,8174.78,16532793.09,5988002.80,0.00,61614.33
565,8163.45,16532793.09,5787719.44,0.00,61614.33
566,8177.74,16532793.09,5662008.63,0.00,61614.33
567,8220.93,16532793.09,6052850.64,0.00,61614.33
568,9252.69,17136340.18,6821689.77,0.00,61614.33
569,9418.02,17635964.58,7220242.70,0.00,61614.33
570,9452.45,17411635.85,7504662.73,0.00,61614.33
571,9451.92,16716544.29,7406929.05,0.00,61614.33
572,9588.46,16532793.09,6893788.54,0.00,61614.33
573,9298.88,16532793.09,6812618.57,0.00,61614.33
574,9174.84,16166855.00,6918109.49,0.00,61614.33
575,9135.15,15650664.29,6585688.47,0.00,61614.33
576,8866.77,15300269.40,6776333.52,0.00,61614.33
577,8721.85,15083301.29,6253002.51,0.00,61614.33
578,8769.50,15045440.14,6096572.72,0.00,61614.33
579,8691.15,14978293.85,6163239.79,0.00,61614.33
580,8825.10,15162969.04,6229371.38,0.00,61614.33
581,8877.72,15257162.52,6238585.83,0.00,61614.33
582,8775.21,15794634.55,6418432.47,0.00,61614.33
583,8964.28,16261931.18,6590856.31,0.00,61614.33
584,9245.37,16532793.09,6089365.67,0.00,61614.33
585,9242.03,16532793.09,5318396.43,0.00,61614.33
586,8487.82,16532793.09,5631513.84,0.00,61614.33
587,8114.87,16791373.03,6142503.15,0.00,61614.33
588,8113.35,16997762.16,6012399.78,0.00,61614.33
589,8018.98,16532793.09,6124502.99,0.00,61614.33
590,8384.20,16532793.09,6223165.40,0.00,61614.33
591,8086.37,17236758.08,6464628.79,0.00,61614.33
592,9274.87,18477052.13,7254128.43,0.00,61614.33
593,9285.15,19029110.83,7877364.28,0.00,61614.33
594,9121.70,19239461.89,8246413.51,0.00,61614.33
595,9120.85,18677962.80,7733567.11,0.00,61614.33
596,9349.47,17734851.01,7504587.76,0.00,61614.33
597,9316.08,16532793.09,7203704.04,0.00,61614.33
598,9020.91,15921846.80,7041296.83,0.00,61614.33
599,8970.88,15505607.89,6836170.23,0.00,61614.33
600,15477.89,15225309.15,7595176.82,0.00,61614.33
601,15428.56,15232318.35,7411466.86,0.00,61614.33
602,15462.18,15272853.98,7527867.95,0.00,61614.33
603,15364.34,16121699.31,7849631.94,0.00,61614.33
604,15559.78,16941764.70,7998870.04,0.00,61614.33
605,15600.48,17418859.77,8157079.12,0.00,61614.33
606,15733.02,17681456.05,8083310.74,0.00,61614.33
607,15786.01,17242617.08,8149370.18,0.00,61614.33
608,15192.59,16941764.70,8113514.29,0.00,61614.33
609,15961.25,16941764.70,7835990.62,0.00,61614.33
610,15900.29,16822569.13,7768984.19,0.00,61614.33
611,15157.28,16742969.16,7722441.68,0.00,61614.33
612,15235.14,16780839.92,7674383.60,0.00,61614.33
613,15974.08,16738202.52,7379059.55,0.00,61614.33
614,15907.16,16764334.35,7470313.37,0.00,61614.33
615,15882.77,17944123.39,7783206.90,0.00,61614.33
616,15972.81,18720231.25,8484179.26,0.00,61614.33
617,16022.05,19254020.32,8962000.71,0.00,61614.33
618,16000.14,19154707.04,9239064.62,36.33,61614.33
619,15995.96,19200747.82,8977069.47,36.28,61614.33
620,16011.47,18601345.09,8583173.73,35.58,61614.33
621,15902.98,17693951.21,8857748.43,0.00,61614.33
622,15897.55,16941764.70,8399041.13,0.00,61614.33
623,15725.54,16820711.09,8244474.34,0.00,61614.33
624,15150.27,16532793.09,7752807.04,0.00,61614.33
625,15081.72,16532793.09,7362874.52,0.00,61614.33
626,15116.71,16532793.09,7344085.78,0.00,61614.33
627,15147.90,16532793.09,7514671.15,0.00,61614.33
628,13038.16,17415374.26,7453678.73,0.00,61614.33
629,13009.08,18100527.12,7182293.68,0.00,61614.33
630,13159.80,17950180.13,7671306.66,0.00,61614.33
631,15328.16,18100527.12,7610932.86,0.00,61614.33
632,15435.68,17904879.97,7297107.97,0.00,61614.33
633,14641.46,17380118.13,6459100.15,0.00,61614.33
634,14635.46,17352127.80,6854169.56,7.60,61614.33
635,14708.23,17011120.81,7292966.64,0.00,61614.33
636,15076.51,17223650.11,7433318.80,0.00,61614.33
637,14626.38,17506289.41,7348039.24,0.00,61614.33
638,14632.95,17677493.15,7533673.42,0.00,61614.33
639,14684.23,17527316.22,7692780.90,0.00,61614.33
640,15368.12,19031358.47,8081813.05,0.00,61614.33
641,15427.35,19628299.01,8766331.26,0.00,61614.33
642,15597.39,19719279.41,8582181.31,34.39,61614.33
643,15566.33,19275937.68,8774549.78,30.93,61614.33
644,15521.25,18871801.02,8253863.88,18.43,61614.33
645,15462.34,18100527.12,8292821.21,0.00,61614.33
646,15356.72,18022153.44,7928393.22,0.00,61614.33
647,15322.21,17366419.77,7978778.52,0.00,61614.33
648,9139.25,16830212.89,6352428.57,0.00,61614.33
649,8944.72,16649691.15,6109632.96,0.00,61614.33
650,9026.04,16486257.67,6179783.90,0.00,61614.33
651,9093.09,16433944.99,6210257.33,0.00,61614.33
652,9096.54,16659340.55,6376195.99,0.00,61614.33
653,9055.52,17590501.18,6511483.72,0.00,61614.33
654,9098.72,17969645.20,6902307.33,0.00,61614.33
655,9213.38,17689512.01,6791065.47,0.00,61614.33
656,9270.45,17624182.70,6620475.42,0.00,61614.33
657,9346.66,17561920.57,6340824.99,0.00,61614.33
658,8907.93,17737146.05,6301891.26,0.00,61614.33
659,8740.75,17479421.76,6347608.07,0.00,61614.33
660,8705.77,17748702.09,6091129.35,0.00,61614.33
661,8374.45,17479421.76,6001840.23,0.00,61614.33
662,8494.35,17928609.22,6108181.24,0.00,61614.33
663,9374.13,17964574.35,6441095.57,0.00,61614.33
664,9143.81,18522500.87,7266495.65,0.00,61614.33
665,9373.84,18655391.00,7299476.35,0.00,61614.33
666,9196.64,19082019.29,7468759.67,0.00,61614.33
667,9407.34,19057133.46,7144371.08,0.00,61614.33
668,9439.67,18300218.67,7089548.62,0.00,61614.33
669,9355.92,18012502.63,7245046.56,0.00,61614.33
670,9320.15,17664357.62,6847076.19,0.00,61614.33
671,9044.49,17462570.51,6641697.68,0.00,61614.33
