hour,biomass,coal,geothermal,natural gas,non-fossil,oil,waste
0,12131.07,13101060.47,95743.40,6022608.66,38624.07,0.00,127367.28
1,11776.20,13587756.50,95743.40,6078259.23,38624.07,0.00,127367.28
2,11930.40,14245376.70,95743.40,6261746.66,38624.07,0.00,127367.28
3,11847.14,14655642.23,95743.40,6506028.25,38624.07,0.00,127367.28
4,11924.66,15265073.09,95743.40,6350671.06,38624.07,0.00,127367.28
5,10244.75,16248478.43,95743.40,5980613.21,38624.07,0.00,127367.28
6,12055.13,16605238.77,95743.40,6322210.86,38624.07,0.00,127367.28
7,11376.75,16647520.33,95743.40,6166121.46,38624.07,0.00,127367.28
8,11177.76,15603169.49,95743.40,5959783.34,38624.07,0.00,127367.28
9,9493.96,15206885.67,95743.40,5632925.89,38624.07,0.00,127367.28
10,8912.24,16055050.96,95743.40,4812971.97,38624.07,0.00,127367.28
11,8833.37,15406782.08,95743.40,4988999.93,38624.07,0.00,127367.28
12,8862.39,15017908.41,95743.40,4605295.88,38624.07,0.00,127367.28
13,8774.23,15255711.03,95743.40,5305469.56,38624.07,0.00,127367.28
14,8789.94,14867490.37,95743.40,4641514.39,38624.07,0.00,127367.28
15,9884.76,15166748.38,95743.40,5453130.91,38624.07,0.00,127367.28
16,9226.38,14953725.33,95743.40,5397639.26,38624.07,0.00,127367.28
17,12176.34,16309478.78,95743.40,7250195.40,38624.07,0.00,127367.28
18,12662.94,17381432.64,95743.40,8442926.52,38624.07,0.00,127367.28
19,12674.95,17689946.55,95743.40,8595372.72,38624.07,0.00,127367.28
20,12310.84,16656963.12,95743.40,8443102.93,38624.07,0.00,127367.28
21,12168.07,14953125.58,95743.40,7926439.23,38624.07,0.00,127367.28
22,12128.61,14650293.14,95743.40,7522030.48,38624.07,0.00,127367.28
23,11812.37,13969684.65,95743.40,6764649.02,38624.07,0.00,127367.28
24,12052.64,13104123.82,95743.40,7301161.86,38624.07,2333.73,127367.28
25,12088.26,12575719.36,95743.40,6723712.30,38624.07,2333.73,127367.28
26,12168.47,13003480.86,95743.40,6330201.50,38624.07,2333.73,127367.28
27,11328.79,13754409.55,95743.40,6221859.21,38624.07,2333.73,127367.28
28,10367.52,15367823.18,95743.40,5876426.96,38624.07,2333.73,127367.28
29,12002.12,16387685.49,95743.40,6579325.64,38624.07,2333.73,127367.28
30,12173.09,17271971.76,95743.40,6959730.61,38624.07,2333.73,127367.28
31,11370.52,16996202.79,95743.40,7020461.54,38624.07,2333.73,127367.28
32,11576.36,16488585.55,95743.40,6565849.46,38624.07,2333.73,127367.28
33,11345.21,16939292.24,95743.40,6389585.53,38624.07,2333.73,127367.28
34,11432.79,17113435.51,95743.40,6559155.68,38624.07,2333.73,127367.28
35,11193.61,16914815.46,95743.40,6127708.60,38624.07,2333.73,127367.28
36,11374.19,17169509.51,95743.40,6520740.99,38624.07,2333.73,127367.28
37,11090.41,16758507.94,95743.40,6414707.39,38624.07,2333.73,127367.28
38,11196.51,17169682.56,95743.40,6313924.91,38624.07,2333.73,127367.28
39,11491.29,16938535.48,95743.40,6937466.18,38624.07,2333.73,127367.28
40,11923.99,17034165.34,95743.40,7262426.76,38624.07,2333.73,127367.28
41,12282.05,18375419.05,95743.40,8466457.86,38624.07,2333.73,127367.28
42,12178.08,18592861.32,95743.40,9574256.14,38624.07,2333.73,127367.28
43,12200.50,18398733.45,95743.40,9492211.97,38624.07,2333.73,127367.28
44,12311.14,17343684.92,95743.40,9385210.48,38624.07,2333.73,127367.28
45,12176.41,16347806.23,95743.40,9277144.24,38624.07,2333.73,127367.28
46,12235.41,16276523.48,95743.40,8998541.42,38624.07,2333.73,127367.28
47,12088.46,15681014.19,95743.40,8248289.59,38624.07,2333.73,127367.28
48,12025.24,14156594.04,95743.40,7279546.65,38624.07,2333.73,127367.28
49,12040.70,14176030.38,95743.40,6698427.88,38624.07,2333.73,127367.28
50,11922.07,14106940.03,95743.40,6835209.77,38624.07,2333.73,127367.28
51,10211.86,14302887.04,95743.40,6174098.50,38624.07,2333.73,127367.28
52,10306.89,14828897.67,95743.40,6027884.19,38624.07,2333.73,127367.28
53,10287.09,15282884.56,95743.40,6550908.09,38624.07,2333.73,127367.28
54,12050.30,15497221.23,95743.40,6740412.94,38624.07,2333.73,127367.28
55,12104.26,15444331.52,95743.40,6494515.94,38624.07,2333.73,127367.28
56,11354.21,15752377.02,95743.40,6397176.55,38624.07,2333.73,127367.28
57,11331.28,15065604.62,95743.40,5870241.59,38624.07,2333.73,127367.28
58,9655.78,15120728.43,95743.40,5457465.77,38624.07,2333.73,127367.28
59,9102.36,15607101.06,95743.40,5342613.38,38624.07,2333.73,127367.28
60,9379.53,15229173.06,95743.40,5459992.85,38624.07,2333.73,127367.28
61,9125.09,15985398.00,95743.40,5322595.64,38624.07,2333.73,127367.28
62,9025.93,15500315.33,95743.40,5228210.73,38624.07,2333.73,127367.28
63,9212.43,15265644.68,95743.40,5561028.81,38624.07,2333.73,127367.28
64,9955.86,15768806.21,95743.40,5771634.92,38624.07,2333.73,127367.28
65,12163.17,16052268.81,95743.40,7286630.70,38624.07,2333.73,127367.28
66,12657.58,16453959.75,95743.40,9083353.01,38624.07,2333.73,127367.28
67,12655.50,16469733.28,95743.40,9149982.61,38624.07,2333.73,127367.28
68,12642.58,16243915.59,95743.40,8948245.59,38624.07,2333.73,127367.28
69,12386.51,14954480.73,95743.40,8581752.62,38624.07,2333.73,127367.28
70,12117.89,13933337.80,95743.40,8251430.65,38624.07,2333.73,127367.28
71,12069.40,13299955.45,95743.40,7986574.79,38624.07,2333.73,127367.28
72,12727.68,12067991.34,95743.40,7562171.37,38624.07,0.00,127367.28
73,12686.89,10953480.95,95743.40,7316802.41,38624.07,0.00,127367.28
74,12676.71,11550812.37,95743.40,7126404.73,38624.07,0.00,127367.28
75,12668.84,11883160.79,95743.40,6799037.18,38624.07,0.00,127367.28
76,12570.56,12148776.61,95743.40,6426725.54,38624.07,0.00,127367.28
77,12695.62,13375254.33,95743.40,7004597.88,38624.07,0.00,127367.28
78,12727.64,14203788.58,95743.40,7171181.99,38624.07,0.00,127367.28
79,12765.70,14478873.61,95743.40,7144029.59,38624.07,0.00,127367.28
80,11895.84,13423418.85,95743.40,6274282.89,38624.07,0.00,127367.28
81,11907.73,14417148.25,95743.40,5691548.46,38624.07,0.00,127367.28
82,11152.38,14201946.21,95743.40,5349681.63,38624.07,0.00,127367.28
83,11558.33,15089692.41,95743.40,5595115.72,38624.07,0.00,127367.28
84,11463.19,15270431.31,95743.40,5693089.38,38624.07,0.00,127367.28
85,11503.28,14035600.84,95743.40,5889322.92,38624.07,0.00,127367.28
86,11442.30,14656080.93,95743.40,5804377.90,38624.07,0.00,127367.28
87,10927.35,14167941.69,95743.40,5918448.01,38624.07,0.00,127367.28
88,11525.26,15268190.91,95743.40,5912791.41,38624.07,0.00,127367.28
89,12780.10,15852568.69,95743.40,7597173.73,38624.07,0.00,127367.28
90,12665.70,16022243.47,95743.40,8985638.24,38624.07,0.00,127367.28
91,12667.49,14778553.74,95743.40,8973039.77,38624.07,0.00,127367.28
92,12775.04,13873171.95,95743.40,8877801.65,38624.07,0.00,127367.28
93,12660.03,14280091.49,95743.40,8859254.80,38624.07,0.00,127367.28
94,12618.50,13157310.17,95743.40,8409158.02,38624.07,0.00,127367.28
95,12597.58,12466788.04,95743.40,8170337.99,38624.07,0.00,127367.28
96,12026.65,12664820.87,95743.40,7215646.30,38624.07,0.00,127367.28
97,12041.69,12377703.13,95743.40,7063511.24,38624.07,0.00,127367.28
98,12005.25,12220907.53,95743.40,6750005.88,38624.07,0.00,127367.28
99,11907.62,11930930.92,95743.40,6775490.01,38624.07,0.00,127367.28
100,11997.68,12646926.93,95743.40,6805152.52,38624.07,0.00,127367.28
101,12053.66,12549083.18,95743.40,5966850.52,38624.07,0.00,127367.28
102,11778.42,12804511.57,95743.40,5910817.02,38624.07,0.00,127367.28
103,11846.67,14126624.97,95743.40,6009235.21,38624.07,0.00,127367.28
104,11276.61,14160051.49,95743.40,5381721.48,38624.07,0.00,127367.28
105,11135.71,13718914.76,95743.40,5449934.31,38624.07,0.00,127367.28
106,11150.68,13838759.57,95743.40,5295287.99,38624.07,0.00,127367.28
107,10000.62,12895722.87,95743.40,5215320.89,38624.07,0.00,127367.28
108,9260.31,13325117.18,95743.40,5124847.29,38624.07,0.00,127367.28
109,8966.98,13197714.66,95743.40,5170544.01,38624.07,0.00,127367.28
110,9171.61,13153120.72,95743.40,5099638.66,38624.07,0.00,127367.28
111,9514.95,13436361.14,95743.40,5395951.53,38624.07,0.00,127367.28
112,11868.76,13497969.23,95743.40,5542736.26,38624.07,0.00,127367.28
113,12165.13,14847526.99,95743.40,6276497.51,38624.07,0.00,127367.28
114,12189.60,15928310.42,95743.40,7126056.93,38624.07,0.00,127367.28
115,12200.11,16064677.58,95743.40,7196526.88,38624.07,0.00,127367.28
116,12190.09,14773383.96,95743.40,7166107.78,38624.07,0.00,127367.28
117,12157.95,13743295.74,95743.40,6695109.59,38624.07,0.00,127367.28
118,12119.61,13758295.13,95743.40,6398892.62,38624.07,0.00,127367.28
119,12038.51,13010616.91,95743.40,6168151.41,38624.07,0.00,127367.28
120,12102.72,12199979.59,95743.40,6965935.84,38624.07,2333.73,127367.28
121,12030.75,12399872.22,95743.40,6708218.62,38624.07,2333.73,127367.28
122,11994.53,11836932.58,95743.40,6868327.56,38624.07,2333.73,127367.28
123,11979.25,12266808.41,95743.40,6879335.40,38624.07,2333.73,127367.28
124,11991.14,12809197.13,95743.40,6683925.03,38624.07,2333.73,127367.28
125,11401.53,12317269.61,95743.40,6314337.24,38624.07,2333.73,127367.28
126,12137.42,13040259.67,95743.40,6868142.73,38624.07,2333.73,127367.28
127,12116.01,13617645.84,95743.40,7143063.59,38624.07,2333.73,127367.28
128,11349.57,13192012.67,95743.40,7205406.53,38624.07,2333.73,127367.28
129,10873.86,13233013.13,95743.40,6720307.16,38624.07,2333.73,127367.28
130,11331.04,13038253.58,95743.40,6811730.85,38624.07,2333.73,127367.28
131,11326.20,13083576.12,95743.40,6764229.22,38624.07,2333.73,127367.28
132,10149.83,13329187.33,95743.40,6155325.28,38624.07,2333.73,127367.28
133,10838.10,12813195.89,95743.40,6151123.90,38624.07,2333.73,127367.28
134,9859.77,13230601.57,95743.40,6478825.12,38624.07,2333.73,127367.28
135,11385.54,13243679.65,95743.40,7583379.53,38624.07,2333.73,127367.28
136,12126.15,13291911.53,95743.40,7792270.23,38624.07,2333.73,127367.28
137,12158.45,14395636.40,95743.40,8427135.36,38624.07,2333.73,127367.28
138,12649.83,14823652.36,95743.40,8732893.91,38624.07,2333.73,127367.28
139,12649.08,14715647.52,95743.40,9120901.53,38624.07,2333.73,127367.28
140,12636.57,13695298.30,95743.40,8697697.90,38624.07,2333.73,127367.28
141,12147.76,13424311.37,95743.40,8235426.01,38624.07,2333.73,127367.28
142,12109.45,12525036.04,95743.40,7885873.10,38624.07,2333.73,127367.28
143,12055.24,11955206.88,95743.40,7504161.84,38624.07,2333.73,127367.28
144,12096.11,11899441.54,95743.40,7370812.95,38624.07,2333.73,127367.28
145,11772.84,11773422.53,95743.40,7281124.56,38624.07,2333.73,127367.28
146,11734.81,11933992.07,95743.40,7456327.96,38624.07,2333.73,127367.28
147,11911.68,12356087.75,95743.40,7193525.77,38624.07,2333.73,127367.28
148,11814.25,13323059.63,95743.40,7169750.72,38624.07,2333.73,127367.28
149,11698.63,14650567.56,95743.40,7542438.97,38624.07,2333.73,127367.28
150,11779.49,15278222.32,95743.40,7780938.10,38624.07,2333.73,127367.28
151,11095.97,15391369.79,95743.40,7880351.71,38624.07,2333.73,127367.28
152,9312.57,15352954.22,95743.40,6243596.87,38624.07,2333.73,127367.28
153,10662.20,15199366.10,95743.40,6422916.72,38624.07,2333.73,127367.28
154,10287.09,14886093.90,95743.40,6372364.74,38624.07,2333.73,127367.28
155,10284.95,15478420.16,95743.40,6648563.90,38624.07,2333.73,127367.28
156,10237.48,14637881.24,95743.40,6491891.62,38624.07,2333.73,127367.28
157,8765.79,14554309.30,95743.40,6357465.91,38624.07,2333.73,127367.28
158,8780.88,14390444.08,95743.40,5971311.43,38624.07,2333.73,127367.28
159,8768.46,14456406.65,95743.40,6493352.01,38624.07,2333.73,127367.28
160,9219.00,14918584.93,95743.40,6277366.55,38624.07,2333.73,127367.28
161,11899.31,15717243.88,95743.40,7787509.52,38624.07,2333.73,127367.28
162,12195.16,16402651.26,95743.40,8749441.30,38624.07,2333.73,127367.28
163,12206.02,16639292.29,95743.40,9211130.52,38624.07,2333.73,127367.28
164,12196.40,15642417.12,95743.40,8621909.10,38624.07,2333.73,127367.28
165,12116.51,14295633.53,95743.40,8557879.35,38624.07,2333.73,127367.28
166,12123.88,13883851.53,95743.40,7731367.10,38624.07,2333.73,127367.28
167,11806.43,13774685.53,95743.40,7521061.65,38624.07,2333.73,127367.28
168,5162.18,10352771.34,95743.40,5763630.34,38624.07,0.00,127367.28
169,5098.86,9278802.01,95743.40,5324268.93,38624.07,0.00,127367.28
170,4970.10,9476732.28,95743.40,5036139.05,38624.07,0.00,127367.28
171,4924.15,10520410.73,95743.40,5106937.15,38624.07,0.00,127367.28
172,5139.52,10922433.29,95743.40,4974744.84,38624.07,0.00,127367.28
173,4910.50,11952241.72,95743.40,5034875.55,38624.07,0.00,127367.28
174,4316.80,11720442.11,95743.40,4994342.49,38624.07,0.00,127367.28
175,4234.48,12969261.22,95743.40,5109488.11,38624.07,0.00,127367.28
176,4100.10,12701572.08,95743.40,5034002.45,38624.07,0.00,127367.28
177,4351.94,12889943.51,95743.40,5792657.58,38624.07,0.00,127367.28
178,4282.46,12926362.39,95743.40,5902948.09,38624.07,0.00,127367.28
179,3869.71,12943710.86,95743.40,4894272.32,38624.07,0.00,127367.28
180,4428.95,13300990.41,95743.40,5386068.71,38624.07,0.00,127367.28
181,4353.50,12521537.55,95743.40,5278681.26,38624.07,0.00,127367.28
182,4371.56,12955171.96,95743.40,5118786.80,38624.07,0.00,127367.28
183,4722.36,12534840.17,95743.40,5043193.56,38624.07,0.00,127367.28
184,6643.84,12212310.66,95743.40,5364779.27,38624.07,0.00,127367.28
185,6638.61,11977044.38,95743.40,5750590.17,38624.07,0.00,127367.28
186,7368.00,13099903.86,95743.40,6914048.99,38624.07,0.00,127367.28
187,7383.00,12435564.23,95743.40,7993066.78,38624.07,0.00,127367.28
188,7417.04,13116597.30,95743.40,7666482.16,38624.07,0.00,127367.28
189,7380.72,11656429.71,95743.40,7249394.27,38624.07,0.00,127367.28
190,7302.80,11040569.91,95743.40,6790114.48,38624.07,0.00,127367.28
191,5275.49,9887489.24,95743.40,6360072.82,38624.07,0.00,127367.28
192,5157.78,9107600.09,95743.40,5198765.42,38624.07,0.00,127367.28
193,5086.29,8351006.35,95743.40,4977950.05,38624.07,0.00,127367.28
194,5046.61,8711026.43,95743.40,4915435.53,38624.07,0.00,127367.28
195,5007.53,9441699.81,95743.40,4938042.19,38624.07,0.00,127367.28
196,4893.09,10867096.52,95743.40,4882835.49,38624.07,0.00,127367.28
197,4876.19,11590489.00,95743.40,4916650.09,38624.07,0.00,127367.28
198,4144.18,12395918.03,95743.40,4762265.59,38624.07,0.00,127367.28
199,4319.39,12786755.55,95743.40,5319384.00,38624.07,0.00,127367.28
200,4307.52,13601367.32,95743.40,5210347.35,38624.07,0.00,127367.28
201,4092.72,13857681.22,95743.40,5104628.74,38624.07,0.00,127367.28
202,3774.68,13731153.39,95743.40,5142960.03,38624.07,0.00,127367.28
203,3923.18,13649953.28,95743.40,5326892.67,38624.07,0.00,127367.28
204,4024.00,13466252.59,95743.40,5331870.57,38624.07,0.00,127367.28
205,4185.94,13881739.89,95743.40,5732776.54,38624.07,0.00,127367.28
206,4252.15,12996360.08,95743.40,5525927.42,38624.07,0.00,127367.28
207,4326.57,13690588.62,95743.40,5478779.21,38624.07,0.00,127367.28
208,5021.59,13048430.56,95743.40,5565829.86,38624.07,0.00,127367.28
209,5061.27,13262494.68,95743.40,5508724.43,38624.07,0.00,127367.28
210,5456.54,13862957.05,95743.40,5943638.03,38624.07,0.00,127367.28
211,7372.14,13522571.82,95743.40,6857947.01,38624.07,0.00,127367.28
212,7380.07,13239743.30,95743.40,6754376.02,38624.07,0.00,127367.28
213,7379.87,11601230.63,95743.40,6342411.63,38624.07,0.00,127367.28
214,5351.27,10681801.14,95743.40,5665482.04,38624.07,0.00,127367.28
215,5254.24,10390337.92,95743.40,5179218.84,38624.07,0.00,127367.28
216,7073.31,9227700.64,95743.40,5055823.36,38624.07,0.00,127367.28
217,7113.42,9023347.78,95743.40,4945753.45,38624.07,0.00,127367.28
218,7023.42,9715548.84,95743.40,4734452.41,38624.07,0.00,127367.28
219,6903.59,10182936.89,95743.40,4771339.58,38624.07,0.00,127367.28
220,6866.78,10681218.87,95743.40,4661729.79,38624.07,0.00,127367.28
221,6897.62,10624251.65,95743.40,4793626.88,38624.07,0.00,127367.28
222,6170.51,11920769.85,95743.40,5024460.04,38624.07,0.00,127367.28
223,6315.65,12876876.64,95743.40,5372194.85,38624.07,0.00,127367.28
224,6247.06,12823126.60,95743.40,5161926.87,38624.07,0.00,127367.28
225,6272.77,13701654.40,95743.40,5239529.85,38624.07,0.00,127367.28
226,6392.41,13099759.34,95743.40,4790930.31,38624.07,0.00,127367.28
227,6481.67,12534543.54,95743.40,4692566.20,38624.07,0.00,127367.28
228,6533.57,12170027.43,95743.40,5127488.27,38624.07,0.00,127367.28
229,6597.26,12357272.68,95743.40,5168447.64,38624.07,0.00,127367.28
230,6651.72,11939950.10,95743.40,5068167.17,38624.07,0.00,127367.28
231,6653.11,12573809.63,95743.40,5427869.82,38624.07,0.00,127367.28
232,6694.26,12165473.56,95743.40,5953578.01,38624.07,0.00,127367.28
233,6662.65,12835845.19,95743.40,6280475.45,38624.07,0.00,127367.28
234,7591.59,12820618.82,95743.40,7562764.50,38624.07,4532.05,127367.28
235,7587.86,13467541.58,95743.40,8764079.41,38624.07,4479.70,127367.28
236,7586.89,12639183.98,95743.40,8753581.82,38624.07,4426.05,127367.28
237,7542.32,11490541.82,95743.40,8297869.31,38624.07,4285.17,127367.28
238,7398.58,10632723.98,95743.40,6969105.16,38624.07,0.00,127367.28
239,7382.54,9953414.47,95743.40,5897229.94,38624.07,0.00,127367.28
240,7480.01,9121453.33,95743.40,5677456.58,38624.07,0.00,127367.28
241,7337.57,9383337.20,95743.40,5487086.35,38624.07,0.00,127367.28
242,7448.23,8211658.20,95743.40,5161881.87,38624.07,0.00,127367.28
243,7315.08,8687324.73,95743.40,4841943.70,38624.07,0.00,127367.28
244,7322.97,8710924.95,95743.40,4866361.65,38624.07,0.00,127367.28
245,7458.37,9576561.03,95743.40,5039313.61,38624.07,0.00,127367.28
246,6621.93,10294239.41,95743.40,5108254.68,38624.07,0.00,127367.28
247,6631.70,10990686.59,95743.40,5297305.40,38624.07,0.00,127367.28
248,6663.82,11811006.60,95743.40,5582079.86,38624.07,0.00,127367.28
249,6668.45,11970917.51,95743.40,5738694.74,38624.07,0.00,127367.28
250,6401.86,11794204.79,95743.40,5518469.24,38624.07,0.00,127367.28
251,6604.86,11774709.91,95743.40,5239763.67,38624.07,0.00,127367.28
252,6666.05,11854029.89,95743.40,5313665.11,38624.07,0.00,127367.28
253,6791.22,11619675.99,95743.40,5625904.77,38624.07,0.00,127367.28
254,6670.71,12019094.62,95743.40,5689562.76,38624.07,0.00,127367.28
255,6684.04,11991599.69,95743.40,5718332.86,38624.07,0.00,127367.28
256,6649.91,12410277.82,95743.40,6214884.59,38624.07,0.00,127367.28
257,7458.02,12518087.06,95743.40,6556952.43,38624.07,0.00,127367.28
258,7590.31,12828907.28,95743.40,7477327.30,38624.07,0.00,127367.28
259,7470.07,13257227.60,95743.40,8185086.62,38624.07,0.00,127367.28
260,7588.10,12968044.53,95743.40,8120567.24,38624.07,0.00,127367.28
261,7458.08,11489301.58,95743.40,7631243.80,38624.07,0.00,127367.28
262,7399.96,11354539.68,95743.40,7407271.40,38624.07,0.00,127367.28
263,7464.21,11030347.31,95743.40,6798632.26,38624.07,0.00,127367.28
264,5164.92,10862129.29,95743.40,5592216.55,38624.07,0.00,127367.28
265,5235.16,10665339.88,95743.40,5633252.74,38624.07,0.00,127367.28
266,5076.42,10272043.64,95743.40,5460443.99,38624.07,0.00,127367.28
267,5161.98,9920907.92,95743.40,5230242.72,38624.07,0.00,127367.28
268,5192.56,9755613.97,95743.40,5011811.40,38624.07,0.00,127367.28
269,4917.43,10191904.59,95743.40,4969498.91,38624.07,0.00,127367.28
270,4175.85,10485769.90,95743.40,5182602.62,38624.07,0.00,127367.28
271,4379.94,11974275.91,95743.40,5345313.98,38624.07,0.00,127367.28
272,4275.95,12675095.58,95743.40,5634393.96,38624.07,0.00,127367.28
273,4227.38,12443650.91,95743.40,5758972.08,38624.07,0.00,127367.28
274,4184.97,12859498.42,95743.40,5694514.90,38624.07,0.00,127367.28
275,4346.87,13503516.55,95743.40,5872700.33,38624.07,0.00,127367.28
276,4498.02,13798619.40,95743.40,5908260.82,38624.07,0.00,127367.28
277,6073.70,14120752.14,95743.40,5626462.96,38624.07,0.00,127367.28
278,6015.72,14760970.70,95743.40,5825188.54,38624.07,0.00,127367.28
279,4741.37,14762099.76,95743.40,5898989.50,38624.07,48551.03,127367.28
280,4998.53,15130360.66,95743.40,6157797.04,38624.07,0.00,127367.28
281,4801.10,14294538.98,95743.40,6328020.65,38624.07,0.00,127367.28
282,7427.24,14708165.34,95743.40,6917945.12,38624.07,0.00,127367.28
283,7477.98,14741174.99,95743.40,8123197.57,38624.07,0.00,127367.28
284,7422.74,13777077.93,95743.40,7661313.28,38624.07,0.00,127367.28
285,7024.26,12842268.25,95743.40,7215408.29,38624.07,0.00,127367.28
286,7001.97,11262360.27,95743.40,6502022.12,38624.07,0.00,127367.28
287,5362.24,10612203.58,95743.40,5441605.96,38624.07,0.00,127367.28
288,7082.66,10584091.14,95743.40,5160296.08,38624.07,0.00,127367.28
289,7119.19,9401312.50,95743.40,5130735.95,38624.07,0.00,127367.28
290,7022.26,9079476.20,95743.40,4995203.83,38624.07,0.00,127367.28
291,6896.03,9620458.79,95743.40,5080334.19,38624.07,0.00,127367.28
292,6873.03,10596036.23,95743.40,5017216.73,38624.07,0.00,127367.28
293,6895.20,11738842.38,95743.40,5121204.51,38624.07,0.00,127367.28
294,6170.64,12139438.40,95743.40,5362284.75,38624.07,0.00,127367.28
295,6218.76,13348853.08,95743.40,5587764.68,38624.07,0.00,127367.28
296,6326.74,14687005.16,95743.40,5527034.59,38624.07,0.00,127367.28
297,5927.38,14943081.03,95743.40,5798647.20,38624.07,0.00,127367.28
298,5876.14,15344957.87,95743.40,5883845.33,38624.07,0.00,127367.28
299,6070.95,15046241.96,95743.40,5921918.23,38624.07,0.00,127367.28
300,6057.18,15440444.47,95743.40,6355224.22,38624.07,0.00,127367.28
301,6147.46,15165025.27,95743.40,6634392.95,38624.07,0.00,127367.28
302,6640.74,15374774.27,95743.40,6507490.06,38624.07,0.00,127367.28
303,6647.17,15272122.34,95743.40,6610922.58,38624.07,0.00,127367.28
304,6648.90,14826078.87,95743.40,6696825.13,38624.07,0.00,127367.28
305,6657.37,15162771.38,95743.40,7162981.41,38624.07,0.00,127367.28
306,7400.93,15096148.29,95743.40,7524474.88,38624.07,0.00,127367.28
307,7388.15,15342337.32,95743.40,8019758.85,38624.07,0.00,127367.28
308,7391.87,15256209.82,95743.40,7452106.11,38624.07,0.00,127367.28
309,7399.69,14681804.45,95743.40,6999501.24,38624.07,0.00,127367.28
310,7347.63,11275361.87,95743.40,6282068.85,38624.07,0.00,127367.28
311,7213.31,9563490.48,95743.40,5319653.97,38624.07,0.00,127367.28
312,7349.52,9115033.67,95743.40,5796172.68,38624.07,0.00,127367.28
313,7348.45,7759532.16,95743.40,5633041.42,38624.07,0.00,127367.28
314,7456.39,7270349.57,95743.40,5534717.94,38624.07,0.00,127367.28
315,7320.87,7884697.03,95743.40,5284645.23,38624.07,0.00,127367.28
316,7330.36,8452090.79,95743.40,5350871.89,38624.07,0.00,127367.28
317,7457.34,10067235.81,95743.40,5245719.15,38624.07,0.00,127367.28
318,6647.05,10047693.43,95743.40,5489647.96,38624.07,0.00,127367.28
319,6674.08,10659683.62,95743.40,5708397.63,38624.07,0.00,127367.28
320,6808.14,11828338.74,95743.40,5980065.06,38624.07,0.00,127367.28
321,6682.14,11839622.00,95743.40,6099821.65,38624.07,0.00,127367.28
322,6676.16,12118009.40,95743.40,6195243.83,38624.07,0.00,127367.28
323,6682.50,11888497.13,95743.40,6270200.39,38624.07,0.00,127367.28
324,6801.09,12917141.36,95743.40,6106756.15,38624.07,0.00,127367.28
325,6681.95,12547593.48,95743.40,6026833.86,38624.07,0.00,127367.28
326,6653.60,12918434.93,95743.40,6651230.42,38624.07,0.00,127367.28
327,6694.36,13798997.14,95743.40,6866894.10,38624.07,0.00,127367.28
328,6651.55,14950317.49,95743.40,7149832.23,38624.07,0.00,127367.28
329,6681.61,14528230.49,95743.40,7244496.03,38624.07,0.00,127367.28
330,7530.76,15072465.75,95743.40,7941254.48,38624.07,0.00,127367.28
331,7404.90,14970557.68,95743.40,8303827.02,38624.07,0.00,127367.28
332,7415.82,13055835.29,95743.40,8162150.40,38624.07,0.00,127367.28
333,7393.87,11492495.43,95743.40,7693784.88,38624.07,0.00,127367.28
334,7380.57,10759658.58,95743.40,7040847.81,38624.07,0.00,127367.28
335,7436.18,9581534.34,95743.40,6336119.25,38624.07,0.00,127367.28
336,12817.75,17911234.09,95743.40,11475592.63,38624.07,142906.28,127367.28
337,12817.75,17611092.61,95743.40,10940629.11,38624.07,69365.33,127367.28
338,12817.75,17748438.81,95743.40,10904853.12,38624.07,64354.25,127367.28
339,12817.75,18130776.63,95743.40,10407696.53,38624.07,91467.36,127367.28
340,12851.56,18661252.39,95743.40,10224433.40,38624.07,298822.04,127367.28
341,12817.75,19636026.94,95743.40,10577110.08,38624.07,486422.49,127367.28
342,12817.75,20516099.32,95743.40,10943783.65,38624.07,486422.49,127367.28
343,12066.62,20882288.95,95743.40,10204847.51,38624.07,486422.49,127367.28
344,12066.62,21273703.71,95743.40,11925355.57,38624.07,487537.17,127367.28
345,12066.62,21144348.86,95743.40,12742425.27,38624.07,489896.88,127367.28
346,12066.62,21414104.89,95743.40,12770471.73,38624.07,486422.49,127367.28
347,12066.62,21310899.47,95743.40,12956000.76,38624.07,487392.16,127367.28
348,12066.62,21254924.68,95743.40,13872389.77,38624.07,490698.98,127367.28
349,12066.62,21710285.90,95743.40,14248179.78,38624.07,601856.59,127367.28
350,12096.94,21578850.22,95743.40,14364672.02,38624.07,687640.31,127367.28
351,12114.68,21661686.19,95743.40,14765901.02,38624.07,696155.54,127367.28
352,12066.62,21832249.22,95743.40,15332350.32,38624.07,699589.15,127367.28
353,13612.33,21426942.01,95743.40,16660710.75,38624.07,706719.59,127367.28
354,13612.33,21695716.91,95743.40,17975787.81,38624.07,705886.35,127367.28
355,13612.33,21571474.04,95743.40,17833763.92,38624.07,698572.13,127367.28
356,13612.33,21080859.19,95743.40,16708023.71,38624.07,691043.17,127367.28
357,13612.33,19850571.17,95743.40,15081276.72,38624.07,677891.09,127367.28
358,12817.75,18534397.35,95743.40,13387190.94,38624.07,673429.44,127367.28
359,12817.75,17463888.28,95743.40,12252089.90,38624.07,486422.49,127367.28
360,12817.75,16999481.96,95743.40,11376460.67,38624.07,437286.79,127367.28
361,12817.75,17015370.97,95743.40,10711653.29,38624.07,309351.38,127367.28
362,12817.75,16756882.90,95743.40,10465799.35,38624.07,258553.69,127367.28
363,12817.75,16680600.69,95743.40,10171628.56,38624.07,393865.24,127367.28
364,12817.75,17372916.23,95743.40,10165142.20,38624.07,488756.22,127367.28
365,12836.16,18070221.08,95743.40,10412019.01,38624.07,488756.22,127367.28
366,12817.75,18808998.40,95743.40,10273500.41,38624.07,488756.22,127367.28
367,12352.70,19044558.72,95743.40,11643705.68,38624.07,488756.22,127367.28
368,12066.62,19899767.31,95743.40,11957315.10,38624.07,491592.27,127367.28
369,12089.36,20945127.85,95743.40,12160491.95,38624.07,492620.23,127367.28
370,12084.77,20881504.09,95743.40,12385880.46,38624.07,492848.99,127367.28
371,12683.59,20945127.85,95743.40,12657482.41,38624.07,494353.24,127367.28
372,12477.53,21375880.00,95743.40,14001488.30,38624.07,498792.02,127367.28
373,12525.25,21547166.30,95743.40,13772455.06,38624.07,624703.00,127367.28
374,12066.62,21551586.29,95743.40,13873111.71,38624.07,694907.07,127367.28
375,12114.42,21092635.65,95743.40,14238265.32,38624.07,702159.41,127367.28
376,13612.33,20983519.09,95743.40,14620989.92,38624.07,704369.72,127367.28
377,13612.33,21041312.65,95743.40,16172157.34,38624.07,761147.92,127367.28
378,13612.33,21067261.87,95743.40,17758238.04,38624.07,762416.40,127367.28
379,13612.33,20967900.88,95743.40,17515733.53,38624.07,748433.67,127367.28
380,13612.33,20666076.63,95743.40,16876628.80,38624.07,738094.37,127367.28
381,13612.33,18790418.94,95743.40,15961503.36,38624.07,723013.06,127367.28
382,13612.33,18073609.62,95743.40,14091401.78,38624.07,538487.35,127367.28
383,12817.75,16535029.88,95743.40,13371089.06,38624.07,6071.46,127367.28
384,13612.33,15355671.17,95743.40,11536294.13,38624.07,1455.43,127367.28
385,13612.33,14883782.97,95743.40,10476536.71,38624.07,0.00,127367.28
386,13612.33,14740735.51,95743.40,10260882.37,38624.07,0.00,127367.28
387,13612.33,14588137.91,95743.40,10928841.31,38624.07,0.00,127367.28
388,13612.33,14887089.74,95743.40,10901322.04,38624.07,0.00,127367.28
389,13612.33,14980328.46,95743.40,10957809.54,38624.07,0.00,127367.28
390,13612.33,15751730.56,95743.40,10864977.76,38624.07,2072.39,127367.28
391,13612.33,17127609.32,95743.40,9931768.05,38624.07,490278.19,127367.28
392,12277.74,18201319.81,95743.40,9099225.31,38624.07,490511.09,127367.28
393,12269.20,18519410.93,95743.40,10066070.69,38624.07,490646.11,127367.28
394,12861.21,17815988.10,95743.40,11502090.05,38624.07,491646.79,127367.28
395,12861.21,19127479.73,95743.40,12327608.13,38624.07,495994.12,127367.28
396,12861.21,18931847.92,95743.40,12628799.65,38624.07,498730.00,127367.28
397,12861.21,19618367.65,95743.40,13089287.64,38624.07,689415.28,127367.28
398,12861.21,19312366.20,95743.40,13332573.29,38624.07,694124.24,127367.28
399,12861.21,20179276.74,95743.40,13610281.60,38624.07,758166.62,127367.28
400,12861.21,20262792.58,95743.40,14154727.32,38624.07,759867.04,127367.28
401,13612.33,20084732.69,95743.40,15701484.73,38624.07,763330.59,127367.28
402,13612.33,20370999.18,95743.40,16970482.67,38624.07,818763.06,127367.28
403,13612.33,20314159.41,95743.40,16239642.77,38624.07,751841.22,127367.28
404,13612.33,19880701.94,95743.40,14915396.32,38624.07,741289.53,127367.28
405,13612.33,18517939.44,95743.40,13372518.82,38624.07,681045.81,127367.28
406,13612.33,17356573.72,95743.40,12039011.90,38624.07,457632.79,127367.28
407,13612.33,16557793.49,95743.40,11289861.31,38624.07,59785.49,127367.28
408,12817.75,15800977.16,95743.40,10684896.58,38624.07,0.00,127367.28
409,12817.75,15249073.01,95743.40,10514180.41,38624.07,0.00,127367.28
410,12817.75,15178141.36,95743.40,10319002.91,38624.07,0.00,127367.28
411,12817.75,15394546.19,95743.40,10110508.84,38624.07,0.00,127367.28
412,12817.75,15491336.54,95743.40,9989113.47,38624.07,0.00,127367.28
413,12817.75,15571974.84,95743.40,10203030.16,38624.07,0.00,127367.28
414,12817.75,16695841.24,95743.40,10086418.20,38624.07,0.00,127367.28
415,12817.75,17318458.31,95743.40,8800038.50,38624.07,54351.66,127367.28
416,12817.75,18740113.03,95743.40,9299139.99,38624.07,337336.22,127367.28
417,12817.75,18777164.70,95743.40,10001555.78,38624.07,490579.23,127367.28
418,12817.75,19309539.30,95743.40,10584202.95,38624.07,491472.81,127367.28
419,12066.62,19902056.06,95743.40,11001835.78,38624.07,496278.78,127367.28
420,12160.48,19413703.01,95743.40,11690690.37,38624.07,491176.18,127367.28
421,12352.40,20370999.18,95743.40,12134949.50,38624.07,690553.84,127367.28
422,12069.96,19846106.53,95743.40,12219615.80,38624.07,695375.30,127367.28
423,12066.62,20620912.33,95743.40,12694844.82,38624.07,703114.58,127367.28
424,12474.36,20477922.94,95743.40,12894565.07,38624.07,705806.91,127367.28
425,13612.33,20467232.03,95743.40,14082265.98,38624.07,710421.54,127367.28
426,13612.33,20488764.69,95743.40,15436804.07,38624.07,709889.35,127367.28
427,13612.33,20438418.67,95743.40,15454126.65,38624.07,702817.15,127367.28
428,13612.33,19693640.73,95743.40,14315115.35,38624.07,695077.41,127367.28
429,12817.75,18602060.75,95743.40,12662267.33,38624.07,679595.99,127367.28
430,12817.75,16612789.07,95743.40,11256798.74,38624.07,486422.49,127367.28
431,12817.75,15592385.76,95743.40,10371485.33,38624.07,206102.24,127367.28
432,12817.75,14289273.55,95743.40,9467179.43,38624.07,99830.55,127367.28
433,12817.75,14084748.05,95743.40,9141975.47,38624.07,0.00,127367.28
434,12817.75,14143343.21,95743.40,8771774.99,38624.07,0.00,127367.28
435,12817.75,14981752.44,95743.40,8792459.81,38624.07,0.00,127367.28
436,12851.57,14595562.64,95743.40,8546500.63,38624.07,0.00,127367.28
437,12817.75,14578848.06,95743.40,8983913.25,38624.07,0.00,127367.28
438,12817.75,15509551.66,95743.40,9259889.89,38624.07,0.00,127367.28
439,12817.75,16064070.82,95743.40,9174396.76,38624.07,99830.55,127367.28
440,12817.75,17127392.87,95743.40,9176877.17,38624.07,486422.49,127367.28
441,12817.75,18255577.79,95743.40,9571231.71,38624.07,488226.18,127367.28
442,12817.75,18249729.79,95743.40,9911783.28,38624.07,490857.35,127367.28
443,12817.75,19249924.05,95743.40,10550336.43,38624.07,490948.74,127367.28
444,12817.75,19365163.62,95743.40,11191880.14,38624.07,491037.79,127367.28
445,12066.62,19440309.38,95743.40,11254848.01,38624.07,678208.58,127367.28
446,12066.62,19835617.25,95743.40,11127914.81,38624.07,691227.49,127367.28
447,12066.62,19137807.82,95743.40,11379975.99,38624.07,698681.05,127367.28
448,12066.62,19372196.66,95743.40,11876252.89,38624.07,701041.15,127367.28
449,13612.33,19867690.92,95743.40,13374708.54,38624.07,705127.15,127367.28
450,13612.33,20296604.48,95743.40,15115539.20,38624.07,704975.12,127367.28
451,13612.33,20308747.65,95743.40,15086761.00,38624.07,698796.77,127367.28
452,13612.33,19050162.47,95743.40,14709629.63,38624.07,692211.52,127367.28
453,13612.33,18562982.01,95743.40,13617961.75,38624.07,677958.38,127367.28
454,12855.28,17168432.09,95743.40,11657962.05,38624.07,269249.51,127367.28
455,12817.75,16099718.35,95743.40,9983609.31,38624.07,0.00,127367.28
456,12817.75,15025501.54,95743.40,11457976.38,38624.07,2333.73,127367.28
457,12817.75,14030527.56,95743.40,11118544.06,38624.07,2333.73,127367.28
458,12859.70,13484137.61,95743.40,10794619.47,38624.07,2333.73,127367.28
459,12817.75,14096749.52,95743.40,10636360.91,38624.07,2333.73,127367.28
460,12817.75,15810364.58,95743.40,10464257.81,38624.07,2333.73,127367.28
461,12817.75,17322824.55,95743.40,10786670.83,38624.07,2333.73,127367.28
462,12817.75,18261950.00,95743.40,11313019.90,38624.07,221029.27,127367.28
463,12066.62,19149655.28,95743.40,11958786.03,38624.07,454986.70,127367.28
464,12066.62,20692332.10,95743.40,12568191.87,38624.07,488756.22,127367.28
465,12066.62,21014404.08,95743.40,12982554.31,38624.07,492997.76,127367.28
466,12066.62,20887022.49,95743.40,13627346.63,38624.07,493110.08,127367.28
467,12066.62,21068972.52,95743.40,13839334.25,38624.07,493241.95,127367.28
468,12066.62,21168443.43,95743.40,14146930.61,38624.07,586853.91,127367.28
469,12066.62,21257223.34,95743.40,14662818.99,38624.07,689034.24,127367.28
470,12160.92,21584703.00,95743.40,14959876.60,38624.07,690983.38,127367.28
471,12066.62,21688796.55,95743.40,15059839.07,38624.07,698275.42,127367.28
472,12817.75,21460686.14,95743.40,14648371.27,38624.07,701618.63,127367.28
473,13612.33,21576459.62,95743.40,15857035.28,38624.07,705768.93,127367.28
474,13612.33,21935541.30,95743.40,17456069.86,38624.07,701302.18,127367.28
475,13612.33,21741554.49,95743.40,17965958.99,38624.07,699028.34,127367.28
476,13612.33,21590875.84,95743.40,17099909.44,38624.07,692268.09,127367.28
477,12817.75,19604323.12,95743.40,15391173.14,38624.07,680155.83,127367.28
478,12817.75,17829136.77,95743.40,13542432.83,38624.07,559142.82,127367.28
479,12817.75,16874082.59,95743.40,12697798.24,38624.07,2333.73,127367.28
480,12883.83,15306953.34,95743.40,11481540.16,38624.07,2333.73,127367.28
481,12817.75,14271178.15,95743.40,10821393.28,38624.07,2333.73,127367.28
482,12817.75,13576013.24,95743.40,10238666.33,38624.07,2333.73,127367.28
483,12817.75,14204909.77,95743.40,10136059.15,38624.07,2333.73,127367.28
484,12851.53,15866004.11,95743.40,9931191.27,38624.07,2333.73,127367.28
485,12836.20,17482842.97,95743.40,10367544.85,38624.07,2333.73,127367.28
486,12817.75,18328100.22,95743.40,10544937.93,38624.07,188863.62,127367.28
487,12817.75,18937892.55,95743.40,11112800.27,38624.07,488756.22,127367.28
488,12817.75,19850928.24,95743.40,12873838.21,38624.07,488756.22,127367.28
489,12840.54,19646989.68,95743.40,13768786.31,38624.07,490333.50,127367.28
490,12835.97,19850824.97,95743.40,13941115.12,38624.07,491833.95,127367.28
491,12817.75,19831144.75,95743.40,14694063.71,38624.07,492589.09,127367.28
492,12835.04,20356377.23,95743.40,15156164.17,38624.07,679426.67,127367.28
493,12845.16,20423808.43,95743.40,15430887.54,38624.07,679542.61,127367.28
494,12066.62,20818098.22,95743.40,15292986.93,38624.07,679518.10,127367.28
495,12861.21,20701585.21,95743.40,15810924.23,38624.07,679518.30,127367.28
496,13612.33,20908609.69,95743.40,16057824.26,38624.07,679661.76,127367.28
497,13612.33,20959362.69,95743.40,16242600.45,38624.07,679836.82,127367.28
498,13612.33,21058998.73,95743.40,16767852.59,38624.07,681659.34,127367.28
499,13612.33,20853557.58,95743.40,16484995.87,38624.07,679835.89,127367.28
500,13612.33,19502633.97,95743.40,16090246.60,38624.07,679790.92,127367.28
501,12817.75,19010238.83,95743.40,14787675.44,38624.07,679623.66,127367.28
502,12858.95,17352101.54,95743.40,13285829.77,38624.07,555231.55,127367.28
503,12817.75,16218104.00,95743.40,12601292.21,38624.07,2468.93,127367.28
504,12679.68,13643550.89,95743.40,8148908.93,38624.07,0.00,127367.28
505,12685.09,12899705.14,95743.40,8126620.89,38624.07,0.00,127367.28
506,12585.06,12763160.33,95743.40,7656991.09,38624.07,0.00,127367.28
507,12576.67,13865081.23,95743.40,7422971.26,38624.07,0.00,127367.28
508,12648.02,15222069.62,95743.40,7514791.92,38624.07,0.00,127367.28
509,12585.88,15730183.75,95743.40,7711059.79,38624.07,0.00,127367.28
510,12595.95,15735087.73,95743.40,7911540.45,38624.07,0.00,127367.28
511,12618.52,16449558.66,95743.40,8233287.53,38624.07,0.00,127367.28
512,11964.11,16489168.99,95743.40,7128476.38,38624.07,0.00,127367.28
513,11901.10,15694390.18,95743.40,7074070.29,38624.07,0.00,127367.28
514,11907.16,16403352.79,95743.40,6641928.13,38624.07,0.00,127367.28
515,12036.92,15703392.26,95743.40,7247127.93,38624.07,0.00,127367.28
516,12032.10,15751309.47,95743.40,7085970.15,38624.07,0.00,127367.28
517,12008.21,16092170.66,95743.40,6765790.08,38624.07,0.00,127367.28
518,11914.88,15678894.35,95743.40,6540080.52,38624.07,0.00,127367.28
519,12010.94,17503393.76,95743.40,6589487.52,38624.07,0.00,127367.28
520,12675.76,18662180.01,95743.40,8250519.32,38624.07,0.00,127367.28
521,12759.33,18273401.77,95743.40,9305463.97,38624.07,0.00,127367.28
522,12684.22,17747333.45,95743.40,9743430.06,38624.07,3445.88,127367.28
523,12801.48,18120959.49,95743.40,9781521.42,38624.07,3880.14,127367.28
524,12782.12,16153593.00,95743.40,9098223.68,38624.07,1286.58,127367.28
525,12657.50,16224943.33,95743.40,8320146.59,38624.07,0.00,127367.28
526,12639.27,15562820.14,95743.40,7936602.18,38624.07,0.00,127367.28
527,12622.46,14962848.05,95743.40,7822632.00,38624.07,0.00,127367.28
528,7594.57,12850321.89,95743.40,7726482.71,38624.07,0.00,127367.28
529,7516.14,12989329.76,95743.40,7609150.22,38624.07,0.00,127367.28
530,7516.14,13208466.90,95743.40,6748881.13,38624.07,0.00,127367.28
531,7620.83,14270718.13,95743.40,6576264.15,38624.07,0.00,127367.28
532,7542.32,14837882.21,95743.40,6585875.68,38624.07,0.00,127367.28
533,7616.45,15590012.84,95743.40,6851531.50,38624.07,0.00,127367.28
534,7542.32,15411759.40,95743.40,7236394.31,38624.07,0.00,127367.28
535,7542.32,15118151.92,95743.40,8024999.32,38624.07,0.00,127367.28
536,6791.19,14876110.01,95743.40,6987762.53,38624.07,0.00,127367.28
537,6791.19,14740608.31,95743.40,7247765.68,38624.07,2180.48,127367.28
538,6880.73,14933572.85,95743.40,7394965.13,38624.07,2864.81,127367.28
539,6917.96,14817761.06,95743.40,6777628.07,38624.07,84.98,127367.28
540,6908.93,14677355.81,95743.40,7137990.81,38624.07,0.00,127367.28
541,6791.19,14436718.84,95743.40,6704935.96,38624.07,0.00,127367.28
542,6791.19,14662982.83,95743.40,6819488.00,38624.07,0.00,127367.28
543,6881.99,15198923.81,95743.40,7259231.64,38624.07,0.00,127367.28
544,7634.02,15515888.27,95743.40,8768473.19,38624.07,0.00,127367.28
545,7637.22,15609235.50,95743.40,9795329.51,38624.07,0.00,127367.28
546,7559.26,15329679.49,95743.40,9960409.37,38624.07,4048.39,127367.28
547,7678.62,15146556.89,95743.40,9288597.06,38624.07,4060.59,127367.28
548,7670.88,14821233.69,95743.40,8817273.01,38624.07,3970.89,127367.28
549,7556.26,14251827.09,95743.40,8367050.44,38624.07,0.00,127367.28
550,7630.16,13699802.92,95743.40,8044850.58,38624.07,0.00,127367.28
551,7542.32,12822921.84,95743.40,7870568.14,38624.07,0.00,127367.28
552,7516.14,13504780.02,95743.40,8486706.24,38624.07,0.00,127367.28
553,7605.32,13411015.22,95743.40,7787542.28,38624.07,0.00,127367.28
554,7516.14,13944494.27,95743.40,7619622.63,38624.07,0.00,127367.28
555,7620.46,14613784.16,95743.40,7879598.72,38624.07,0.00,127367.28
556,7542.32,14571001.97,95743.40,7939348.68,38624.07,0.00,127367.28
557,7542.32,14911820.74,95743.40,8039413.83,38624.07,0.00,127367.28
558,7542.32,15460794.57,95743.40,8844671.85,38624.07,0.00,127367.28
559,7542.32,15811506.98,95743.40,9518524.43,38624.07,0.00,127367.28
560,6791.19,15873976.99,95743.40,8593136.07,38624.07,426.04,127367.28
561,6791.19,15989263.16,95743.40,6596225.92,38624.07,2981.93,127367.28
562,6791.19,15723894.98,95743.40,7500159.22,38624.07,3951.99,127367.28
563,6917.48,16528843.68,95743.40,7477798.89,38624.07,3713.24,127367.28
564,6908.39,15630600.00,95743.40,7464310.27,38624.07,429.24,127367.28
565,6791.19,15701640.15,95743.40,7150731.54,38624.07,1099.55,127367.28
566,6791.19,15443405.49,95743.40,7053555.46,38624.07,1843.57,127367.28
567,6791.19,15969980.61,95743.40,7389475.76,38624.07,2319.29,127367.28
568,7633.32,17257551.09,95743.40,9759691.20,38624.07,2807.80,127367.28
569,7542.32,16617873.04,95743.40,10919982.78,38624.07,3753.24,127367.28
570,7558.47,16886252.38,95743.40,11350534.06,38624.07,5267.11,127367.28
571,7542.32,16071312.32,95743.40,11093027.58,38624.07,6681.58,127367.28
572,7667.30,15566219.16,95743.40,10569095.31,38624.07,3917.77,127367.28
573,7555.55,16077273.15,95743.40,10126256.18,38624.07,3789.17,127367.28
574,7542.32,14749877.54,95743.40,9851260.02,38624.07,2481.42,127367.28
575,7542.32,14085696.70,95743.40,9424307.76,38624.07,0.00,127367.28
576,12794.17,15149106.42,95743.40,8856840.95,38624.07,0.00,127367.28
577,12880.86,14924505.54,95743.40,8321642.27,38624.07,0.00,127367.28
578,12791.57,14144357.80,95743.40,8004059.97,38624.07,0.00,127367.28
579,12875.91,14887013.12,95743.40,7731855.83,38624.07,0.00,127367.28
580,12817.75,15231880.49,95743.40,7500726.63,38624.07,0.00,127367.28
581,12891.65,15510560.53,95743.40,7566607.14,38624.07,0.00,127367.28
582,12817.75,15448147.00,95743.40,7497775.78,38624.07,0.00,127367.28
583,12817.75,16769706.04,95743.40,8061794.24,38624.07,0.00,127367.28
584,12817.75,16299157.03,95743.40,7128644.21,38624.07,0.00,127367.28
585,12817.75,16948907.35,95743.40,6525074.16,38624.07,1160.14,127367.28
586,12155.79,17343438.20,95743.40,6798341.87,38624.07,2534.63,127367.28
587,12066.62,17237966.64,95743.40,6900971.53,38624.07,0.00,127367.28
588,12183.94,16812427.04,95743.40,6906632.60,38624.07,0.00,127367.28
589,12066.62,17454705.45,95743.40,6916972.49,38624.07,0.00,127367.28
590,12040.45,16815339.67,95743.40,7311385.73,38624.07,0.00,127367.28
591,12066.62,18639129.22,95743.40,7423894.17,38624.07,0.00,127367.28
592,12817.75,19265396.91,95743.40,9424930.73,38624.07,0.00,127367.28
593,12817.75,19900211.80,95743.40,10764019.90,38624.07,0.00,127367.28
594,12834.12,19129791.43,95743.40,11124438.59,38624.07,4008.11,127367.28
595,12953.45,19220496.78,95743.40,10631366.89,38624.07,4011.96,127367.28
596,12817.75,18028527.37,95743.40,10215765.44,38624.07,3489.02,127367.28
597,12817.75,16296807.32,95743.40,9760612.31,38624.07,0.00,127367.28
598,12905.09,15394449.94,95743.40,9203396.48,38624.07,0.00,127367.28
599,12900.27,14782179.22,95743.40,8826318.13,38624.07,0.00,127367.28
600,12895.98,13783669.89,95743.40,9577475.61,38624.07,0.00,127367.28
601,12817.75,13802913.86,95743.40,9377357.69,38624.07,0.00,127367.28
602,12817.75,13924539.19,95743.40,9300486.59,38624.07,0.00,127367.28
603,12817.75,15114831.72,95743.40,9372779.44,38624.07,0.00,127367.28
604,12817.75,15852234.24,95743.40,9740949.33,38624.07,0.00,127367.28
605,12891.75,17764820.19,95743.40,9816055.11,38624.07,0.00,127367.28
606,12817.75,17942644.24,95743.40,9793650.33,38624.07,0.00,127367.28
607,12817.75,16885719.75,95743.40,10172495.45,38624.07,0.00,127367.28
608,12066.62,17566068.56,95743.40,10223068.31,38624.07,1654.53,127367.28
609,12817.75,17166793.09,95743.40,10086654.18,38624.07,2943.62,127367.28
610,12817.75,16289035.58,95743.40,10449257.98,38624.07,2351.43,127367.28
611,12066.62,16628972.47,95743.40,10345101.53,38624.07,2213.20,127367.28
612,12066.62,16841324.11,95743.40,9506686.95,38624.07,3286.48,127367.28
613,12916.17,16504268.27,95743.40,9416833.41,38624.07,2568.32,127367.28
614,12907.27,16470265.92,95743.40,9256594.13,38624.07,2359.75,127367.28
615,12908.31,18405256.91,95743.40,9853164.15,38624.07,1756.96,127367.28
616,12817.75,19356028.81,95743.40,11221528.37,38624.07,2533.52,127367.28
617,12817.75,19803328.40,95743.40,12144197.87,38624.07,3817.89,127367.28
618,12834.37,19666502.04,95743.40,12006329.31,38624.07,7950.63,127367.28
619,12953.69,19889934.35,95743.40,11878755.25,38624.07,8627.53,127367.28
620,12944.71,18418556.01,95743.40,11870071.92,38624.07,4697.07,127367.28
621,12831.38,17788633.45,95743.40,11551239.76,38624.07,3836.56,127367.28
622,12817.75,17005860.24,95743.40,11204154.16,38624.07,3132.12,127367.28
623,12817.75,16806556.47,95743.40,10509736.65,38624.07,0.00,127367.28
624,12817.75,17266442.87,95743.40,9948505.87,38624.07,0.00,127367.28
625,12817.75,17002873.67,95743.40,9370465.37,38624.07,0.00,127367.28
626,12817.75,17053124.45,95743.40,8803500.42,38624.07,0.00,127367.28
627,12896.06,17697722.29,95743.40,8383413.93,38624.07,0.00,127367.28
628,12817.75,18332569.15,95743.40,8057214.90,38624.07,0.00,127367.28
629,12891.69,19205302.03,95743.40,7749011.20,38624.07,0.00,127367.28
630,12894.90,19276829.09,95743.40,8648350.82,38624.07,0.00,127367.28
631,12817.75,19009893.06,95743.40,9134143.49,38624.07,0.00,127367.28
632,12905.42,18840182.62,95743.40,7998717.50,38624.07,0.00,127367.28
633,12066.62,18497382.94,95743.40,7513358.97,38624.07,692.15,127367.28
634,12155.91,18752636.67,95743.40,7811769.06,38624.07,3284.75,127367.28
635,12066.62,18047824.15,95743.40,9420567.89,38624.07,0.00,127367.28
636,12545.17,18397441.15,95743.40,9544977.23,38624.07,0.00,127367.28
637,12066.62,18801029.00,95743.40,8849383.55,38624.07,0.00,127367.28
638,12156.07,18999582.09,95743.40,8830019.87,38624.07,0.00,127367.28
639,12157.09,19292093.78,95743.40,9710811.66,38624.07,481.43,127367.28
640,12909.10,20447907.01,95743.40,11069816.54,38624.07,2433.13,127367.28
641,12817.75,20729541.13,95743.40,11375319.89,38624.07,0.00,127367.28
642,12834.33,20837105.33,95743.40,11707912.67,38624.07,3940.23,127367.28
643,12953.66,20573420.16,95743.40,11278083.29,38624.07,3905.22,127367.28
644,12944.43,20022554.26,95743.40,11302568.09,38624.07,2050.17,127367.28
645,12817.75,18498145.02,95743.40,10654024.81,38624.07,3422.35,127367.28
646,12817.75,18373553.87,95743.40,10677323.40,38624.07,1826.79,127367.28
647,12900.33,17796401.46,95743.40,10037128.48,38624.07,0.00,127367.28
648,12705.40,15701129.85,95743.40,8390655.72,38624.07,0.00,127367.28
649,12621.62,15475727.48,95743.40,7751804.32,38624.07,0.00,127367.28
650,12610.52,15522182.51,95743.40,7893665.59,38624.07,0.00,127367.28
651,12602.55,16023358.61,95743.40,7562644.09,38624.07,0.00,127367.28
652,12673.82,16420370.89,95743.40,7257336.49,38624.07,0.00,127367.28
653,12686.07,17285677.26,95743.40,7990197.64,38624.07,0.00,127367.28
654,12622.53,18210003.66,95743.40,8645801.71,38624.07,0.00,127367.28
655,12642.32,18461274.68,95743.40,9118907.50,38624.07,0.00,127367.28
656,12744.28,18031883.78,95743.40,8677303.28,38624.07,0.00,127367.28
657,12679.95,17288941.61,95743.40,8553383.23,38624.07,0.00,127367.28
658,12773.24,18164182.57,95743.40,8484291.33,38624.07,0.00,127367.28
659,12693.42,18163558.10,95743.40,8314195.45,38624.07,0.00,127367.28
660,12460.99,17916545.79,95743.40,7851388.06,38624.07,0.00,127367.28
661,11909.45,18135969.62,95743.40,7803835.70,38624.07,0.00,127367.28
662,11940.55,17647906.41,95743.40,7997516.71,38624.07,0.00,127367.28
663,12787.43,18606012.45,95743.40,8328007.23,38624.07,0.00,127367.28
664,12792.78,19236878.70,95743.40,9527107.54,38624.07,0.00,127367.28
665,12785.23,19265263.67,95743.40,9836109.97,38624.07,0.00,127367.28
666,12710.26,19617582.41,95743.40,10019329.26,38624.07,1531.38,127367.28
667,12827.57,19963136.51,95743.40,9249551.00,38624.07,1855.24,127367.28
668,12807.41,19551585.98,95743.40,9222477.33,38624.07,0.00,127367.28
669,12669.97,18325834.42,95743.40,8741607.30,38624.07,0.00,127367.28
670,12664.94,18019459.40,95743.40,8634215.46,38624.07,0.00,127367.28
671,12730.09,17826843.78,95743.40,8163222.86,38624.07,0.00,127367.28
