ba,generation_MWh,net_import_MWh,wastage_MWh,shortfall_MWh,served_MWh,demand_MWh
WECC_AZ,6809176.125818395,270073.8741816047,0.0,0.0,7079250.0,7079250.0
WECC_CO,4690759.505235793,440306.49476420844,0.0,0.0,5131066.000000002,5131066.000000002
WECC_ID,1017063.6331486354,689182.3668513644,0.0,0.0,1706245.9999999998,1706245.9999999998
WECC_IID,769353.4050566342,-468103.4050566343,0.0,0.0,301249.99999999994,301249.99999999994
WECC_MT,1634930.706319884,-649498.7063198838,0.0,0.0,985432.0000000001,985432.0000000001
WECC_NM,2075910.1577917766,-182056.1577917756,0.0,0.0,1893854.000000001,1893854.000000001
WECC_NNV,627858.058044177,347910.9419558228,0.0,0.0,975768.9999999998,975768.9999999998
WECC_PNW,13569215.206003403,-157301.20600340815,0.0,0.0,13411913.999999994,13411913.999999994
WECC_SCE,7415590.366860978,-245443.65055995475,0.0,23459.935791693868,7170146.716301024,7193606.652092718
WECC_SNV,1950609.7320995512,92277.26790044869,0.0,0.0,2042887.0,2042887.0
WECC_UT,2685161.418824081,-561249.4188240811,0.0,0.0,2123912.0,2123912.0
WECC_WY,1791359.496082801,-453514.4960828005,0.0,0.0,1337845.0000000005,1337845.0000000005
WEC_BANC,1058620.7056908836,9796.294309115736,0.0,0.0,1068416.9999999993,1068416.9999999993
WEC_CALN,8754864.72874183,-1334400.9850018728,0.0,15203.345604592463,7420463.743739957,7435667.089344549
WEC_LADW,1531519.02192807,550733.9780719294,0.0,0.0,2082252.9999999995,2082252.9999999995
WEC_SDGE,2101296.7896123165,-53549.738811562056,0.0,51431.24541254255,2047747.0508007545,2099178.296213297
