node,wastage_MWh,wastage_GWh,peak_MW,mean_MW,hours_spilling,hours_free,longest_run_h,longest_run_MWh
SUB_HIFLD_3316,87088.4086819262,87.0884086819262,247.922982930226,129.59584625286638,598,74,198,36236.264312555366
WECC_IID,74176.24490700464,74.17624490700464,748.4719999829999,110.38131682589976,222,450,12,6793.751201874316
SUB_HIFLD_3677,37016.54987314979,37.016549873149785,294.766155940654,55.084151596949084,241,431,12,2328.9796010363134
SUB_HIFLD_2620,30462.960135644607,30.462960135644607,112.46033796479999,45.33178591613781,484,188,72,6687.18709468896
SUB_HIFLD_4118,26708.43101512763,26.70843101512763,97.79294946289062,39.74468901060659,453,219,83,6635.820674003843
SUB_25315,16925.019515200114,16.925019515200113,189.03765881229583,25.186040945238265,169,503,11,1808.955661933542
SUB_HIFLD_3900,10523.905957470957,10.523905957470957,59.98637985487131,15.66057434147464,306,366,66,2915.360454432461
SUB_HIFLD_2664,9298.433347339262,9.298433347339262,222.30496789199998,13.836954385921521,82,590,7,1457.594195078827
SUB_25440,2077.7664084419953,2.0777664084419953,26.454001251118463,3.091914298276779,125,547,9,199.71890417538543
SUB_18256,1661.5007704826935,1.6615007704826934,40.55612763544514,2.472471384646865,94,578,9,179.38632349575428
SUB_HIFLD_3418,1648.4373614488495,1.6484373614488494,52.02697555275396,2.453031787870312,89,583,9,361.525312565518
SUB_HIFLD_4195,1321.0243762162117,1.3210243762162117,128.6970624224453,1.965810083655077,21,651,6,585.7532804664575
SUB_HIFLD_1222,985.6899731326071,0.9856899731326071,44.91726013655166,1.4668005552568557,76,596,6,192.339322526127
SUB_HIFLD_2867,928.2926081234211,0.9282926081234212,36.45528198182281,1.3813878097074719,60,612,6,166.63745522978857
SUB_HIFLD_2655,520.9584041679802,0.5209584041679802,17.09180453453001,0.7752357204880658,69,603,6,85.20848402435
SUB_HIFLD_1455,160.54924632534664,0.16054924632534665,15.314164755500002,0.23891256893652774,14,658,3,45.183774239499996
SUB_HIFLD_429,157.15809145900107,0.15715809145900106,4.587130863057432,0.23386620752827542,65,607,15,48.315436301095964
SUB_HIFLD_3995,44.643821697009805,0.044643821697009804,4.729268063740365,0.06643425847769316,14,658,3,13.46056074846783
