hub_id,planned_MW,built_MW,discharge_Wh,season
MESO_048,380.706,0.0,0.0,december
MESO_025,333.1470625,0.0,0.0,december
MESO_013,153.75109375,0.0,0.0,december
MESO_014,73.671375,0.0,0.0,december
MESO_058,53.2340703125,0.0,0.0,december
MESO_048,390.73734375,0.0,0.0,june
MESO_025,341.92525,0.0,0.0,june
MESO_013,157.8023125,0.0,0.0,june
MESO_014,75.6125703125,0.0,0.0,june
MESO_058,54.63675390625,0.0,0.0,june
MESO_020,46.91702734375,0.0,0.0,june
MESO_026,46.40666015625,0.0,0.0,june
MESO_039,41.46634765625,0.0,9.419005594135802e-09,june
MESO_063,37.10444921875,0.0,0.0,june
MESO_023,36.96551171875,0.0,0.0,june
MESO_047,35.7070625,0.0,5.160120653364241e-09,june
MESO_075,33.1493359375,0.0,0.0,june
MESO_002,31.801443359375,0.0,0.0,june
MESO_024,31.28506640625,0.0,0.0,june
MESO_010,27.427888671875,0.0,0.0,june
MESO_028,26.634650390625,0.0,0.0,june
MESO_029,23.000125,0.0,0.0,june
MESO_017,21.00083984375,0.0,0.0,june
MESO_040,18.64002734375,0.0,0.0,june
MESO_077,17.892111328125,0.0,0.0,june
MESO_033,16.3991640625,16.3991640625,2656664578.125,june
MESO_071,15.63391015625,0.0,0.0,june
MESO_009,14.9947353515625,0.0,0.0,june
MESO_036,14.336048828125,0.0,0.0,june
MESO_069,13.8858759765625,0.0,0.0,june
MESO_032,13.5464931640625,0.0,0.0,june
MESO_015,13.3737451171875,0.0,0.0,june
MESO_035,12.704806640625,0.0,0.0,june
MESO_027,12.6398818359375,0.0,0.0,june
MESO_068,10.9377919921875,0.0,0.0,june
MESO_056,10.7844287109375,0.0,0.0,june
MESO_060,10.6952099609375,0.0,0.0,june
MESO_003,10.2449345703125,0.0,0.0,june
MESO_053,9.19951171875,0.0,0.0,june
MESO_034,8.16053759765625,0.0,0.0,june
MESO_012,7.998765625,0.0,0.0,june
MESO_011,7.390857421875,0.0,0.0,june
MESO_001,6.95664208984375,0.0,0.0,june
MESO_052,6.40137158203125,0.0,0.0,june
MESO_046,6.2044462890625,0.0,0.0,june
MESO_079,4.97627197265625,0.0,0.0,june
MESO_064,4.4060234375,0.0,8.830317744502316e-09,june
MESO_038,3.750706787109375,0.0,0.0,june
MESO_061,3.7284482421875,0.0,0.0,june
MESO_065,3.50932177734375,0.0,0.0,june
MESO_049,3.420684326171875,0.0,5.298190646701389e-09,june
MESO_072,3.2991279296875,0.0,0.0,june
MESO_007,3.28995458984375,0.0,0.0,june
MESO_018,3.10408544921875,0.0,0.0,june
MESO_006,2.994205322265625,0.0,0.0,june
MESO_044,2.4037109375,0.0,2.943439248167438e-09,june
MESO_042,2.35956787109375,0.0,0.0,june
MESO_005,2.227307861328125,0.0,0.0,june
MESO_008,2.057705078125,0.0,0.0,june
MESO_043,1.887936767578125,0.0,0.0,june
MESO_030,1.849496337890625,0.0,0.0,june
MESO_021,1.79021337890625,0.0,0.0,june
MESO_055,1.6757984619140625,0.0,0.0,june
MESO_022,1.6536075439453124,0.0,0.0,june
MESO_078,1.3682440185546876,0.0,0.0,june
MESO_070,1.3629371337890626,0.0,0.0,june
MESO_067,1.27832080078125,0.0,0.0,june
MESO_073,1.224407958984375,0.0,0.0,june
MESO_041,1.216344970703125,0.0,0.0,june
MESO_016,1.2160693359375,0.0,0.0,june
MESO_045,1.149116943359375,0.0,0.0,june
MESO_000,1.0,0.0,0.0,june
MESO_004,1.0,0.0,0.0,june
MESO_019,1.0,0.0,0.0,june
MESO_031,1.0,0.0,0.0,june
MESO_037,1.0,0.0,0.0,june
MESO_050,1.0,0.0,0.0,june
MESO_051,1.0,0.0,0.0,june
MESO_054,1.0,0.0,0.0,june
MESO_057,1.0,0.0,0.0,june
MESO_059,1.0,0.0,0.0,june
MESO_062,1.0,0.0,0.0,june
MESO_066,1.0,0.0,0.0,june
MESO_074,1.0,0.0,0.0,june
MESO_076,1.0,0.0,0.0,june
MESO_048,411.88953125,0.0,0.0,march
MESO_025,360.4350625,0.0,0.0,march
MESO_013,166.344796875,0.0,0.0,march
MESO_014,79.70578125,0.0,0.0,march
MESO_058,57.5944609375,0.0,0.0,march
MESO_020,49.45683203125,0.0,0.0,march
MESO_026,48.91883984375,0.0,0.0,march
MESO_039,43.71108984375,0.0,2.8042875242248854e-08,march
MESO_063,39.1130625,0.0,0.0,march
MESO_023,38.9666015625,0.0,0.0,march
MESO_047,37.64002734375,0.0,0.0,march
MESO_075,34.94384375,0.0,0.0,march
MESO_002,33.522984375,0.0,0.0,march
MESO_024,32.97865234375,0.0,0.0,march
MESO_010,28.912671875,0.0,0.0,march
MESO_028,28.076490234375,0.0,0.0,march
MESO_029,24.24521484375,0.0,0.0,march
MESO_017,22.13769921875,0.0,0.0,march
MESO_040,19.649087890625,0.0,0.0,march
MESO_077,18.86068359375,0.0,0.0,march
MESO_033,17.28691796875,17.28691796875,559846900.8684839,march
MESO_071,16.480236328125,0.0,0.0,march
MESO_009,15.8064609375,0.0,0.0,march
MESO_036,15.1121171875,0.0,0.0,march
MESO_069,14.63757421875,0.0,0.0,march
MESO_032,14.2798193359375,0.0,0.0,march
MESO_015,14.0977197265625,0.0,0.0,march
MESO_035,13.3925693359375,0.0,0.0,march
MESO_027,13.32412890625,0.0,0.0,march
MESO_068,11.5298984375,0.0,0.0,march
MESO_056,11.3682333984375,0.0,0.0,march
MESO_060,11.2741845703125,0.0,0.0,march
MESO_003,10.7995341796875,0.0,0.0,march
MESO_053,9.6975185546875,0.0,0.0,march
MESO_034,8.6022998046875,0.0,0.0,march
MESO_012,8.4317705078125,0.0,0.0,march
MESO_011,7.79095458984375,0.0,0.0,march
MESO_001,7.33323291015625,0.0,0.0,march
MESO_052,6.74790380859375,0.0,0.0,march
MESO_046,6.54031787109375,0.0,0.0,march
MESO_079,5.2456572265625,0.0,0.0,march
MESO_064,4.6445390625,0.0,0.0,march
MESO_038,3.95374755859375,0.0,0.0,march
MESO_061,3.9302841796875,0.0,0.0,march
MESO_065,3.69929541015625,0.0,0.0,march
MESO_049,3.605859619140625,0.0,0.0,march
MESO_072,3.477722900390625,0.0,0.0,march
MESO_007,3.468052978515625,0.0,0.0,march
MESO_018,3.2721220703125,0.0,0.0,march
MESO_006,3.156293701171875,0.0,0.0,march
MESO_044,2.53383349609375,0.0,0.0,march
MESO_042,2.48730078125,0.0,0.0,march
MESO_005,2.347880859375,0.0,0.0,march
MESO_008,2.169096923828125,0.0,0.0,march
MESO_043,1.990138427734375,0.0,0.0,march
MESO_030,1.9496170654296876,0.0,0.0,march
MESO_021,1.887124755859375,0.0,0.0,march
MESO_055,1.76651611328125,0.0,0.0,march
MESO_022,1.7431240234375,0.0,0.0,march
MESO_078,1.4423125,0.0,0.0,march
MESO_070,1.4367183837890625,0.0,0.0,march
MESO_067,1.3475216064453126,0.0,0.0,march
MESO_073,1.290690185546875,0.0,0.0,march
MESO_041,1.282190673828125,0.0,0.0,march
MESO_016,1.2819000244140626,0.0,0.0,march
MESO_045,1.2113232421875,0.0,9.419005594135804e-09,march
MESO_000,1.0,0.0,0.0,march
MESO_004,1.0,0.0,0.0,march
MESO_019,1.0,0.0,0.0,march
MESO_031,1.0,0.0,0.0,march
MESO_037,1.0,0.0,0.0,march
MESO_050,1.0,0.0,0.0,march
MESO_051,1.0,0.0,0.0,march
MESO_054,1.0,0.0,0.0,march
MESO_057,1.0,0.0,0.0,march
MESO_059,1.0,0.0,0.0,march
MESO_062,1.0,0.0,0.0,march
MESO_066,1.0,0.0,0.0,march
MESO_074,1.0,0.0,0.0,march
MESO_076,1.0,0.0,0.0,march
MESO_048,373.6834375,0.0,0.0,september
MESO_025,327.00178125,0.0,0.0,september
MESO_013,150.91496875,0.0,0.0,september
MESO_014,72.312421875,0.0,0.0,september
MESO_058,52.252109375,0.0,0.0,september
