line,need_MW,is_iface,kv,per_circuit_MVA,circuits,miles,cost_low,cost_high,klass
iface_WEC_CALN_SUB_25457_to_hub,80.29634989433296,True,0.0,0.0,0,0.0,6022226.242074972,20074087.47358324,BA interface (substation capacity)
iface_WEC_CALN_SUB_HIFLD_2010_to_hub,180.0,True,0.0,0.0,0,0.0,13500000.0,45000000.0,BA interface (substation capacity)
iface_WEC_CALN_SUB_HIFLD_1432_to_hub,533.2071811614143,True,0.0,0.0,0,0.0,39990538.58710607,133301795.29035357,BA interface (substation capacity)
iface_WEC_CALN_SUB_25464_to_hub,65.99915722801643,True,0.0,0.0,0,0.0,4949936.792101232,16499789.307004107,BA interface (substation capacity)
iface_WEC_CALN_SUB_04230_to_hub,179.6392968986304,True,0.0,0.0,0,0.0,13472947.267397279,44909824.224657595,BA interface (substation capacity)
iface_WEC_CALN_SUB_01409_to_hub,162.7092531375897,True,0.0,0.0,0,0.0,12203193.985319229,40677313.28439743,BA interface (substation capacity)
iface_WEC_CALN_SUB_25367_to_hub,9.47517793801148,True,0.0,0.0,0,0.0,710638.3453508611,2368794.48450287,BA interface (substation capacity)
iface_WEC_CALN_SUB_25270_to_hub,286.13659977732146,True,0.0,0.0,0,0.0,21460244.98329911,71534149.94433036,BA interface (substation capacity)
iface_WEC_CALN_SUB_10260_to_hub,18.638816914174924,True,0.0,0.0,0,0.0,1397911.2685631192,4659704.228543731,BA interface (substation capacity)
iface_WEC_CALN_SUB_HIFLD_659_to_hub,37.23264681955192,True,0.0,0.0,0,0.0,2792448.5114663937,9308161.704887979,BA interface (substation capacity)
iface_WEC_CALN_SUB_01380_to_hub,180.0,True,0.0,0.0,0,0.0,13500000.0,45000000.0,BA interface (substation capacity)
iface_WEC_CALN_SUB_01466_to_hub,80.56699420103094,True,0.0,0.0,0,0.0,6042524.565077321,20141748.550257735,BA interface (substation capacity)
iface_WEC_CALN_SUB_01365_to_hub,330.2219864926392,True,0.0,0.0,0,0.0,24766648.98694794,82555496.6231598,BA interface (substation capacity)
iface_WEC_CALN_SUB_16371_to_hub,25.75587548324743,True,0.0,0.0,0,0.0,1931690.6612435572,6438968.870811857,BA interface (substation capacity)
iface_WEC_CALN_SUB_01467_to_hub,180.0,True,0.0,0.0,0,0.0,13500000.0,45000000.0,BA interface (substation capacity)
iface_WEC_CALN_SUB_16348_to_hub,180.0,True,0.0,0.0,0,0.0,13500000.0,45000000.0,BA interface (substation capacity)
iface_WEC_CALN_SUB_HIFLD_982_to_hub,49.27345095121693,True,0.0,0.0,0,0.0,3695508.8213412696,12318362.737804232,BA interface (substation capacity)
iface_WEC_CALN_SUB_01469_to_hub,140.95587163765106,True,0.0,0.0,0,0.0,10571690.372823829,35238967.909412764,BA interface (substation capacity)
iface_WEC_CALN_SUB_15276_to_hub,35.485597182136125,True,0.0,0.0,0,0.0,2661419.788660209,8871399.295534031,BA interface (substation capacity)
iface_WEC_CALN_SUB_25412_to_hub,180.0,True,0.0,0.0,0,0.0,13500000.0,45000000.0,BA interface (substation capacity)
iface_WEC_CALN_SUB_01440_to_hub,180.0,True,0.0,0.0,0,0.0,13500000.0,45000000.0,BA interface (substation capacity)
iface_WEC_CALN_SUB_04325_to_hub,180.0,True,0.0,0.0,0,0.0,13500000.0,45000000.0,BA interface (substation capacity)
iface_WEC_CALN_SUB_16368_to_hub,180.0,True,0.0,0.0,0,0.0,13500000.0,45000000.0,BA interface (substation capacity)
iface_WEC_CALN_SUB_01223_to_hub,180.0,True,0.0,0.0,0,0.0,13500000.0,45000000.0,BA interface (substation capacity)
iface_WEC_CALN_SUB_01222_to_hub,180.0,True,0.0,0.0,0,0.0,13500000.0,45000000.0,BA interface (substation capacity)
iface_WEC_CALN_SUB_HIFLD_1360_to_hub,15.95566744606228,True,0.0,0.0,0,0.0,1196675.058454671,3988916.86151557,BA interface (substation capacity)
iface_WEC_CALN_SUB_10340_to_hub,6.0212886597938144,True,0.0,0.0,0,0.0,451596.6494845361,1505322.1649484537,BA interface (substation capacity)
iface_WEC_CALN_SUB_16211_to_hub,9.856855670103092,True,0.0,0.0,0,0.0,739264.1752577319,2464213.917525773,BA interface (substation capacity)
iface_WEC_CALN_SUB_HIFLD_3270_to_hub,30.152151408842748,True,0.0,0.0,0,0.0,2261411.355663206,7538037.852210687,BA interface (substation capacity)
iface_WEC_CALN_SUB_HIFLD_1396_to_hub,19.3303459246134,True,0.0,0.0,0,0.0,1449775.944346005,4832586.48115335,BA interface (substation capacity)
iface_WEC_CALN_SUB_HIFLD_3625_to_hub,45.0,True,0.0,0.0,0,0.0,3375000.0,11250000.0,BA interface (substation capacity)
meso_SUB_01216_SUB_01445_fwd,24.873671069587644,False,60.0,60.0,1,2.643086738469606,1600617.347693921,2129234.695387842,60 kV corridor
meso_SUB_01216_SUB_01202_rev,178.867049782317,False,115.0,150.0,2,10.101618742666385,10381294.994133107,18462589.988266215,115 kV corridor
meso_SUB_01216_SUB_02203_fwd,77.69377425611458,False,200.0,400.0,1,42.48399999939874,52422799.999278486,86409999.99879748,200 kV corridor
meso_SUB_01216_SUB_02419_fwd,0.5283711341400021,False,230.0,400.0,1,49.492996596509855,60833595.91581182,100427993.1930197,230 kV corridor
iface_SUB_25367_WEC_CALN_to_ba,54.03709927458527,True,0.0,0.0,0,0.0,4052782.4455938954,13509274.81864632,BA interface (substation capacity)
meso_SUB_25270_SUB_25224_rev,11.704659097184232,False,70.0,80.0,1,27.93821756906314,6659643.513812629,12247287.027625257,70 kV corridor
meso_SUB_25235_SUB_25357_fwd,108.28515923915931,False,115.0,150.0,1,9.865175721788468,5096070.288715387,9042140.577430774,115 kV corridor
meso_SUB_15379_SUB_15281_rev,103.93229679405664,False,60.0,60.0,2,18.581948526952594,9576779.410781037,17009558.821562074,60 kV corridor
meso_SUB_15379_SUB_15292_rev,37.41630191992196,False,60.0,60.0,1,8.224464286476628,2716892.857295326,4361785.714590652,60 kV corridor
meso_SUB_25412_SUB_25234_rev,271.07487547173304,False,70.0,80.0,4,18.19879318271122,18847034.546168976,33406069.092337955,70 kV corridor
meso_SUB_16320_SUB_16216_rev,9.614848632812496,False,60.0,60.0,1,11.408768179735105,3353753.635947021,5635507.271894042,60 kV corridor
meso_SUB_06277_SUB_06208_rev,0.1054187646566582,False,60.0,22.981822548514238,1,13.040531569087591,3680106.3138175183,6288212.627635037,60 kV corridor
meso_SUB_15225_SUB_15232_fwd,15.512222076416016,False,12.0,5.0,4,10.184103702775367,3722933.2983398438,12409777.661132812,distribution voltage corridor
meso_SUB_25500_SUB_25295_fwd,23.06266383941293,False,60.0,13.281143865975565,2,11.887718633991772,6899087.453596709,11654174.907193419,60 kV corridor
meso_SUB_25315_SUB_25236_rev,189.03765881229583,False,115.0,150.0,2,12.702752947727873,12462202.358182298,22624404.716364596,115 kV corridor
meso_SUB_15218_SUB_15249_fwd,28.377213867187493,False,60.0,60.0,1,10.726549641061505,3217309.928212301,5362619.856424602,60 kV corridor
meso_SUB_15292_SUB_15233_rev,32.41455944435552,False,60.0,60.0,1,10.690969545497497,3210193.909099499,5348387.818198998,60 kV corridor
meso_SUB_08314_SUB_08362_fwd,0.9000000000000004,False,4.16,5.0,1,2.7593091630918103,216000.0000000001,720000.0000000002,distribution voltage corridor
meso_SUB_02426_SUB_02418_rev,1.177338649956546,False,12.0,38.06728119540428,1,2.0278459959343396,282561.275989571,941870.9199652367,distribution voltage corridor
meso_SUB_01440_SUB_01423_rev,16.155333866674056,False,60.0,60.0,1,14.392267163003789,3950453.4326007576,6828906.865201515,60 kV corridor
meso_SUB_15246_SUB_15256_fwd,39.83647862086832,False,60.0,60.0,1,7.198614782844391,2511722.956568878,3951445.9131377563,60 kV corridor
meso_SUB_01266_SUB_01384_fwd,16.848148071289064,False,4.16,5.0,4,0.8564722972894528,4043555.537109375,13478518.45703125,distribution voltage corridor
meso_SUB_15232_SUB_15269_fwd,6.47294175875669,False,115.0,150.0,1,28.414859014299658,12515943.605719863,23881887.211439725,115 kV corridor
meso_SUB_25393_SUB_25412_fwd,331.6681773206953,False,230.0,400.0,1,52.87887014880848,64896644.17857017,107199740.29761696,230 kV corridor
meso_SUB_15374_SUB_HIFLD_2456_fwd,6.303344228515627,False,60.0,60.0,1,0.8289176756765487,1237783.5351353097,1403567.0702706194,60 kV corridor
meso_SUB_16356_SUB_HIFLD_41_fwd,0.2397199096679685,False,12.0,5.0,1,12.486453620900155,57532.77832031244,191775.9277343748,distribution voltage corridor
meso_SUB_15253_SUB_15246_fwd,1.4369961480055338,False,12.0,8.040577704533531,1,1.9806571693119677,344879.0755213281,1149596.9184044271,distribution voltage corridor
meso_SUB_01384_SUB_01206_rev,0.5159467077984274,False,12.0,30.830527599546933,1,1.4039220188618757,123827.2098716226,412757.366238742,distribution voltage corridor
meso_SUB_18256_SUB_25468_fwd,73.47898775882446,False,70.0,13.542851782215438,6,34.41328085028659,47727937.02034391,89023874.04068781,70 kV corridor
iface_SUB_25859_WEC_CALN_to_ba,1.4000000000000004,True,0.0,0.0,0,0.0,105000.00000000003,350000.0000000001,BA interface (substation capacity)
iface_SUB_10225_WEC_CALN_to_ba,92.50520183162212,True,0.0,0.0,0,0.0,6937890.137371658,23126300.45790553,BA interface (substation capacity)
meso_SUB_25261_SUB_25290_fwd,17.556061274222117,False,115.0,150.0,1,17.28355098844737,8063420.395378948,14976840.790757896,115 kV corridor
meso_SUB_16316_SUB_16283_fwd,45.0,False,4.16,5.0,9,7.983826228805345,10800000.0,36000000.0,distribution voltage corridor
meso_SUB_16216_SUB_16301_fwd,21.81000279663482,False,60.0,60.0,1,9.00722551887927,2873445.103775854,4674890.207551708,60 kV corridor
meso_SUB_10350_SUB_HIFLD_1299_fwd,11.400000000000002,False,230.0,5.0,3,0.19255573293393408,5019200.638562162,5481334.397603605,230 kV corridor
meso_SUB_01442_SUB_01440_fwd,44.95729770346134,False,21.0,21.495266944976144,3,4.111366458126831,10789751.448830722,35965838.16276907,distribution voltage corridor
meso_SUB_02210_SUB_02201_rev,209.72266157888455,False,115.0,150.0,2,6.339113198094015,7371290.558475212,12442581.116950424,115 kV corridor
meso_SUB_02210_SUB_02272_fwd,1.2913948195900318,False,60.0,60.0,1,7.556417488995554,2583283.4977991106,4094566.9955982217,60 kV corridor
meso_SUB_02210_SUB_02203_rev,149.47206212409105,False,115.0,150.0,1,4.733605896684949,3043442.3586739795,4936884.717347959,115 kV corridor
meso_SUB_16374_SUB_16348_rev,2.3227094529247267,False,60.0,60.0,1,25.239373603462226,6119874.7206924455,11167749.441384891,60 kV corridor
meso_SUB_02203_SUB_02280_fwd,66.06931224737451,False,115.0,150.0,1,3.19695518938826,2428782.0757553037,3707564.151510608,115 kV corridor
meso_SUB_25440_SUB_25468_fwd,21.74873444332052,False,70.0,5.0,5,10.034644633776837,15394644.633776836,25429289.267553672,70 kV corridor
meso_SUB_04230_SUB_04202_rev,56.36367241470934,False,60.0,60.0,1,4.195104721535547,1911020.9443071093,2750041.8886142187,60 kV corridor
meso_SUB_16368_SUB_16372_fwd,21.629026314565834,False,60.0,60.0,1,11.616786106814718,3395357.2213629438,5718714.4427258875,60 kV corridor
meso_SUB_25236_SUB_25441_fwd,255.20091162296285,False,60.0,60.0,5,13.346059378221808,18706059.378221806,32052118.756443612,60 kV corridor
meso_SUB_25236_SUB_HIFLD_211_fwd,220.62074622309632,False,60.0,60.0,4,28.113953908640617,26779163.126912493,49270326.25382499,60 kV corridor
meso_SUB_16301_SUB_15361_rev,69.52268007702378,False,60.0,60.0,2,30.507633330958154,14347053.332383262,26550106.664766524,60 kV corridor
meso_SUB_15249_SUB_15246_rev,73.5588169467201,False,60.0,60.0,2,13.432049135553632,7516819.654221453,12889639.308442906,60 kV corridor
meso_SUB_25268_SUB_25270_fwd,101.9005874008403,False,60.0,60.0,2,40.1840583136518,18217623.32546072,34291246.65092144,60 kV corridor
meso_SUB_02201_SUB_02280_fwd,62.83180890532839,False,115.0,150.0,1,0.5788064881940277,1381522.5952776112,1613045.190555222,115 kV corridor
meso_SUB_25441_SUB_25237_rev,0.987788907471984,False,12.0,31.93850176585276,1,9.101062540494302,237069.33779327615,790231.1259775872,distribution voltage corridor
meso_SUB_15256_SUB_15258_fwd,2.6809076997422707,False,60.0,60.0,1,5.421714248091974,2156342.849618395,3240685.6992367897,60 kV corridor
meso_SUB_25444_SUB_25235_fwd,29.15273897188289,False,12.0,13.96645585233586,3,5.025314756989799,6996657.353251893,23322191.177506313,distribution voltage corridor
meso_SUB_15230_SUB_15232_fwd,33.5889800415039,False,60.0,60.0,1,4.608472991567326,1993694.5983134652,2915389.1966269305,60 kV corridor
meso_SUB_15230_SUB_15243_fwd,5.184605285644523,False,60.0,60.0,1,12.913198983134471,3654639.7966268943,6237279.593253789,60 kV corridor
meso_SUB_10320_SUB_15374_fwd,8.947498168945316,False,60.0,60.0,1,12.678961571550468,3607792.314310094,6143584.628620188,60 kV corridor
meso_SUB_15281_SUB_15215_rev,156.0098571871099,False,60.0,60.0,3,12.213681801049356,10544209.080629613,17872418.161259227,60 kV corridor
iface_SUB_10293_WEC_CALN_to_ba,180.0,True,0.0,0.0,0,0.0,13500000.0,45000000.0,BA interface (substation capacity)
meso_SUB_18263_SUB_18254_rev,88.04354708970365,False,60.0,60.0,2,17.758257121822048,9247302.848728819,16350605.697457638,60 kV corridor
meso_SUB_25545_SUB_25395_fwd,3.298269740530422,False,12.0,22.18581229071958,1,3.436971781661686,791584.7377273013,2638615.7924243375,distribution voltage corridor
meso_SUB_25286_SUB_25456_rev,0.4197618873908268,False,115.0,15.612131274744094,1,7.7144147442683515,4235765.897707341,7321531.795414682,115 kV corridor
meso_SUB_19215_SUB_19238_rev,0.1004258137475968,False,60.0,8.490338119886424,1,4.954185531753231,2062837.1063506461,3053674.2127012922,60 kV corridor
meso_SUB_18301_SUB_18263_rev,156.1630088174987,False,70.0,160.0,1,18.363332898456804,4744666.579691361,8417333.159382721,70 kV corridor
iface_SUB_18301_WEC_CALN_to_ba,180.0,True,0.0,0.0,0,0.0,13500000.0,45000000.0,BA interface (substation capacity)
meso_SUB_01365_SUB_01445_fwd,83.9670835733888,False,115.0,150.0,1,8.582252599297519,4582901.039719008,8015802.079438015,115 kV corridor
meso_SUB_15376_SUB_15215_rev,21.675183327963907,False,60.0,60.0,1,8.861549268302841,2844309.8536605686,4616619.707321137,60 kV corridor
meso_SUB_15376_SUB_15290_rev,41.85445,False,60.0,60.0,1,24.51545594655653,5975091.189311306,10878182.378622612,60 kV corridor
meso_SUB_25337_SUB_25282_rev,21.80631017758928,False,70.0,80.0,1,16.98459118569299,4468918.237138598,7865836.474277196,70 kV corridor
meso_SUB_25337_SUB_25342_fwd,29.84636799510284,False,70.0,80.0,1,8.128579040247757,2697715.808049551,4323431.616099102,70 kV corridor
meso_SUB_10303_SUB_10283_fwd,24.292724755144,False,12.0,7.114514014387254,4,9.626872681350882,5830253.941234561,19434179.804115202,distribution voltage corridor
meso_SUB_25339_SUB_25532_fwd,3.552959890463917,False,60.0,60.0,1,5.658783738181813,2203756.747636363,3335513.4952727254,60 kV corridor
meso_SUB_02408_SUB_02413_fwd,17.686292513879053,False,60.0,60.0,1,5.700529831885497,2212105.966377099,3352211.9327541986,60 kV corridor
meso_SUB_25405_SUB_25464_fwd,41.37490000340313,False,12.0,18.155171899753125,3,7.786666277799031,9929976.000816751,33099920.0027225,distribution voltage corridor
meso_SUB_04256_SUB_04214_rev,18.90066750381524,False,60.0,60.0,1,44.969919126894055,10065983.825378811,19059967.650757622,60 kV corridor
meso_SUB_25477_SUB_25360_fwd,45.0,False,60.0,5.0,9,7.673694644308785,23460650.359755814,37273300.71951163,60 kV corridor
meso_SUB_08343_SUB_08202_rev,6.777832622854447,False,60.0,60.0,1,5.260398780692186,2124079.7561384374,3176159.5122768744,60 kV corridor
meso_SUB_10322_SUB_HIFLD_1086_fwd,30.612916320800775,False,115.0,5.0,7,12.56403653116031,43229302.287248865,78408604.57449773,115 kV corridor
meso_SUB_04205_SUB_04265_rev,1.2754795298338235,False,12.0,41.240548176351744,1,3.855415249075685,306115.08716011763,1020383.6238670589,distribution voltage corridor
meso_SUB_25993_SUB_HIFLD_1171_fwd,45.0,False,230.0,5.0,9,0.04393074707038549,13452452.068360163,13768753.447266938,230 kV corridor
meso_SUB_01465_SUB_01391_rev,9.76638671875,False,60.0,60.0,1,6.875781260727651,2447156.25214553,3822312.5042910604,60 kV corridor
meso_SUB_25234_SUB_25241_fwd,160.27768417557556,False,70.0,80.0,3,32.18020675951545,22524124.055709273,41832248.111418545,70 kV corridor
meso_SUB_25234_SUB_25409_fwd,6.346449311772744,False,60.0,60.0,1,7.362000267438281,2544400.053487656,4016800.1069753123,60 kV corridor
meso_SUB_01392_SUB_01467_fwd,18.903669624779155,False,60.0,120.0,1,10.007861001604736,3073572.200320947,5075144.400641894,60 kV corridor
meso_SUB_25295_SUB_25273_rev,0.2077198930938468,False,60.0,6.716844177460277,1,11.72564827456468,3417129.654912936,5762259.309825872,60 kV corridor
meso_SUB_01426_SUB_01437_rev,0.4249805510503037,False,12.0,13.912289906423922,1,1.1615771152053334,101995.33225207288,339984.44084024295,distribution voltage corridor
meso_SUB_25468_SUB_25232_rev,65.56509230945045,False,70.0,80.0,1,7.2231631047709355,2516632.620954187,3961265.2419083742,70 kV corridor
meso_SUB_01438_SUB_HIFLD_28_fwd,51.06675575988192,False,115.0,150.0,1,8.724089491839218,4639635.796735687,8129271.593471374,115 kV corridor
meso_SUB_25450_SUB_25318_rev,0.4953004880191543,False,70.0,16.132904046452495,1,7.714287246305437,2614857.4492610875,4157714.898522175,70 kV corridor
meso_SUB_25529_SUB_25285_rev,1.5915356519306556,False,115.0,201.48323522442186,1,5.400473054076129,3310189.2216304517,5470378.4432609035,115 kV corridor
meso_SUB_08337_SUB_08348_fwd,169.48459061480202,False,115.0,150.0,2,5.091413548478857,6373130.838783085,10446261.67756617,115 kV corridor
meso_SUB_HIFLD_10_SUB_01438_rev,103.58983627221728,False,115.0,150.0,1,4.991939885689633,3146775.954275853,5143551.908551706,115 kV corridor
meso_SUB_HIFLD_211_SUB_25236_rev,11.312806887023072,False,60.0,60.0,1,28.113953908640617,6694790.781728123,12317581.563456247,60 kV corridor
meso_SUB_HIFLD_211_SUB_25412_rev,253.31364244937023,False,230.0,400.0,1,65.49102139096743,80031225.66916092,132424042.78193487,230 kV corridor
meso_SUB_HIFLD_411_SUB_25429_rev,0.3714137614725405,False,70.0,12.009059015589314,1,0.07145628932318138,1086291.2578646364,1100582.5157292725,70 kV corridor
meso_SUB_HIFLD_659_SUB_15376_rev,53.49,False,60.0,60.0,1,8.589563938928976,2789912.787785795,4507825.57557159,60 kV corridor
meso_SUB_HIFLD_1020_SUB_08389_rev,18.342381161452494,False,115.0,150.0,1,2.8196183783645683,2277847.3513458273,3405694.7026916547,115 kV corridor
iface_SUB_HIFLD_1077_WEC_CALN_to_ba,207.83198653961185,True,0.0,0.0,0,0.0,15587398.990470888,51957996.63490296,BA interface (substation capacity)
iface_SUB_HIFLD_1086_WEC_CALN_to_ba,23.104150376513928,True,0.0,0.0,0,0.0,1732811.2782385447,5776037.594128482,BA interface (substation capacity)
meso_SUB_HIFLD_1102_SUB_16368_rev,104.7,False,115.0,150.0,1,53.057907689088495,22373163.0756354,43596326.1512708,115 kV corridor
meso_SUB_HIFLD_1170_SUB_25235_rev,254.4912419398233,False,115.0,150.0,2,40.14235135395233,34413881.08316186,66527762.16632373,115 kV corridor
meso_SUB_HIFLD_1190_SUB_25206_rev,15.838492534827452,False,115.0,150.0,1,19.613581147318914,8995432.458927566,16840864.917855132,115 kV corridor
meso_SUB_HIFLD_1195_SUB_08319_rev,39.38490352886356,False,115.0,150.0,1,12.650828698681316,6210331.479472526,11270662.958945053,115 kV corridor
meso_SUB_HIFLD_1195_SUB_18201_rev,62.74049783317679,False,115.0,150.0,1,13.698273051834676,6629309.22073387,12108618.44146774,115 kV corridor
meso_SUB_HIFLD_1295_SUB_HIFLD_1294_fwd,45.0,False,230.0,5.0,9,6.690084555523773,85230913.19965675,133399521.99942793,230 kV corridor
iface_SUB_HIFLD_1300_WEC_CALN_to_ba,124.30634146997828,True,0.0,0.0,0,0.0,9322975.61024837,31076585.36749457,BA interface (substation capacity)
meso_SUB_HIFLD_1324_SUB_10375_rev,111.6415015046772,False,115.0,150.0,1,32.739509690208656,14245803.876083463,27341607.752166927,115 kV corridor
iface_SUB_HIFLD_1324_WEC_CALN_to_ba,36.58943534117225,True,0.0,0.0,0,0.0,2744207.6505879187,9147358.835293062,BA interface (substation capacity)
meso_SUB_HIFLD_1360_SUB_04350_rev,0.6098095277060125,False,12.0,19.717187894974394,1,3.7712534478775788,146354.28664944298,487847.62216480996,distribution voltage corridor
meso_SUB_HIFLD_1432_SUB_08348_rev,133.59887717558178,False,115.0,150.0,1,22.64309674637285,10207238.69854914,19264477.39709828,115 kV corridor
meso_SUB_HIFLD_1432_SUB_08339_rev,109.281927057384,False,115.0,150.0,1,9.41148399168058,4914593.596672231,8679187.193344463,115 kV corridor
meso_SUB_HIFLD_1434_SUB_08318_rev,51.55000000000001,False,115.0,150.0,1,1.6016566514728519,1790662.6605891408,2431325.3211782817,115 kV corridor
meso_SUB_HIFLD_1851_SUB_HIFLD_1833_rev,21.384611060790206,False,115.0,150.0,1,15.371851494051255,7298740.597620502,13447481.195241004,115 kV corridor
meso_SUB_HIFLD_1874_SUB_18208_rev,20.795497695080883,False,60.0,60.0,1,7.470732678592315,2566146.535718463,4060293.071436926,60 kV corridor
meso_SUB_HIFLD_1874_SUB_HIFLD_1195_rev,36.92189147462702,False,60.0,60.0,1,67.08462547079286,14488925.094158571,27905850.188317142,60 kV corridor
iface_SUB_HIFLD_2013_WEC_CALN_to_ba,45.0,True,0.0,0.0,0,0.0,3375000.0,11250000.0,BA interface (substation capacity)
meso_SUB_HIFLD_2062_SUB_02409_rev,0.1331112397754488,False,60.0,21.04878107659053,1,0.03080315730557243,1078160.6314611144,1084321.262922229,60 kV corridor
meso_SUB_HIFLD_2131_SUB_08224_rev,0.7248669147655242,False,60.0,23.437363272090142,1,0.031794832885714525,1078358.966577143,1084717.933154286,60 kV corridor
meso_SUB_HIFLD_2245_SUB_06270_rev,22.690058616342696,False,115.0,150.0,1,14.154238930740838,6811695.572296335,12473391.14459267,115 kV corridor
meso_SUB_HIFLD_2399_SUB_HIFLD_3523_fwd,122.3,False,115.0,150.0,1,23.41147493194085,10514589.97277634,19879179.94555268,115 kV corridor
meso_SUB_HIFLD_2456_SUB_10252_rev,19.1184425251175,False,60.0,60.0,1,28.793002447600355,6830600.489520071,12589200.979040142,60 kV corridor
meso_SUB_HIFLD_2456_SUB_15379_rev,227.66673541950024,False,60.0,60.0,4,12.918435678684387,14622748.54294751,24957497.08589502,60 kV corridor
iface_SUB_HIFLD_2456_WEC_CALN_to_ba,9.69666554588548,True,0.0,0.0,0,0.0,727249.915941411,2424166.3864713702,BA interface (substation capacity)
meso_SUB_HIFLD_2470_SUB_10293_rev,314.0,False,230.0,400.0,1,29.238845893505598,36528615.07220672,59919691.7870112,230 kV corridor
meso_SUB_HIFLD_2713_SUB_04256_fwd,45.0,False,230.0,5.0,9,24.231408026890495,274677206.69041735,449143344.48402894,230 kV corridor
meso_SUB_HIFLD_3491_SUB_16374_rev,22.083092883153512,False,60.0,60.0,1,1.7687313688474942,1425746.2737694988,1779492.5475389976,60 kV corridor
meso_SUB_HIFLD_3523_SUB_01222_rev,217.0310000000001,False,115.0,150.0,2,118.58610581394845,97168884.65115876,192037769.30231753,115 kV corridor
meso_SUB_HIFLD_4241_SUB_HIFLD_2869_fwd,19.19638030602,False,0.0,5.0,4,3.6124422751681657,4607131.2734448,15357104.244816002,distribution voltage corridor
