node,planned_MW,installed_MW,built_MW,discharge_MWh,charge_MWh
SUB_02409,0.0,0.2582358051643752,0.0,1.5425401676977915,1.7139335196642127
SUB_25460,0.0,0.43806347656250016,0.0,6.989434313796517,7.7660381264405745
SUB_10319,0.0,0.10944921874999913,0.0,0.9344938123152118,1.038326458128013
SUB_16211,0.0,0.3935925781249985,0.0,1.0211156249999984,1.1345729166666652
SUB_25292,0.0,11.236931889483703,0.0,130.55993612744973,145.0665956971664
SUB_25429,0.0,0.7205426972567288,0.0,14.185686429391927,15.761873810435478
SUB_10352,0.0,4.635346875000003,0.0,45.43656207744316,50.48506897493685
SUB_18322,0.0,0.05152768554687537,0.0,0.48883454665519516,0.5431494962835501
SUB_01267,0.0,0.16599365234374996,0.0,3.749222205167515,4.165802450186128
SUB_10361,0.0,3.4626484375000004,0.0,79.15737915039061,87.95264350043402
SUB_25470,0.0,0.18388281250000205,0.0,1.0540596495692216,1.1711773884102463
SUB_08369,0.0,0.8563226562499935,0.0,16.98875714894198,18.876396832157752
SUB_01206,0.0,1.0009366131289497,0.0,22.4792721337422,24.976969037491337
SUB_15803,0.0,1.9853974609375011,0.0,46.67343847656251,51.859376085069464
SUB_15259,0.0,2.050252148437501,0.0,51.513043164062495,57.236714626736116
SUB_02227,0.0,0.09231253199370215,0.0,0.30888233790638786,0.34320259767376426
SUB_01331,0.0,0.26573046875000017,0.0,5.441103835494365,6.045670928327073
SUB_18310,0.0,1.2017587890625023,0.0,64.94648229403205,72.16275810448005
SUB_08311,0.0,0.32987402343750005,0.0,15.169946195622888,16.855495772914324
SUB_02244,0.0,0.5038549804687493,0.0,8.333163614092626,9.259070682325142
SUB_25273,0.0,0.4029765926020641,0.0,38.55913160440328,42.84347956044809
SUB_25415,0.0,0.8859238281250015,0.0,3.0057538860913757,3.3397265401015295
SUB_02405,0.0,0.9147214843750008,0.0,10.085139523123832,11.205710581248704
SUB_01233,0.0,0.010701171875000526,0.0,0.11702283923869015,0.13002537693187796
SUB_25469,0.0,0.02728663063049316,0.0,0.19844428976989387,0.22049365529988207
SUB_16267,0.0,1.2901511718749958,0.0,20.221707616040778,22.468564017823088
SUB_01437,0.0,0.8244622690375891,0.0,6.687837315391898,7.430930350435444
SUB_18233,0.0,1.6265613281249998,0.0,27.59613696059838,30.662374400664866
SUB_25204,0.0,151.02453125000002,0.0,3642.8756491702948,4047.639610189217
SUB_02268,0.0,0.63311328125,0.0,22.011664450061005,24.457404944512234
SUB_02247,0.0,0.35714111328124964,0.0,4.215138461649374,4.683487179610417
SUB_02267,0.0,0.8707202148437503,0.0,39.373214416503906,43.74801601833768
SUB_02240,0.0,0.3645908203125004,0.0,7.003208021092499,7.781342245658333
SUB_18273,0.0,0.9535984374999984,0.0,12.185846941609094,13.539829935121217
SUB_18260,0.0,4.138656250000011,0.0,126.53396928407082,140.5932992045232
SUB_01264,0.0,0.1150281372070312,0.0,5.230126703790413,5.811251893100459
SUB_25512,0.0,0.8175890625000051,0.0,2.901615280412601,3.224016978236224
SUB_10356,0.0,0.04625917968750137,0.0,0.11090021214585094,0.12322245793983441
SUB_04203,0.0,4.292342187499997,0.0,37.91473950448163,42.12748833831292
SUB_16380,0.0,4.910360937500002,0.0,43.55516193429372,48.39462437143748
SUB_01317,0.0,0.3278134765624996,0.0,7.0892678899250505,7.876964322138946
SUB_18267,0.0,76.58928124999994,0.0,2121.08258867483,2356.7584318609224
SUB_08284,0.0,0.9010685546875016,0.0,11.433232400685656,12.703591556317395
SUB_04257,0.0,5.560771875,0.0,98.30625390539896,109.22917100599885
SUB_02259,0.0,1.1460336914062506,0.0,38.88365451115007,43.20406056794452
SUB_10340,0.0,1.90474296875,0.0,7.936321484375007,8.818134982638899
SUB_04265,0.0,2.474430287877624,0.0,21.325120276358746,23.69457808484305
SUB_18296,0.0,0.802833984374999,0.0,6.862435527844889,7.6249283642721
SUB_04275,0.0,2.442341406249998,0.0,34.17898275795886,37.97664750884318
SUB_16319,0.0,3.7012640625000017,0.0,12.872137172139212,14.302374635710237
SUB_06317,0.0,0.11727578125000092,0.0,0.354628958229667,0.3940321758107411
SUB_19215,0.0,1.7164000000000001,0.0,9.041813671875012,10.046459635416678
SUB_18301,0.0,1.946141796874997,0.0,96.62418041848635,107.36020046498484
SUB_25396,0.0,2.9949517898029967,0.0,9.284056352615034,10.31561816957226
SUB_19212,0.0,4.665587890625002,0.0,87.31077060546879,97.01196733940978
SUB_01374,0.0,0.804375732421875,0.0,27.36969982260937,30.410777580677077
SUB_15376,0.0,32.19070234375002,0.0,0.1919352832031224,0.21326142578124774
SUB_25392,0.0,57.78331406250002,0.0,2229.5130332722792,2477.2367036358664
SUB_08219,0.0,3.237089843749999,0.0,36.24773202493323,40.275257805481374
SUB_01409,0.0,4.259287500000028,0.0,18.53653525587106,20.59615028430118
SUB_06319,0.0,0.025460937500003666,0.0,0.08282338075542547,0.09202597861713943
SUB_02413,0.0,5.062776562500005,0.0,94.15277894163837,104.61419882404266
SUB_08224,0.0,1.406241814645128,0.0,9.029923891916402,10.033248768796003
SUB_25456,0.0,0.7862075144964606,0.0,8.233046210465414,9.147829122739347
SUB_25318,0.0,0.9608829467571596,0.0,10.50775110604944,11.675279006721603
SUB_18297,0.0,0.9169933593750025,0.0,25.68075099116471,28.534167767960795
SUB_19238,0.0,0.19482607867033863,0.0,0.5441322998743701,0.6045914443048557
SUB_02418,0.0,2.284036980915701,0.0,16.616918228348034,18.46324247594226
SUB_04350,0.0,1.1830304837496755,0.0,4.768016886873067,5.297796540970074
SUB_25237,0.0,1.9163104804956532,0.0,27.81711552659458,30.907906140660643
SUB_08319,0.0,0.16900781250001276,0.0,1.9075629520881723,2.119514391209081
SUB_01338,0.0,0.956673583984375,0.0,33.34972338256836,37.05524820285373
SUB_01302,0.0,0.67163720703125,0.0,27.93357361902809,31.037304021142322
SUB_15247,0.0,2.9482585937500003,0.0,68.40906099609373,76.01006777343744
SUB_06381,0.0,0.198377031330903,0.0,0.9262060890365369,1.0291178767072633
SUB_25457,0.0,0.3044562500000154,0.0,0.866497678086319,0.962775197873688
SUB_HIFLD_576,0.0,147.01782180155186,0.0,7026.689405743524,7807.432673048363
SUB_HIFLD_580,0.0,90.67384375,0.0,5651.442289786387,6279.380321984874
SUB_HIFLD_853,0.0,5.118156249999998,0.0,187.17825637600987,207.97584041778876
SUB_HIFLD_877,0.0,50.86724859693746,0.0,2151.1086550176506,2390.12072779739
SUB_HIFLD_878,0.0,17.22233664062503,0.0,924.2143193663753,1026.9047992959727
SUB_HIFLD_891,0.0,101.66206044375002,0.0,2046.2350115371974,2273.5944572635535
SUB_HIFLD_900,0.0,2.864781249999993,0.0,215.28008582657083,239.20009536285656
SUB_HIFLD_925,0.0,121.35245625000005,0.0,2786.863492968748,3096.5149921874977
SUB_HIFLD_933,0.0,3.759338906250065,0.0,67.76201860934754,75.29113178816394
SUB_HIFLD_936,0.0,64.70301953125,0.0,1581.8557244163485,1757.617471573721
SUB_HIFLD_937,0.0,3.7679462499999934,0.0,230.9787798754923,256.643088750547
SUB_HIFLD_941,0.0,65.13494033281253,0.0,4897.415149339566,5441.572388155073
SUB_HIFLD_943,0.0,27.54407480159375,0.0,976.1287618210492,1084.5875131344992
SUB_HIFLD_945,0.0,8.116224609375001,0.0,381.5842807100231,423.982534122248
SUB_HIFLD_956,0.0,75.981546875,0.0,1142.0101031134845,1268.9001145705386
SUB_HIFLD_960,0.0,5.103286132812499,0.0,367.5090272648353,408.34336362759484
SUB_HIFLD_961,0.0,98.344019140625,0.0,2297.8606402012174,2553.1784891124644
SUB_HIFLD_963,0.0,3.727928750000018,0.0,203.96431540382883,226.6270171153654
SUB_HIFLD_964,0.0,97.311895,0.0,2074.448907567797,2304.9432306308863
SUB_HIFLD_966,0.0,43.64248000000001,0.0,52.14155136328102,57.93505707031238
SUB_HIFLD_972,0.0,110.18391187500005,0.0,0.0,0.0
SUB_HIFLD_974,0.0,14.87309265260635,0.0,417.1340075345315,463.482230593924
SUB_HIFLD_1593,0.0,6.317261718749997,0.0,394.12029249864804,437.91143610960887
SUB_HIFLD_1622,0.0,1.7485468750000024,0.0,51.13608431158934,56.8178714573215
SUB_HIFLD_1646,0.0,26.45177441466222,0.0,1758.37867330968,1953.7540814551999
SUB_HIFLD_1684,0.0,43.18309341530108,0.0,1286.383718589082,1429.315242876758
SUB_HIFLD_1746,0.0,29.06628125,0.0,840.0430045737271,933.3811161930302
SUB_HIFLD_1763,0.0,195.390453125,0.0,2902.0775226801784,3224.5305807557543
SUB_HIFLD_1777,0.0,5.7683864078752505,0.0,129.50327145901497,143.89252384334998
SUB_HIFLD_2000,0.0,92.47993258593752,0.0,5374.068527020715,5971.187252245239
SUB_HIFLD_2490,0.0,192.359140625,0.0,5399.051824759916,5998.9464719554635
SUB_HIFLD_2873,0.0,10.884375000000006,0.0,211.84738798444172,235.38598664937973
SUB_HIFLD_2950,0.0,0.8441653547468952,0.0,24.14439346339814,26.82710384822015
SUB_HIFLD_3004,0.0,0.3102529870566517,0.0,13.373076233197867,14.85897359244208
SUB_HIFLD_3009,0.0,14.15297265625,0.0,468.4881771950831,520.5424191056479
SUB_HIFLD_3046,0.0,2.378934234505337,0.0,133.73074027669844,148.58971141855386
SUB_HIFLD_3062,0.0,118.2517890625,0.0,7049.916621869412,7833.240690966014
SUB_HIFLD_3179,0.0,0.7321188714719264,0.0,22.5409231689045,25.04547018767167
SUB_HIFLD_3210,0.0,1.935806910285912,0.0,41.31215365375184,45.90239294861317
SUB_HIFLD_3266,0.0,1.2227096802764494,0.0,0.422282973488191,0.46920330387576775
SUB_HIFLD_3267,0.0,0.4726796666250843,0.0,0.4254116999625759,0.4726796666250843
SUB_HIFLD_3359,0.0,0.3658916166683337,0.0,8.431549400265492,9.368388222517215
SUB_HIFLD_3403,0.0,0.4549677444289415,0.0,14.016051875635345,15.573390972928163
SUB_HIFLD_3511,0.0,13.465719897783941,0.0,675.085033079805,750.0944811997834
SUB_HIFLD_3513,0.0,50.399116718749994,0.0,2075.5895018449464,2306.2105576054964
SUB_HIFLD_3723,0.0,0.4231313578449747,0.0,11.683556230454656,12.981729144949618
SUB_HIFLD_3745,0.0,0.5566386718749996,0.0,18.56872620317381,20.63191800352646
SUB_HIFLD_3753,0.0,0.7530643309565406,0.0,18.80662653888725,20.896251709874722
SUB_HIFLD_3926,0.0,14.479624999999999,0.0,1338.6494322378585,1487.388258042065
SUB_HIFLD_3954,0.0,20.82657312500001,0.0,1013.2703591907143,1125.8559546563497
SUB_HIFLD_3981,0.0,0.3395095441236737,0.0,12.105377149249069,13.450419054721191
SUB_HIFLD_3985,0.0,0.4976817435017864,0.0,11.282959010008916,12.536621122232129
SUB_HIFLD_4029,0.0,104.73835062500004,0.0,1182.9805242099092,1314.422804677677
SUB_HIFLD_4438,0.0,37.761753750000025,0.0,2996.9931121683185,3329.992346853687
