node,shortfall_MWh,shortfall_GWh,peak_MW,hours_short,longest_run_h,longest_run_MWh
SUB_HIFLD_972,17246.734134140628,17.246734134140628,55.09195593750002,672,672,17246.73413414062
SUB_HIFLD_1763,5235.859142197619,5.235859142197619,96.77240911655535,93,8,501.04812074998733
SUB_15376,4972.419879560547,4.972419879560547,16.09535117187501,669,640,4793.325281513672
SUB_HIFLD_966,3663.4425112929694,3.663442511292969,21.821240000000007,550,71,962.7875302343749
SUB_HIFLD_925,3227.9988289062553,3.227998828906255,60.67622812500002,156,4,237.94752812500008
SUB_HIFLD_956,2422.72454425652,2.42272454425652,37.9907734375,84,4,150.43069921875
SUB_HIFLD_964,2149.358478129391,2.149358478129391,48.65594750000001,86,4,158.46583687500004
SUB_HIFLD_4029,1776.0209305799713,1.7760209305799712,52.11566351562501,55,3,146.71904835937502
SUB_HIFLD_891,1310.3677465381606,1.3103677465381607,50.83103022187501,42,2,99.13733251406248
SUB_25392,1219.8330189246158,1.2198330189246158,87.12704687499999,45,1,87.12704687499999
SUB_HIFLD_1746,1185.918744200826,1.185918744200826,14.533140625,92,4,57.45614257812501
SUB_HIFLD_961,1102.207682897631,1.102207682897631,48.57018199218751,46,2,74.75166804023436
SUB_18267,306.28153085641827,0.3062815308564183,33.55871874999998,20,1,33.55871874999998
SUB_HIFLD_3513,299.6860047311705,0.2996860047311705,23.533658359375018,25,3,31.1765271484375
SUB_15247,191.27509032226578,0.19127509032226578,1.4372992187499998,294,7,9.059691943359379
SUB_HIFLD_943,173.4767806892346,0.1734767806892346,43.829100212515655,11,1,43.829100212515655
SUB_25204,117.89542187500001,0.11789542187500002,65.5737578125,2,1,65.5737578125
SUB_HIFLD_3954,57.44015945660145,0.05744015945660145,9.748341250000003,15,1,9.748341250000003
SUB_HIFLD_4438,46.44720431891077,0.04644720431891077,17.84954093750001,9,1,17.84954093750001
SUB_HIFLD_936,37.925460827179734,0.037925460827179736,30.28397265625,3,1,30.28397265625
