state,ratio_required,renewable_MWh,other_MWh,share,shortfall_MWh,non_compliance_cost_per_MWh,non_compliance_cost_total,adder_on_in_state_other_per_MWh
AZ,0.086690195,421282.68219401647,6441065.051846672,0.061390459726230855,173615.58102777897,50.0,8680779.05138895,4.33450975
CA,0.447622503,8613191.070839211,10628895.761509353,0.44762250300000034,0.0,50.0,0.0,0.0
CO,0.195712274,1352520.1164349096,3338239.388800881,0.2883371264131612,0.0,50.0,0.0,0.0
MT,0.0,280127.2455,1544492.3286582062,0.15352638405692737,0.0,50.0,0.0,0.0
NE,0.0,9931.83,0.0,1.0,0.0,50.0,0.0,0.0
NM,0.363695731,700557.3975999999,1225660.9709076018,0.36369573100000013,0.0,50.0,0.0,0.0
NV,0.291710789,741895.0041979841,1801360.275256157,0.29171078900000047,0.0,50.0,0.0,0.0
OR,0.202639484,1221359.8938997157,3780979.0796042206,0.2441577630722219,0.0,50.0,0.0,0.0
TX,0.039919281,1841.5978,322700.2244862452,0.005674454487951062,11113.878400096684,50.0,555693.9200048342,1.99596405
WA,0.129821978,1161149.1727,7783015.679725841,0.12982197799999992,6.984919309616089e-10,50.0,3.4924596548080444e-08,0.0
