hour,battery,biomass,coal,geothermal,hydro,import,natural gas,non-fossil,nuclear,oil,pump hydro,solar,waste,wind
0,0.0000,326.7184,11821.4563,2924.7401,12396.2289,1000.0000,13109.1527,390.6000,7357.0000,0.0000,0.0000,0.0000,562.0000,23334.4633
1,0.0000,314.4085,12450.4049,2924.7401,12731.2545,1000.0000,12422.6865,390.6000,7357.0000,0.0000,0.0000,0.0000,562.0000,20559.6071
2,0.0000,326.6595,12695.6870,2924.7401,12869.4509,1000.0000,12977.1039,390.6000,7357.0000,0.0000,0.0000,0.0000,562.0000,18850.4967
3,0.0000,326.6007,12794.9329,2924.7401,14512.6874,1000.0000,13116.3811,390.6000,7357.0000,0.0000,0.0000,0.0000,562.0000,17583.8178
4,0.0000,327.4373,13532.9297,2924.7401,16185.4072,1000.0000,12996.3281,390.6000,7357.0000,0.0000,0.0000,0.0000,562.0000,18372.5155
5,-2.5000,332.1057,13394.0667,2924.7401,19637.5584,1000.0000,13042.8630,390.6000,7357.0000,0.0000,-8.9268,0.0000,562.0000,20885.8192
6,0.0000,333.1320,13781.1190,2924.7401,23945.0634,1000.0000,13552.7808,390.6000,7357.0000,0.0000,0.0000,0.0000,562.0000,21544.5611
7,-21.9627,290.7049,13957.1233,2924.7401,24729.4888,1000.0000,13688.6932,390.6000,7357.0000,0.0000,0.0000,1556.1995,562.0000,21234.0696
8,-28.1962,290.7360,13731.6870,2924.7401,21073.0678,1000.0000,13043.5390,390.6000,7357.0000,0.0000,0.0000,6400.7518,562.0000,21154.1977
9,-26.7250,290.1329,13731.6870,2924.7401,17297.6326,1000.0000,12423.9888,390.6000,7357.0000,0.0000,0.0000,9668.5392,562.0000,21197.3414
10,-410.7656,241.7528,13164.3958,2924.7401,17057.3369,1000.0000,9315.0055,390.6000,7357.0000,0.0000,-15.5571,13990.3933,562.0000,20784.9862
11,-505.0526,240.8439,13152.9986,2924.7401,16288.5283,1000.0000,9604.4867,390.6000,7357.0000,0.0000,-32.4072,13124.6048,562.0000,20620.5362
12,-479.5526,239.4489,13113.9844,2924.7401,15792.6239,1000.0000,9236.3160,390.6000,7357.0000,0.0000,-513.4117,14269.0843,562.0000,20140.4861
13,-174.5187,238.6154,13105.8696,2924.7401,14815.2431,1000.0000,9700.0949,390.6000,7357.0000,0.0000,-43.7353,12441.7364,562.0000,20601.6836
14,-509.5635,238.4800,12129.5569,2924.7401,14030.8132,1000.0000,9505.8032,390.6000,7357.0000,0.0000,-564.9160,15170.1185,562.0000,20402.3065
15,2.3704,283.1585,13045.7133,2924.7401,15124.3773,1000.0000,11022.0560,390.6000,7357.0000,0.0000,-49.5915,10374.4033,562.0000,19498.2138
16,-30.7722,238.5539,13162.7784,2924.7401,15248.5569,1000.0000,9959.9192,390.6000,7357.0000,0.0000,-35.0749,14291.3338,562.0000,17837.0501
17,19.2589,333.4900,14281.4697,2924.7401,24201.2848,1000.0000,14102.3521,390.6000,7357.0000,0.0000,0.0000,3586.7836,562.0000,17125.7705
18,29.0317,351.0918,15635.2473,2924.7401,29366.4949,1000.0000,15401.9195,390.6000,7357.0000,0.0000,0.0000,83.3742,562.0000,16296.9805
19,82.5811,356.6958,15682.0842,2924.7401,30149.7296,1000.0000,15840.1294,390.6000,7357.0000,0.0000,0.0000,0.0000,562.0000,15240.0855
20,29.5000,392.9102,14248.7349,2924.7401,28563.5606,1000.0000,15518.3421,390.6000,7357.0000,0.0000,0.0000,0.0000,562.0000,16188.3775
21,1.5000,349.0256,13258.8210,2924.7401,23815.2071,1000.0000,14626.6211,390.6000,7357.0000,0.0000,0.0000,0.0000,562.0000,18601.8056
22,0.0000,342.7207,12798.3438,2924.7401,19794.4906,1000.0000,14108.5364,390.6000,7357.0000,0.0000,0.0000,0.0000,562.0000,18917.4034
23,0.0000,335.9777,12712.6870,2924.7401,15188.7985,1000.0000,13697.2944,390.6000,7357.0000,0.0000,0.0000,0.0000,562.0000,19718.7961
24,0.0000,409.2564,12024.6038,2924.7401,10399.7295,1000.0000,15573.3163,390.6000,7357.0000,0.0000,0.0000,0.0000,562.0000,20704.0036
25,0.0000,405.4600,11793.1666,2924.7401,8493.5946,1000.0000,14913.4935,390.6000,7357.0000,0.0000,0.0000,0.0000,562.0000,21367.9999
26,0.0000,403.4804,11787.6188,2924.7401,7251.7664,1000.0000,14758.3479,390.6000,7357.0000,0.0000,0.0000,0.0000,562.0000,22009.3547
27,0.0000,403.4231,11888.1287,2924.7401,7897.1192,1000.0000,14833.9374,390.6000,7357.0000,0.0000,0.0000,0.0000,562.0000,21587.8394
28,0.0000,382.9078,12786.0250,2924.7401,10115.1245,1000.0000,14544.4673,390.6000,7357.0000,0.0000,0.0000,0.0000,562.0000,21654.5776
29,0.0000,422.9380,14147.4874,2924.7401,13529.4286,1000.0000,15751.4977,390.6000,7357.0000,0.0000,0.0000,0.0000,562.0000,21092.1918
30,0.0000,429.5068,14226.3148,2924.7401,19238.9464,1000.0000,15888.4186,390.6000,7357.0000,0.0000,0.0000,0.0000,562.0000,20890.3182
31,-28.0000,387.6152,14086.1119,2924.7401,20819.3111,1000.0000,15109.7958,390.6000,7357.0000,0.0000,-4.0935,1945.9763,562.0000,20417.3463
32,-25.6975,386.6095,13964.1283,2924.7401,17674.2324,1000.0000,14880.5649,390.6000,7357.0000,0.0000,-2.3817,6571.5519,562.0000,19842.5583
33,-28.0000,379.6637,14205.0792,2924.7401,16985.6436,1000.0000,15101.5999,390.6000,7357.0000,0.0000,-2.1958,8336.3714,562.0000,17289.0532
34,0.0000,374.4391,14680.4311,2924.7401,18119.9808,1000.0000,15124.4047,390.6000,7357.0000,0.0000,0.0000,9234.8413,562.0000,14232.9874
35,-64.2870,342.8273,14591.7127,2924.7401,19443.5003,1000.0000,13367.1200,390.6000,7357.0000,0.0000,-9.9650,12277.0412,562.0000,11055.6688
36,-29.1693,366.0246,14913.9325,2924.7401,19620.1156,1000.0000,15136.2492,390.6000,7357.0000,0.0000,-0.0897,9661.9799,562.0000,10271.3332
37,-1.5000,333.2838,14897.7190,2924.7401,18940.2460,1000.0000,13992.8530,390.6000,7357.0000,0.0000,0.0000,10999.4357,562.0000,10211.2490
38,-29.0000,339.1495,14722.6338,2924.7401,18341.2366,1000.0000,14171.0474,390.6000,7357.0000,0.0000,0.0000,10875.2115,562.0000,10180.8337
39,-4.7000,369.3333,14274.0237,2924.7401,20754.2541,1000.0000,14890.0142,390.6000,7357.0000,0.0000,-1.5105,7545.4392,562.0000,10446.9838
40,0.0000,410.3489,14155.7116,2924.7401,22782.6713,1000.0000,15668.5814,390.6000,7357.0000,0.0000,-5.1013,5661.2511,562.0000,10682.3194
41,0.0000,427.2460,14760.3910,2924.7401,26469.8865,1000.0000,17781.9804,390.6000,7357.0000,0.0000,0.0000,3904.4823,562.0000,10017.1604
42,30.8858,428.6985,16314.8794,2924.7401,31360.2455,1000.0000,19330.9613,390.6000,7357.0000,0.0000,0.0000,69.5468,562.0000,9053.7701
43,45.8781,432.0942,16164.7255,2924.7401,30145.0146,1000.0000,19221.7967,390.6000,7357.0000,0.0000,0.0000,0.0000,562.0000,10860.4631
44,89.7895,432.8766,15218.8540,2924.7401,29210.8763,1000.0000,18524.2021,390.6000,7357.0000,0.0000,0.0000,0.0000,562.0000,10872.2788
45,30.0000,430.5914,14339.0241,2924.7401,26903.1896,1000.0000,18116.0297,390.6000,7357.0000,0.0000,0.0000,0.0000,562.0000,10361.9140
46,90.2870,427.6481,13891.6059,2924.7401,22872.5428,1000.0000,17314.5620,390.6000,7357.0000,0.0000,0.0000,0.0000,562.0000,10799.6869
47,52.9215,423.7468,13204.0047,2924.7401,17446.2294,1000.0000,17022.0122,390.6000,7357.0000,0.0000,0.0000,0.0000,562.0000,12837.6915
48,0.0000,390.0743,12560.5733,2924.7401,15925.3380,1000.0000,15714.5359,390.6000,7357.0000,0.0000,0.0000,0.0000,562.0000,13842.5993
49,0.0000,359.0670,12359.0350,2924.7401,14652.1896,1000.0000,14319.6501,390.6000,7357.0000,0.0000,0.0000,0.0000,562.0000,14335.7880
50,0.0000,364.2720,12695.6870,2924.7401,13810.9251,1000.0000,14707.8066,390.6000,7357.0000,0.0000,0.0000,0.0000,562.0000,13548.2075
51,0.0000,344.5152,12695.6870,2924.7401,14163.5443,1000.0000,13383.8945,390.6000,7357.0000,0.0000,0.0000,0.0000,562.0000,15073.6669
52,0.0000,345.8559,12695.6870,2924.7401,15413.6912,1000.0000,13534.8366,390.6000,7357.0000,0.0000,0.0000,0.0000,562.0000,16450.5414
53,0.0000,352.3976,13063.8108,2924.7401,18483.8076,1000.0000,14434.2913,390.6000,7357.0000,0.0000,0.0000,0.0000,562.0000,17611.0406
54,0.0000,396.6579,12760.8767,2924.7401,23343.0305,1000.0000,15516.4247,390.6000,7357.0000,0.0000,0.0000,0.0000,562.0000,17651.7956
55,0.0000,401.3876,12885.7306,2924.7401,21304.6716,1000.0000,15151.2707,390.6000,7357.0000,0.0000,0.0000,3016.4333,562.0000,18975.3463
56,-28.0000,386.6257,12724.7919,2924.7401,22793.5990,1000.0000,14305.9486,390.6000,7357.0000,0.0000,-10.7273,4887.0928,562.0000,17041.3530
57,-20.6589,371.7929,13516.5634,2924.7401,19009.5027,1000.0000,13760.7312,390.6000,7357.0000,0.0000,-10.8691,8500.1380,562.0000,15805.9995
58,-28.0000,305.3496,12815.7996,2924.7401,17705.0034,1000.0000,12894.8573,390.6000,7357.0000,0.0000,-9.5542,12400.1404,562.0000,14943.7960
59,-64.2870,303.1038,12930.2324,2924.7401,16592.4877,1000.0000,12000.9912,390.6000,7357.0000,0.0000,-10.5330,12550.4256,562.0000,15987.6887
60,-49.0909,300.9450,12964.7456,2924.7401,16501.0840,1000.0000,12007.8459,390.6000,7357.0000,0.0000,-10.5143,11275.8295,562.0000,16171.7712
61,-64.2870,320.3370,13108.5846,2924.7401,16623.5510,1000.0000,11872.8771,390.6000,7357.0000,0.0000,-10.7364,12454.4448,562.0000,14147.7289
62,-97.2870,301.7135,12805.4758,2924.7401,15463.9411,1000.0000,11489.5951,390.6000,7357.0000,0.0000,-19.1915,13910.9532,562.0000,14523.2506
63,-68.4870,298.9946,13192.0558,2924.7401,12431.3619,1000.0000,12194.7282,390.6000,7357.0000,0.0000,-10.6466,12511.7380,562.0000,17533.0269
64,0.0000,349.2241,13533.2821,2924.7401,13422.8273,1000.0000,13438.5120,390.6000,7357.0000,0.0000,-10.6837,11231.8491,562.0000,16946.3332
65,0.0000,394.4872,14379.5412,2924.7401,21006.9768,1000.0000,14748.6359,390.6000,7357.0000,0.0000,0.0000,5979.2960,562.0000,15690.1464
66,28.6878,397.5792,15370.6048,2924.7401,28473.8160,1000.0000,16154.8100,390.6000,7357.0000,0.0000,0.0000,287.6504,562.0000,15107.8812
67,174.1932,401.7402,15833.6000,2924.7401,27620.6860,1000.0000,17369.9156,390.6000,7357.0000,0.0000,0.0000,0.0000,562.0000,14764.7052
68,29.5000,410.0902,14371.9320,2924.7401,27271.5891,1000.0000,16759.5301,390.6000,7357.0000,0.0000,0.0000,0.0000,562.0000,15116.7412
69,1.3439,399.3002,13314.9331,2924.7401,24377.2044,1000.0000,15805.0599,390.6000,7357.0000,0.0000,0.0000,0.0000,562.0000,15978.8539
70,0.5000,415.0485,12343.6366,2924.7401,20630.9058,1000.0000,15277.6043,390.6000,7357.0000,0.0000,0.0000,0.0000,562.0000,16398.6476
71,19.2589,378.0050,12005.4036,2924.7401,17793.1518,1000.0000,14613.7405,390.6000,7357.0000,0.0000,0.0000,0.0000,562.0000,15967.1190
72,0.0000,409.2519,11693.1085,2924.7401,16269.3589,1000.0000,14275.8909,390.6000,7357.0000,0.0000,0.0000,0.0000,562.0000,15784.2879
73,0.0000,405.4556,11362.2823,2924.7401,14517.6211,1000.0000,13880.2990,390.6000,7357.0000,0.0000,0.0000,0.0000,562.0000,15986.3714
74,0.0000,403.4757,11225.0177,2924.7401,12891.4153,1000.0000,13958.5364,390.6000,7357.0000,0.0000,0.0000,0.0000,562.0000,16813.7346
75,0.0000,403.4198,11305.7547,2924.7401,13320.7971,1000.0000,13126.5893,390.6000,7357.0000,0.0000,0.0000,0.0000,562.0000,17826.3310
76,-0.8465,405.4447,11877.1575,2924.7401,14896.2467,1000.0000,13329.8907,390.6000,7357.0000,0.0000,0.0000,0.0000,562.0000,18413.6088
77,0.0000,410.3377,12352.6870,2924.7401,18659.0244,1000.0000,14248.5928,390.6000,7357.0000,0.0000,0.0000,0.0000,562.0000,18661.1802
78,0.0000,416.9100,12632.6870,2924.7401,22885.7497,1000.0000,14794.9803,390.6000,7357.0000,0.0000,0.0000,0.0000,562.0000,19448.1198
79,0.0000,422.6701,12632.6870,2924.7401,23865.7937,1000.0000,14600.7821,390.6000,7357.0000,0.0000,0.0000,2311.9097,562.0000,19464.2251
80,-24.9463,373.8998,12352.6870,2924.7401,21713.4807,1000.0000,13575.1027,390.6000,7357.0000,0.0000,0.0000,7276.8730,562.0000,18290.4477
81,-32.0000,371.4719,12632.6870,2924.7401,19051.6094,1000.0000,12867.7515,390.6000,7357.0000,0.0000,0.0000,11698.4233,562.0000,16509.5901
82,-29.5000,328.2920,12674.4014,2924.7401,16833.5794,1000.0000,12588.0720,390.6000,7357.0000,0.0000,0.0000,14933.2841,562.0000,15185.7473
83,-0.4811,335.1914,12927.4571,2924.7401,16405.9698,1000.0000,12701.8012,390.6000,7357.0000,0.0000,0.0000,14167.1094,562.0000,14947.6815
84,-28.0000,337.9418,12976.8779,2924.7401,14562.7016,1000.0000,13638.3532,390.6000,7357.0000,0.0000,0.0000,13720.9841,562.0000,15264.6220
85,0.0000,334.1552,12765.7827,2924.7401,14935.8521,1000.0000,13440.4117,390.6000,7357.0000,0.0000,0.0000,13607.2553,562.0000,14766.0211
86,-1.4394,331.3477,12721.4571,2924.7401,14620.5138,1000.0000,13087.9293,390.6000,7357.0000,0.0000,0.0000,13936.8112,562.0000,14785.7761
87,-29.5000,331.0423,12726.5129,2924.7401,14920.4244,1000.0000,13083.2567,390.6000,7357.0000,0.0000,0.0000,13418.8688,562.0000,14935.7824
88,-4.2000,336.3277,12890.9475,2924.7401,16009.7872,1000.0000,13281.4643,390.6000,7357.0000,0.0000,0.0000,13115.6227,562.0000,14521.0038
89,0.0000,402.8187,13165.5225,2924.7401,24145.9353,1000.0000,14912.6142,390.6000,7357.0000,0.0000,0.0000,5398.5595,562.0000,14539.3628
90,238.5436,428.7065,14415.3013,2924.7401,28186.7609,1000.0000,16975.3033,390.6000,7357.0000,0.0000,0.0000,283.7416,562.0000,14654.2765
91,269.9725,432.1040,13973.5620,2924.7401,27454.1624,1000.0000,17315.2221,390.6000,7357.0000,0.0000,0.0000,0.0000,562.0000,15510.2367
92,241.2341,432.8869,13161.7560,2924.7401,26332.1427,1000.0000,16563.2488,390.6000,7357.0000,0.0000,0.0000,0.0000,562.0000,16027.1204
93,28.2589,418.0011,12632.6870,2924.7401,24062.9013,1000.0000,15772.6926,390.6000,7357.0000,0.0000,0.0000,0.0000,562.0000,16475.8879
94,0.0000,415.0556,12632.6870,2924.7401,20571.3807,1000.0000,15201.1251,390.6000,7357.0000,0.0000,0.0000,0.0000,562.0000,16388.8732
95,0.0000,411.1517,12352.6870,2924.7401,17701.6771,1000.0000,14506.8627,390.6000,7357.0000,0.0000,0.0000,0.0000,562.0000,15762.6694
96,0.0000,304.0120,12012.6870,2924.7401,17400.7415,1000.0000,12614.4718,390.6000,7357.0000,0.0000,0.0000,0.0000,562.0000,15928.9354
97,0.0000,303.6109,11807.0109,2924.7401,15275.2124,1000.0000,12096.1577,390.6000,7357.0000,0.0000,0.0000,0.0000,562.0000,16269.0913
98,0.0000,303.2616,11767.1001,2924.7401,13799.9203,1000.0000,12580.4717,390.6000,7357.0000,0.0000,0.0000,0.0000,562.0000,16236.3685
99,0.0000,303.2027,11523.7149,2924.7401,14564.8335,1000.0000,11943.4425,390.6000,7357.0000,0.0000,0.0000,0.0000,562.0000,16208.1548
100,0.0000,304.0400,11568.4123,2924.7401,15006.0556,1000.0000,12020.3756,390.6000,7357.0000,0.0000,0.0000,0.0000,562.0000,16873.3984
101,0.0000,305.1972,11554.3230,2924.7401,15936.4347,1000.0000,11852.8886,390.6000,7357.0000,0.0000,0.0000,0.0000,562.0000,19220.2910
102,0.0000,309.8322,11883.9146,2924.7401,18696.6163,1000.0000,11684.6325,390.6000,7357.0000,0.0000,0.0000,0.0000,562.0000,20791.2045
103,0.8537,319.5450,12335.4786,2924.7401,20342.1254,1000.0000,12512.9993,390.6000,7357.0000,0.0000,0.0000,3443.7892,562.0000,18502.1919
104,-33.0000,281.0867,12372.6870,2924.7401,18930.4786,1000.0000,10560.3402,390.6000,7357.0000,0.0000,0.0000,10131.5725,562.0000,17469.4292
105,-25.6589,279.2182,12569.0343,2924.7401,20903.7482,1000.0000,10419.1853,390.6000,7357.0000,0.0000,0.0000,12848.6273,562.0000,12732.5081
106,-105.7317,277.5027,12372.6870,2924.7401,21223.4912,1000.0000,10063.0566,390.6000,7357.0000,0.0000,0.0000,13668.7392,562.0000,11176.6462
107,-6.5000,276.4032,12372.6870,2924.7401,19436.6669,1000.0000,10056.4097,390.6000,7357.0000,0.0000,0.0000,14523.4229,562.0000,10667.8590
108,-34.5000,274.9489,12372.6870,2924.7401,19131.1170,1000.0000,9446.3255,390.6000,7357.0000,0.0000,0.0000,13934.6143,562.0000,10656.6547
109,-274.4656,274.9990,12148.8496,2924.7401,18208.7627,1000.0000,8936.3856,390.6000,7357.0000,0.0000,0.0000,13976.6168,562.0000,11613.0758
110,-311.7752,275.2844,11870.0612,2924.7401,17561.9152,1000.0000,9204.5347,390.6000,7357.0000,0.0000,0.0000,13264.2460,562.0000,12491.7475
111,-301.3644,273.5088,11787.3288,2924.7401,17122.6792,1000.0000,9546.7349,390.6000,7357.0000,0.0000,0.0000,13154.1257,562.0000,13113.6692
112,-271.3517,321.0539,12624.4470,2924.7401,18512.0494,1000.0000,10182.8034,390.6000,7357.0000,0.0000,0.0000,11485.7325,562.0000,12689.1275
113,0.0000,321.8656,13056.9370,2924.7401,21214.0162,1000.0000,13417.9295,390.6000,7357.0000,0.0000,0.0000,5574.2945,562.0000,14845.7250
114,21.7870,321.9047,13492.7298,2924.7401,27689.0338,1000.0000,14446.4780,390.6000,7357.0000,0.0000,0.0000,255.7884,562.0000,15754.1667
115,19.3504,323.9545,13642.1639,2924.7401,26801.9872,1000.0000,14474.5345,390.6000,7357.0000,0.0000,0.0000,0.0000,562.0000,17020.2529
116,4.0084,323.0931,12876.3632,2924.7401,23755.8135,1000.0000,13885.2239,390.6000,7357.0000,0.0000,0.0000,0.0000,562.0000,19640.0077
117,1.5000,321.5814,12372.6870,2924.7401,21751.5270,1000.0000,12863.5488,390.6000,7357.0000,0.0000,0.0000,0.0000,562.0000,20187.2530
118,0.0000,319.3518,12372.6870,2924.7401,17026.3730,1000.0000,12326.1001,390.6000,7357.0000,0.0000,0.0000,0.0000,562.0000,21788.6762
119,0.0000,304.0717,12060.1320,2924.7401,14523.2870,1000.0000,11834.7497,390.6000,7357.0000,0.0000,0.0000,0.0000,562.0000,21018.4110
120,0.0000,531.9610,11745.8762,2924.7401,9198.7868,1000.0000,14975.2655,390.6000,7357.0000,0.0000,0.0000,0.0000,562.0000,20927.5352
121,0.0000,493.6541,11534.0906,2924.7401,9567.8821,1000.0000,14358.3113,390.6000,7357.0000,0.0000,0.0000,0.0000,562.0000,19022.6674
122,28.0000,491.8988,11321.7683,2924.7401,12342.6158,1000.0000,14468.1186,390.6000,7357.0000,0.0000,0.0000,0.0000,562.0000,15255.4473
123,24.5773,491.6291,11302.3361,2924.7401,13390.0619,1000.0000,14540.0550,390.6000,7357.0000,0.0000,0.0000,0.0000,562.0000,13863.1971
124,28.0000,493.0104,11601.3873,2924.7401,14596.0005,1000.0000,13974.8053,390.6000,7357.0000,0.0000,0.0000,0.0000,562.0000,14209.5900
125,-0.5437,497.1858,11510.7237,2924.7401,15145.7223,1000.0000,14149.4049,390.6000,7357.0000,0.0000,0.0000,0.0000,562.0000,16258.7971
126,19.2589,539.6130,11778.9919,2924.7401,16644.3561,1000.0000,15412.8367,390.6000,7357.0000,0.0000,0.0000,0.0000,562.0000,17150.6031
127,0.0000,545.3647,11804.6870,2924.7401,19179.3035,1000.0000,15606.2941,390.6000,7357.0000,0.0000,0.0000,1890.3918,562.0000,16391.8452
128,-28.0000,496.7352,11804.6870,2924.7401,21598.7367,1000.0000,15300.3613,390.6000,7357.0000,0.0000,0.0000,3549.0825,562.0000,14139.6277
129,-29.5000,469.1081,11804.6870,2924.7401,18490.2734,1000.0000,14994.3785,390.6000,7357.0000,0.0000,0.0000,11992.6671,562.0000,9760.4016
130,-29.5000,465.4447,12012.6870,2924.7401,20062.6853,1000.0000,14886.6259,390.6000,7357.0000,0.0000,0.0000,11414.7864,562.0000,7920.9328
131,-12.4884,476.3309,11967.5253,2924.7401,19001.0549,1000.0000,15120.6582,390.6000,7357.0000,0.0000,0.0000,11133.7761,562.0000,8307.6458
132,-28.5339,425.5727,11804.6870,2924.7401,16252.4781,1000.0000,13441.9369,390.6000,7357.0000,0.0000,0.0000,13131.0481,562.0000,10701.5002
133,-5.7000,430.2057,11804.6870,2924.7401,16032.9842,1000.0000,13875.1063,390.6000,7357.0000,0.0000,0.0000,11678.4403,562.0000,10874.7144
134,22.5555,473.7066,11787.6870,2924.7401,15156.5150,1000.0000,14143.9965,390.6000,7357.0000,0.0000,0.0000,11902.7787,562.0000,10543.8083
135,-28.0000,462.1464,11804.6870,2924.7401,19264.1522,1000.0000,15435.6457,390.6000,7357.0000,0.0000,0.0000,6758.7644,562.0000,10195.6972
136,0.0000,512.5853,11863.0831,2924.7401,21422.2152,1000.0000,15927.9483,390.6000,7357.0000,0.0000,0.0000,5449.7175,562.0000,10184.4593
137,202.3656,537.4522,12423.9236,2924.7401,26361.3541,1000.0000,17267.3623,390.6000,7357.0000,0.0000,0.0000,1962.8569,562.0000,10678.1279
138,69.4408,551.4104,13509.7918,2924.7401,30399.4170,1000.0000,17056.2819,390.6000,7357.0000,0.0000,0.0000,253.7510,562.0000,11563.9668
139,147.8553,542.2062,13554.9757,2924.7401,30611.1890,1000.0000,18453.2821,390.6000,7357.0000,0.0000,0.0000,0.0000,562.0000,10656.8497
140,62.3780,542.9891,12676.9186,2924.7401,29489.6080,1000.0000,17364.6676,390.6000,7357.0000,0.0000,0.0000,0.0000,562.0000,11859.9226
141,238.3656,540.7027,12069.8110,2924.7401,24737.2609,1000.0000,16464.3315,390.6000,7357.0000,0.0000,0.0000,0.0000,562.0000,14356.0812
142,1.5000,537.7574,11417.1147,2924.7401,19583.0413,1000.0000,16151.2876,390.6000,7357.0000,0.0000,0.0000,0.0000,562.0000,16277.9883
143,0.0000,533.8529,11122.3499,2924.7401,16287.1915,1000.0000,15344.5022,390.6000,7357.0000,0.0000,0.0000,0.0000,562.0000,16418.2939
144,0.0000,426.7142,10931.1616,2924.7401,14087.0972,1000.0000,15099.9157,390.6000,7357.0000,0.0000,0.0000,0.0000,562.0000,16816.6953
145,0.0000,426.3104,10875.6558,2924.7401,11278.5297,1000.0000,14528.7936,390.6000,7357.0000,0.0000,0.0000,0.0000,562.0000,18111.9332
146,0.0000,425.9611,10919.4282,2924.7401,11906.0679,1000.0000,15067.1372,390.6000,7357.0000,0.0000,0.0000,0.0000,562.0000,16227.4134
147,0.0000,425.9020,11223.6339,2924.7401,14017.6716,1000.0000,14541.2410,390.6000,7357.0000,0.0000,0.0000,0.0000,562.0000,14974.4574
148,0.0000,426.7390,11782.8866,2924.7401,16472.8469,1000.0000,14839.0900,390.6000,7357.0000,0.0000,0.0000,0.0000,562.0000,14675.2828
149,0.0000,427.8970,12651.1398,2924.7401,20390.7711,1000.0000,15735.7965,390.6000,7357.0000,0.0000,0.0000,0.0000,562.0000,14866.9366
150,0.0000,432.5326,12876.6963,2924.7401,24263.6609,1000.0000,17363.1217,390.6000,7357.0000,0.0000,0.0000,0.0000,562.0000,15354.8504
151,-4.2000,394.6272,12482.9551,2924.7401,24641.8569,1000.0000,16200.0770,390.6000,7357.0000,0.0000,0.0000,4466.6838,562.0000,15611.1138
152,-24.8589,389.9235,12778.3753,2924.7401,20435.6774,1000.0000,14352.0566,390.6000,7357.0000,0.0000,0.0000,13288.4378,562.0000,13432.2846
153,-28.0000,389.3182,12939.2404,2924.7401,20000.1364,1000.0000,12825.9781,390.6000,7357.0000,0.0000,0.0000,17119.2312,562.0000,10917.5498
154,-33.0000,387.2544,12840.4886,2924.7401,19841.2023,1000.0000,12442.0793,390.6000,7357.0000,0.0000,0.0000,17628.9130,562.0000,10716.5831
155,0.0000,379.6622,12684.9287,2924.7401,18300.5939,1000.0000,12892.2239,390.6000,7357.0000,0.0000,0.0000,17036.5713,562.0000,11037.6214
156,-51.2870,378.7296,12477.3395,2924.7401,17411.7388,1000.0000,13084.2420,390.6000,7357.0000,0.0000,-6.7717,15771.8725,562.0000,11726.1042
157,-33.1335,377.3313,12332.2636,2924.7401,16332.3168,1000.0000,13137.3284,390.6000,7357.0000,0.0000,-8.4379,15234.4297,562.0000,12326.0196
158,-32.2870,382.0218,12292.6870,2924.7401,15572.9077,1000.0000,13448.7707,390.6000,7357.0000,0.0000,-10.6203,14446.0844,562.0000,13007.3476
159,-60.2870,375.2758,12275.6870,2924.7401,15553.4414,1000.0000,12918.1401,390.6000,7357.0000,0.0000,-7.3102,14439.5667,562.0000,13742.7662
160,-4.7079,396.7539,12401.7698,2924.7401,16106.5580,1000.0000,13380.2632,390.6000,7357.0000,0.0000,-2.8009,12364.2665,562.0000,15875.7752
161,19.2589,444.5593,12884.3621,2924.7401,21864.8440,1000.0000,16728.2382,390.6000,7357.0000,0.0000,0.0000,5647.6757,562.0000,15935.5182
162,29.0317,444.2404,14107.8064,2924.7401,28687.3451,1000.0000,17870.1909,390.6000,7357.0000,0.0000,0.0000,193.8938,562.0000,15824.4923
163,29.5000,446.6529,14220.7392,2924.7401,28098.4980,1000.0000,18856.9013,390.6000,7357.0000,0.0000,0.0000,0.0000,562.0000,15958.2417
164,29.5000,445.7926,13025.9468,2924.7401,26284.8729,1000.0000,17623.0695,390.6000,7357.0000,0.0000,0.0000,0.0000,562.0000,17893.3984
165,1.5000,444.2813,12372.6870,2924.7401,22089.0514,1000.0000,16943.0558,390.6000,7357.0000,0.0000,0.0000,0.0000,562.0000,19068.1707
166,0.0000,429.4528,12292.6870,2924.7401,17099.3768,1000.0000,15979.4425,390.6000,7357.0000,0.0000,0.0000,0.0000,562.0000,20161.6748
167,0.0000,426.7722,12178.3738,2924.7401,14077.8229,1000.0000,15691.0792,390.6000,7357.0000,0.0000,0.0000,0.0000,562.0000,19062.9668
168,0.0000,366.6401,10946.9780,2924.7401,18435.3051,1000.0000,9444.5219,390.6000,7357.0000,0.0000,0.0000,0.0000,562.0000,19617.6978
169,0.0000,357.8595,10522.0905,2924.7401,17275.0112,1000.0000,8603.5708,390.6000,7357.0000,0.0000,0.0000,0.0000,562.0000,19579.2495
170,0.0000,352.8741,10840.6179,2924.7401,16859.1119,1000.0000,8095.0145,390.6000,7357.0000,0.0000,-9.5943,0.0000,562.0000,18870.8313
171,0.0000,351.0559,10647.6870,2924.7401,16674.7951,1000.0000,7998.6146,390.6000,7357.0000,0.0000,-10.6259,0.0000,562.0000,19492.5760
172,-2.5000,350.2545,11546.0800,2924.7401,17868.4849,1000.0000,8054.6541,390.6000,7357.0000,0.0000,-10.1755,0.0000,562.0000,19137.3659
173,0.0000,362.4739,12229.3065,2924.7401,18898.5215,1000.0000,8258.6530,390.6000,7357.0000,0.0000,-9.1688,670.9515,562.0000,19836.5045
174,-28.0000,316.5426,13143.3614,2924.7401,20070.1020,1000.0000,8615.9142,390.6000,7357.0000,0.0000,0.0000,3272.8451,562.0000,19022.5307
175,-28.0000,295.9116,12930.6000,2924.7401,22447.5445,1000.0000,8774.9947,390.6000,7357.0000,0.0000,0.0000,8451.1404,562.0000,15319.8464
176,-9.4589,313.7072,12993.3973,2924.7401,25203.9543,1000.0000,8483.7056,390.6000,7357.0000,0.0000,0.0000,12815.2101,562.0000,10070.4322
177,0.0000,310.5062,13335.0515,2924.7401,30861.1546,1000.0000,8841.7657,390.6000,7357.0000,0.0000,0.0000,11077.9994,562.0000,6469.4492
178,-28.5000,302.0761,13731.7410,2924.7401,30142.9951,1000.0000,9194.0486,390.6000,7357.0000,0.0000,0.0000,11341.5718,562.0000,7696.8940
179,0.0000,281.8924,13588.6027,2924.7401,25906.8702,1000.0000,8611.8791,390.6000,7357.0000,0.0000,0.0000,16329.2851,562.0000,9846.8785
180,-1.0000,274.7228,13619.1290,2924.7401,26764.8606,1000.0000,8639.7507,390.6000,7357.0000,0.0000,0.0000,16405.0029,562.0000,10269.2281
181,-28.8386,327.1592,13672.8073,2924.7401,26302.1178,1000.0000,8577.3514,390.6000,7357.0000,0.0000,0.0000,17167.9630,562.0000,11636.3791
182,-1.1693,335.9094,13413.8018,2924.7401,26154.7820,1000.0000,8511.4143,390.6000,7357.0000,0.0000,0.0000,18150.4658,562.0000,12408.4789
183,-1.5000,336.9044,13003.5359,2924.7401,27748.2606,1000.0000,8932.1365,390.6000,7357.0000,0.0000,0.0000,15711.2044,562.0000,13486.5765
184,-29.5000,345.0556,12930.6000,2924.7401,29419.8353,1000.0000,9168.9198,390.6000,7357.0000,0.0000,0.0000,14383.5775,562.0000,12905.3460
185,-4.2000,297.6238,12930.6000,2924.7401,31409.0332,1000.0000,9534.6311,390.6000,7357.0000,0.0000,0.0000,11126.7623,562.0000,12480.9298
186,0.0000,415.5577,12930.6000,2924.7401,34676.6529,1000.0000,10468.8641,390.6000,7357.0000,0.0000,0.0000,5827.7273,562.0000,12505.7919
187,239.7096,417.0283,14287.7280,2924.7401,32011.5966,1000.0000,12186.7894,390.6000,7357.0000,0.0000,0.0000,649.9634,562.0000,17254.4413
188,29.5000,418.0259,13521.4139,2924.7401,31428.8168,1000.0000,12350.8287,390.6000,7357.0000,0.0000,0.0000,0.0000,562.0000,18883.6550
189,20.7589,416.8261,12930.6000,2924.7401,28791.1409,1000.0000,11211.1034,390.6000,7357.0000,0.0000,0.0000,0.0000,562.0000,19425.9114
190,29.1878,399.6458,12787.9949,2924.7401,24294.6073,1000.0000,10570.2270,390.6000,7357.0000,0.0000,0.0000,0.0000,562.0000,19199.1636
191,0.0000,381.7573,12128.3722,2924.7401,21361.1450,1000.0000,9843.6529,390.6000,7357.0000,0.0000,0.0000,0.0000,562.0000,18551.7740
192,0.0000,309.8266,9847.2004,2924.7401,20318.8416,1000.0000,9139.1714,390.6000,7357.0000,0.0000,0.0000,0.0000,562.0000,18985.5962
193,0.0000,309.6688,9277.6257,2924.7401,19075.8816,1000.0000,8595.3986,390.6000,7357.0000,0.0000,-9.6129,0.0000,562.0000,18958.5790
194,0.0000,304.6508,9135.3773,2924.7401,18085.3592,1000.0000,8530.2487,390.6000,7357.0000,0.0000,-10.6239,0.0000,562.0000,18896.3247
195,0.0000,302.7803,9745.4118,2924.7401,18206.4006,1000.0000,8185.9529,390.6000,7357.0000,0.0000,-10.7060,0.0000,562.0000,18591.0951
196,0.0000,301.0799,10477.3607,2924.7401,19359.1160,1000.0000,8347.2144,390.6000,7357.0000,0.0000,-10.7081,0.0000,562.0000,18309.2319
197,0.0000,214.3807,11235.6870,2924.7401,21039.2978,1000.0000,8469.7441,390.6000,7357.0000,0.0000,-10.6729,711.8596,562.0000,18482.4585
198,-28.0000,217.1777,11866.0963,2924.7401,20324.6565,1000.0000,7642.0859,390.6000,7357.0000,0.0000,-27.3411,7016.5631,562.0000,17234.7631
199,-28.0000,268.0399,12522.4452,2924.7401,25243.5879,1000.0000,9039.1936,390.6000,7357.0000,0.0000,-10.6597,5801.4703,562.0000,15127.6748
200,-29.5000,268.3756,13400.7259,2924.7401,24118.0828,1000.0000,8760.9394,390.6000,7357.0000,0.0000,-37.1225,8562.5604,562.0000,14930.2283
201,-2.5589,267.3664,13435.7838,2924.7401,25105.0667,1000.0000,8240.4533,390.6000,7357.0000,0.0000,-43.9223,9412.7380,562.0000,15434.7663
202,-0.4788,210.5939,13228.5916,2924.7401,27193.5822,1000.0000,8269.1888,390.6000,7357.0000,0.0000,-50.8111,10452.5673,562.0000,14077.2866
203,-28.0000,207.6854,13362.7670,2924.7401,27347.9583,1000.0000,8448.5136,390.6000,7357.0000,0.0000,-70.4724,12187.0053,562.0000,13339.0879
204,-0.5000,246.1244,13603.0183,2924.7401,28603.0424,1000.0000,8612.7681,390.6000,7357.0000,0.0000,-71.5001,12165.4487,562.0000,12707.5379
205,-0.5000,265.6215,13292.0165,2924.7401,30968.0443,1000.0000,9509.4305,390.6000,7357.0000,0.0000,-56.6855,10228.0599,562.0000,13098.4164
206,-28.8598,263.0197,13105.6209,2924.7401,29521.0930,1000.0000,9242.1363,390.6000,7357.0000,0.0000,-74.2733,10619.7783,562.0000,16303.2680
207,-4.2000,287.2098,13039.1227,2924.7401,28183.3705,1000.0000,9618.1673,390.6000,7357.0000,0.0000,-61.4144,9557.3316,562.0000,18745.7478
208,18.2589,321.1189,12741.1082,2924.7401,27851.6199,1000.0000,9688.8002,390.6000,7357.0000,0.0000,-70.8487,9087.1743,562.0000,19615.7145
209,-0.1693,335.4469,12593.2562,2924.7401,28720.2314,1000.0000,9133.7574,390.6000,7357.0000,0.0000,-61.8591,7412.6597,562.0000,20449.3696
210,0.0000,339.9672,13535.4815,2924.7401,27891.1540,1000.0000,9550.1748,390.6000,7357.0000,0.0000,-19.7949,6041.1418,562.0000,20874.6813
211,29.5000,329.3531,13609.6870,2924.7401,31801.3283,1000.0000,11003.7206,390.6000,7357.0000,0.0000,0.0000,845.9603,562.0000,20419.7074
212,29.5000,334.5861,13609.6870,2924.7401,30695.4800,1000.0000,10986.0661,390.6000,7357.0000,0.0000,0.0000,0.0680,562.0000,22127.1842
213,29.5000,337.3021,11362.6538,2924.7401,28882.8057,1000.0000,10472.5512,390.6000,7357.0000,0.0000,0.0000,0.0000,562.0000,22559.4624
214,1.0003,319.0406,11553.9640,2924.7401,23370.0681,1000.0000,9336.1370,390.6000,7357.0000,0.0000,0.0000,0.0000,562.0000,23012.0902
215,0.0000,302.4439,10333.5138,2924.7401,19127.1016,1000.0000,8844.9705,390.6000,7357.0000,0.0000,0.0000,0.0000,562.0000,23668.7663
216,0.0000,366.5519,10602.8476,2924.7401,15590.0459,1000.0000,8511.2874,390.6000,7357.0000,0.0000,0.0000,0.0000,562.0000,23594.5968
217,0.0000,366.4197,10668.7123,2924.7401,14560.6309,1000.0000,8188.1792,390.6000,7357.0000,0.0000,-9.1172,0.0000,562.0000,22388.3192
218,0.0000,352.5121,10991.0747,2924.7401,14123.2589,1000.0000,7922.6187,390.6000,7357.0000,0.0000,-10.4458,0.0000,562.0000,21457.4265
219,0.0000,363.9380,11215.6870,2924.7401,14030.7043,1000.0000,8000.5120,390.6000,7357.0000,0.0000,-10.6340,0.0000,562.0000,21477.9071
220,0.0000,337.0401,11371.7860,2924.7401,15490.0353,1000.0000,8021.6656,390.6000,7357.0000,0.0000,-8.9195,0.0000,562.0000,21820.8709
221,0.0000,348.8396,11344.7972,2924.7401,18827.8109,1000.0000,8139.5087,390.6000,7357.0000,0.0000,0.0000,662.3632,562.0000,21384.4995
222,-27.9685,318.8929,12076.4314,2924.7401,24018.4367,1000.0000,8736.7634,390.6000,7357.0000,0.0000,0.0000,3055.2837,562.0000,17177.1167
223,-28.0000,302.7402,13044.2509,2924.7401,27928.1688,1000.0000,8624.6384,390.6000,7357.0000,0.0000,0.0000,6489.6305,562.0000,12581.4389
224,-10.3137,295.5996,13422.0212,2924.7401,27947.3993,1000.0000,8265.9118,390.6000,7357.0000,0.0000,0.0000,9278.7459,562.0000,11303.0096
225,-0.1693,282.8920,13856.7067,2924.7401,27551.7521,1000.0000,8320.0713,390.6000,7357.0000,0.0000,0.0000,10955.3410,562.0000,10912.8232
226,-29.0000,273.4769,13774.6870,2924.7401,24943.0337,1000.0000,7596.4336,390.6000,7357.0000,0.0000,0.0000,15306.3040,562.0000,11460.9294
227,-211.3495,267.3944,13499.6048,2924.7401,24890.5125,1000.0000,7204.6115,390.6000,7357.0000,0.0000,0.0000,18097.7679,562.0000,11634.3234
228,-210.3656,275.1909,13481.5268,2924.7401,25958.2441,1000.0000,7273.7123,390.6000,7357.0000,0.0000,0.0000,17693.3561,562.0000,12287.8961
229,-82.5601,284.5075,13438.5550,2924.7401,27566.6553,1000.0000,7079.5261,390.6000,7357.0000,0.0000,0.0000,17608.2865,562.0000,12436.1064
230,-97.1230,299.2884,13291.6610,2924.7401,27198.3730,1000.0000,7403.3747,390.6000,7357.0000,0.0000,0.0000,18671.1151,562.0000,13543.0251
231,-1.5000,347.7418,13503.4089,2924.7401,28787.1029,1000.0000,7333.3833,390.6000,7357.0000,0.0000,0.0000,17607.7053,562.0000,14047.9246
232,-29.0000,298.5322,13166.0407,2924.7401,29920.6530,1000.0000,8507.2500,390.6000,7357.0000,0.0000,0.0000,16193.8982,562.0000,14183.1795
233,-4.2000,346.8635,13108.6048,2924.7401,30918.8961,1000.0000,9381.3046,390.6000,7357.0000,0.0000,0.0000,13651.9724,562.0000,14154.6334
234,0.0000,394.7880,13764.8357,2924.7401,34814.3259,1000.0000,10459.9260,390.6000,7357.0000,0.0000,0.0000,6831.3308,562.0000,14142.2464
235,30.3244,419.0773,14039.5810,2924.7401,34134.8835,1000.0000,12396.7077,390.6000,7357.0000,0.0000,0.0000,870.2323,562.0000,17999.1669
236,31.5000,470.1190,13935.7085,2924.7401,33847.9238,1000.0000,12572.1941,390.6000,7357.0000,0.0000,0.0000,0.0510,562.0000,18159.6312
237,29.5000,420.7817,13645.8577,2924.7401,30873.4473,1000.0000,11602.7208,390.6000,7357.0000,0.0000,0.0000,0.0000,562.0000,18970.0041
238,1.0317,415.1843,11985.6870,2924.7401,26261.6329,1000.0000,10298.1213,390.6000,7357.0000,0.0000,0.0000,0.0000,562.0000,20616.1198
239,19.2589,372.6097,11285.5289,2924.7401,20822.7720,1000.0000,9579.8827,390.6000,7357.0000,0.0000,0.0000,0.0000,562.0000,21776.0044
240,0.0000,366.8144,10556.6448,2924.7401,17388.0249,1000.0000,8958.7581,390.6000,7357.0000,0.0000,0.0000,0.0000,562.0000,22245.6838
241,0.0000,366.6789,10447.2825,2924.7401,15234.5417,1000.0000,8366.1137,390.6000,7357.0000,0.0000,0.0000,0.0000,562.0000,22140.7307
242,0.0000,361.4444,10185.3095,2924.7401,14288.9214,1000.0000,7948.2977,390.6000,7357.0000,0.0000,-7.2494,0.0000,562.0000,21815.0307
243,-2.3386,359.7098,10334.4376,2924.7401,14092.1613,1000.0000,7696.6208,390.6000,7357.0000,0.0000,-9.8659,0.0000,562.0000,21264.2363
244,-2.0000,358.7079,10474.8119,2924.7401,15696.5166,1000.0000,7672.1075,390.6000,7357.0000,0.0000,-8.6417,0.0000,562.0000,19628.4863
245,0.0000,358.4293,10685.1469,2924.7401,18903.2825,1000.0000,7601.3024,390.6000,7357.0000,0.0000,0.0000,688.4557,562.0000,17531.4788
246,-28.0000,321.9025,11271.8648,2924.7401,20384.5952,1000.0000,8311.7348,390.6000,7357.0000,0.0000,0.0000,3070.0043,562.0000,16094.8092
247,-28.0000,328.4661,11907.1727,2924.7401,21887.8358,1000.0000,8301.9608,390.6000,7357.0000,0.0000,-15.0759,7225.6467,562.0000,13969.0926
248,-4.0000,322.7016,12191.0220,2924.7401,25366.8992,1000.0000,8115.9805,390.6000,7357.0000,0.0000,-18.1344,9519.8082,562.0000,10977.0557
249,-28.0113,310.7396,12745.6754,2924.7401,26536.5851,1000.0000,8197.1907,390.6000,7357.0000,0.0000,-16.0177,11286.7759,562.0000,9785.6110
250,-5.2589,306.3108,13774.6870,2924.7401,25625.3121,1000.0000,8098.1821,390.6000,7357.0000,0.0000,-21.2589,12932.9294,562.0000,9777.8671
251,-132.4143,308.1972,12922.5520,2924.7401,24808.7601,1000.0000,7041.8176,390.6000,7357.0000,0.0000,0.0000,17324.3424,562.0000,10216.9273
252,-29.5000,324.0960,13247.7350,2924.7401,24862.6603,1000.0000,7191.6253,390.6000,7357.0000,0.0000,-29.1809,17297.1817,562.0000,10933.4549
253,-1.5000,339.6964,12764.2006,2924.7401,26760.8396,1000.0000,7291.7378,390.6000,7357.0000,0.0000,-25.7159,17532.0739,562.0000,11321.0801
254,-0.4966,347.3443,13248.6742,2924.7401,28146.6001,1000.0000,7281.8823,390.6000,7357.0000,0.0000,0.0000,17555.9115,562.0000,11665.9067
255,-291.5273,347.7609,13384.7849,2924.7401,29641.6805,1000.0000,7493.7955,390.6000,7357.0000,0.0000,0.0000,17239.5877,562.0000,12714.1452
256,-4.2000,346.8267,13612.4503,2924.7401,31524.3215,1000.0000,8193.4595,390.6000,7357.0000,0.0000,0.0000,15586.4165,562.0000,12745.7886
257,0.0000,418.8812,14009.5693,2924.7401,33457.8265,1000.0000,9720.3143,390.6000,7357.0000,0.0000,0.0000,11033.5261,562.0000,13686.3258
258,0.0000,455.7077,14065.6438,2924.7401,33717.2116,1000.0000,11775.7249,390.6000,7357.0000,0.0000,0.0000,5405.9459,562.0000,16636.5000
259,29.5000,495.3402,14705.3978,2924.7401,34948.0380,1000.0000,13334.2763,390.6000,7357.0000,0.0000,0.0000,819.6497,562.0000,17205.2796
260,29.5000,478.2333,13976.5096,2924.7401,34887.5240,1000.0000,12999.4728,390.6000,7357.0000,0.0000,0.0000,0.0000,562.0000,17461.1178
261,29.5000,421.0486,13571.4723,2924.7401,31968.9737,1000.0000,12112.0220,390.6000,7357.0000,0.0000,0.0000,0.0000,562.0000,18023.0375
262,19.9467,415.4567,12755.6870,2924.7401,27901.7997,1000.0000,10784.9398,390.6000,7357.0000,0.0000,0.0000,0.0000,562.0000,18537.9468
263,0.0000,410.2552,11821.1518,2924.7401,23002.2589,1000.0000,10284.8982,390.6000,7357.0000,0.0000,0.0000,0.0000,562.0000,18890.4705
264,-11.4000,172.6859,11587.6434,2924.7401,21460.0714,1000.0000,8772.6348,390.6000,7357.0000,0.0000,0.0000,0.0000,562.0000,18135.1310
265,-15.4000,172.2169,11507.9906,2924.7401,19759.5645,1000.0000,8696.3052,390.6000,7357.0000,0.0000,-314.0000,0.0000,562.0000,17026.3391
266,-0.3333,172.0086,10966.7035,2924.7401,18543.9454,1000.0000,8392.2712,390.6000,7357.0000,0.0000,0.0000,0.0000,562.0000,16614.6427
267,0.0000,171.5167,10978.5528,2924.7401,17772.2287,1000.0000,7534.2896,390.6000,7357.0000,0.0000,0.0000,0.0000,562.0000,16909.2929
268,0.0000,171.6277,10741.4537,2924.7401,17805.1408,1000.0000,7264.0230,390.6000,7357.0000,0.0000,0.0000,0.0000,562.0000,17162.2631
269,0.0000,172.4203,10795.6920,2924.7401,17649.7670,1000.0000,7397.0050,390.6000,7357.0000,0.0000,0.0000,731.3848,562.0000,17620.1531
270,-33.0000,121.8902,11459.0828,2924.7401,17499.2274,1000.0000,7565.5911,390.6000,7357.0000,0.0000,-314.0000,4003.8160,562.0000,17348.4808
271,-34.0000,126.7037,12662.2490,2924.7401,20442.2977,1000.0000,7993.0051,390.6000,7357.0000,0.0000,0.0000,6561.6301,562.0000,13882.9979
272,-1.5000,125.2251,14056.9086,2924.7401,24128.3407,1000.0000,7591.1409,390.6000,7357.0000,0.0000,-328.4589,8476.7179,562.0000,11174.9130
273,-28.5079,122.5612,14069.6609,2924.7401,25435.8584,1000.0000,8041.7579,390.6000,7357.0000,0.0000,-332.5124,10078.2549,562.0000,10499.8541
274,-6.7589,95.0758,14171.6000,2924.7401,22973.6410,1000.0000,7994.4706,390.6000,7357.0000,0.0000,-38.6888,14322.9731,562.0000,10999.1316
275,-2.0000,119.8145,14171.6000,2924.7401,24570.3236,1000.0000,8340.6074,390.6000,7357.0000,0.0000,-25.9659,15020.8330,562.0000,10272.1913
276,-29.5000,113.6743,14493.2787,2924.7401,25163.3334,1000.0000,8314.5313,390.6000,7357.0000,0.0000,-360.1908,16220.3228,562.0000,10792.5320
277,0.0000,96.7099,14850.2710,2924.7401,24602.1286,1000.0000,8326.8603,390.6000,7357.0000,0.0000,-42.0958,18010.8554,562.0000,11902.8332
278,-4.0000,115.7257,15099.5159,2924.7401,25898.1670,1000.0000,8873.2052,390.6000,7357.0000,0.0000,-344.0069,17464.2029,562.0000,13063.2672
279,-29.5000,123.2333,15378.2027,2924.7401,27185.3509,1000.0000,9182.3086,390.6000,7357.0000,0.0000,-66.9695,16815.3618,562.0000,13832.9822
280,-9.4146,124.5948,15306.1319,2924.7401,29339.0061,1000.0000,9037.7619,390.6000,7357.0000,0.0000,-314.0000,15699.7012,562.0000,15064.4053
281,-4.2000,126.2877,14937.6508,2924.7401,30444.4522,1000.0000,9257.1103,390.6000,7357.0000,0.0000,-4.4547,13724.7742,562.0000,16567.2467
282,-11.4000,267.8507,14746.3027,2924.7401,34457.4022,1000.0000,10750.2821,390.6000,7357.0000,0.0000,-314.0000,7680.6297,562.0000,17394.8469
283,18.1000,367.4527,15066.5306,2924.7401,36960.7714,1000.0000,14030.3627,390.6000,7357.0000,0.0000,0.0000,1006.4069,562.0000,16841.6339
284,29.5000,292.8244,14678.6000,2924.7401,36068.8563,1000.0000,12936.2712,390.6000,7357.0000,0.0000,0.0000,0.0000,562.0000,18171.4265
285,-5.1772,221.8742,14094.6659,2924.7401,32727.2939,1000.0000,10973.4132,390.6000,7357.0000,0.0000,-314.0000,0.0000,562.0000,19750.6520
286,1.0317,212.6744,12826.2860,2924.7401,27060.3637,1000.0000,9554.0746,390.6000,7357.0000,0.0000,-314.0000,0.0000,562.0000,21269.3660
287,-2.0000,202.9702,11515.9390,2924.7401,23059.1671,1000.0000,8274.7009,390.6000,7357.0000,0.0000,-314.0000,0.0000,562.0000,21850.1842
288,28.0000,366.8978,10619.4015,2924.7401,18070.2015,1000.0000,9381.7112,390.6000,7357.0000,0.0000,0.0000,0.0000,562.0000,21679.7235
289,0.0000,366.6867,10026.5313,2924.7401,16740.0645,1000.0000,9164.8279,390.6000,7357.0000,0.0000,0.0000,0.0000,562.0000,20669.3239
290,0.0000,361.4502,10013.8053,2924.7401,16376.4228,1000.0000,8857.8067,390.6000,7357.0000,0.0000,0.0000,0.0000,562.0000,19699.0690
291,19.2589,359.7143,10099.1745,2924.7401,16775.8549,1000.0000,8797.8506,390.6000,7357.0000,0.0000,0.0000,0.0000,562.0000,18955.9653
292,0.0000,358.7116,10998.7729,2924.7401,18681.4046,1000.0000,8920.2638,390.6000,7357.0000,0.0000,0.0000,0.0000,562.0000,17473.3136
293,0.0000,371.0268,11887.3135,2924.7401,18438.1704,1000.0000,8961.5880,390.6000,7357.0000,0.0000,0.0000,783.9602,562.0000,19940.3433
294,-28.3386,324.5387,13111.0552,2924.7401,18050.8004,1000.0000,8295.8045,390.6000,7357.0000,0.0000,-6.1225,4644.6121,562.0000,21226.0748
295,-28.0000,328.5035,14056.1541,2924.7401,21911.9050,1000.0000,8966.0546,390.6000,7357.0000,0.0000,-4.1896,6943.9285,562.0000,17945.1923
296,-10.9521,322.7871,14678.6000,2924.7401,22795.0916,1000.0000,9012.9387,390.6000,7357.0000,0.0000,-52.8133,9869.2333,562.0000,16453.6881
297,-1.5000,305.6797,15086.7465,2924.7401,23227.5213,1000.0000,9417.6721,390.6000,7357.0000,0.0000,-7.2000,11893.0743,562.0000,15269.5487
298,-29.5000,298.7372,15137.7465,2924.7401,25077.6160,1000.0000,9388.3608,390.6000,7357.0000,0.0000,-2.4000,12469.1104,562.0000,14733.8581
299,-1.5000,302.5251,15124.1682,2924.7401,24995.6744,1000.0000,9549.2275,390.6000,7357.0000,0.0000,-29.8620,15014.3104,562.0000,13608.9028
300,-0.5147,308.0644,15300.5861,2924.7401,25947.6564,1000.0000,10107.7121,390.6000,7357.0000,0.0000,0.0000,14636.4079,562.0000,13554.7784
301,-28.0000,324.8894,15494.6232,2924.7401,25767.7198,1000.0000,10531.2502,390.6000,7357.0000,0.0000,0.0000,15939.9917,562.0000,13571.4500
302,0.0000,347.5429,15504.2897,2924.7401,27132.9150,1000.0000,10511.9578,390.6000,7357.0000,0.0000,0.0000,16436.9523,562.0000,13522.3897
303,0.0000,347.7427,15214.2876,2924.7401,27526.4616,1000.0000,10684.1874,390.6000,7357.0000,0.0000,-9.6000,16022.6547,562.0000,15347.5334
304,-28.0000,346.8062,15174.9491,2924.7401,29636.7272,1000.0000,11348.3648,390.6000,7357.0000,0.0000,0.0000,13337.0334,562.0000,16054.9888
305,-4.2000,346.8593,14974.2664,2924.7401,33350.3544,1000.0000,11765.6775,390.6000,7357.0000,0.0000,-19.3339,10011.4142,562.0000,15548.0892
306,0.0000,393.7889,15058.6000,2924.7401,36674.5214,1000.0000,12201.3515,390.6000,7357.0000,0.0000,0.0000,5362.1611,562.0000,14922.4326
307,1.5000,415.1471,15058.6000,2924.7401,37030.0069,1000.0000,13224.9429,390.6000,7357.0000,0.0000,0.0000,1100.6856,562.0000,16590.5322
308,1.5000,418.7748,14661.5087,2924.7401,36095.1676,1000.0000,13086.8235,390.6000,7357.0000,0.0000,0.0000,0.0000,562.0000,17318.0315
309,1.5000,419.6645,14890.3535,2924.7401,31332.6360,1000.0000,11734.6187,390.6000,7357.0000,0.0000,0.0000,0.0000,562.0000,18620.5145
310,1.0317,414.8393,12551.4885,2924.7401,26725.8382,1000.0000,10530.0728,390.6000,7357.0000,0.0000,0.0000,0.0000,562.0000,20282.0380
311,0.0000,397.5125,10498.5980,2924.7401,22645.9677,1000.0000,9479.7588,390.6000,7357.0000,0.0000,0.0000,0.0000,562.0000,21467.9042
312,19.2589,369.7394,9785.8014,2924.7401,18262.5666,1000.0000,9387.4715,390.6000,7357.0000,0.0000,0.0000,0.0000,562.0000,22210.7547
313,28.0000,369.6162,9379.2257,2924.7401,16703.5725,1000.0000,8717.3682,390.6000,7357.0000,0.0000,0.0000,0.0000,562.0000,22030.3057
314,0.0000,364.4431,9273.1016,2924.7401,16070.3172,1000.0000,8433.0155,390.6000,7357.0000,0.0000,0.0000,0.0000,562.0000,21530.4456
315,25.5000,362.7079,9607.2155,2924.7401,15316.1629,1000.0000,8587.0263,390.6000,7357.0000,0.0000,-8.9104,0.0000,562.0000,21327.9035
316,28.0000,361.7067,9582.7147,2924.7401,17166.2288,1000.0000,8597.1535,390.6000,7357.0000,0.0000,0.0000,0.0000,562.0000,20919.6366
317,0.0000,361.4219,10730.4336,2924.7401,18652.7991,1000.0000,8656.2944,390.6000,7357.0000,0.0000,0.0000,794.4274,562.0000,21371.3891
318,-28.0000,314.9322,11675.1859,2924.7401,19028.3544,1000.0000,8865.6042,390.6000,7357.0000,0.0000,0.0000,4699.0102,562.0000,20770.7921
319,-28.0000,318.8884,12343.3132,2924.7401,19776.8798,1000.0000,8686.6702,390.6000,7357.0000,0.0000,0.0000,8914.3234,562.0000,19283.2860
320,-10.2975,313.1136,13237.6000,2924.7401,23750.9642,1000.0000,8746.5836,390.6000,7357.0000,0.0000,0.0000,10925.3441,562.0000,14663.8468
321,-1.5000,308.4661,13317.6000,2924.7401,26754.8718,1000.0000,9100.7721,390.6000,7357.0000,0.0000,0.0000,11799.2560,562.0000,12276.5984
322,-29.1693,301.5159,13317.6000,2924.7401,29541.5351,1000.0000,9177.7658,390.6000,7357.0000,0.0000,0.0000,12349.3433,562.0000,10380.3707
323,0.0000,305.3147,13579.8163,2924.7401,28783.1177,1000.0000,9203.4165,390.6000,7357.0000,0.0000,0.0000,14648.2653,562.0000,10067.5502
324,-1.5000,310.5966,13824.6000,2924.7401,27085.4420,1000.0000,9056.2638,390.6000,7357.0000,0.0000,0.0000,17101.0580,562.0000,11199.6392
325,-29.5000,329.6852,14132.4992,2924.7401,26251.3059,1000.0000,9017.8434,390.6000,7357.0000,0.0000,0.0000,18498.5978,562.0000,13079.6499
326,0.0000,350.5287,14552.3467,2924.7401,27286.3838,1000.0000,9394.8832,390.6000,7357.0000,0.0000,0.0000,16142.3942,562.0000,15129.8010
327,0.0000,350.7351,14944.8927,2924.7401,29291.4326,1000.0000,10402.9511,390.6000,7357.0000,0.0000,0.0000,12879.5527,562.0000,16577.4859
328,-28.0000,349.7970,15833.8826,2924.7401,31270.6538,1000.0000,11060.9818,390.6000,7357.0000,0.0000,0.0000,10124.3624,562.0000,17158.8363
329,-4.2000,349.6371,15451.4878,2924.7401,32001.4919,1000.0000,11611.6003,390.6000,7357.0000,0.0000,0.0000,7726.7926,562.0000,17914.9393
330,0.0000,396.5381,15867.3730,2924.7401,33248.0400,1000.0000,12297.5495,390.6000,7357.0000,0.0000,0.0000,3330.3014,562.0000,18095.7990
331,1.0317,415.3760,15737.9661,2924.7401,34013.4112,1000.0000,13477.1268,390.6000,7357.0000,0.0000,0.0000,586.7725,562.0000,17992.8983
332,1.5000,421.5905,14610.1072,2924.7401,33530.1374,1000.0000,13465.0626,390.6000,7357.0000,0.0000,0.0000,0.1700,562.0000,18545.0910
333,1.5000,421.8009,13317.6000,2924.7401,31196.5456,1000.0000,12493.0470,390.6000,7357.0000,0.0000,0.0000,0.0000,562.0000,18878.5200
334,0.0000,405.1477,13263.7517,2924.7401,25082.4390,1000.0000,11250.3489,390.6000,7357.0000,0.0000,0.0000,0.0000,562.0000,20142.9368
335,0.0000,400.4411,11499.8615,2924.7401,20942.0462,1000.0000,10547.8901,390.6000,7357.0000,0.0000,0.0000,0.0000,562.0000,20823.9932
336,1.5000,776.7511,17677.3634,2924.7401,9091.7342,1000.0000,24675.7363,390.6000,7357.0000,2.5000,12.8240,0.0000,562.0000,16755.0992
337,28.0000,762.5353,17181.5474,2924.7401,7171.6250,1000.0000,23878.5708,390.6000,7357.0000,2.5000,12.5180,0.0000,562.0000,16292.0282
338,28.0000,757.1607,16959.0474,2924.7401,6390.9773,1000.0000,23762.8515,390.6000,7357.0000,2.5000,12.0550,0.0000,562.0000,15240.3975
339,19.2589,754.1045,17028.0132,2924.7401,5684.5442,1000.0000,23557.8499,390.6000,7357.0000,2.5000,11.9150,0.0000,562.0000,15605.2655
340,0.0000,759.7012,17791.9828,2924.7401,5574.3149,1000.0000,23667.0484,390.6000,7357.0000,2.5000,11.8080,0.0000,562.0000,16690.9718
341,0.0000,757.1928,18204.0402,2924.7401,8332.1520,1000.0000,24617.1837,390.6000,7357.0000,2.5000,11.6760,0.0000,562.0000,16058.5414
342,28.0000,767.3372,18716.8257,2924.7401,10222.2433,1000.0000,24523.7539,390.6000,7357.0000,2.5000,9.8423,2381.8492,562.0000,15276.7622
343,-29.5000,716.3081,18812.9402,2924.7401,8597.9262,1000.0000,23995.9736,390.6000,7357.0000,2.5000,0.0000,9965.4280,562.0000,14063.3124
344,-28.5079,721.5236,18793.4164,2924.7401,13240.1185,1000.0000,26622.7304,390.6000,7357.0000,2.5000,0.0000,10323.4546,562.0000,10966.2436
345,-29.5000,727.3055,18904.8004,2924.7401,16305.5483,1000.0000,28408.3980,390.6000,7357.0000,4.4392,0.0000,12180.7763,562.0000,8060.3843
346,-2.5589,725.7954,18868.4933,2924.7401,18224.2028,1000.0000,29319.2282,390.6000,7357.0000,5.8399,0.0000,14747.2257,562.0000,6196.1710
347,-1.5000,738.6388,19056.5616,2924.7401,18275.8035,1000.0000,30809.9719,390.6000,7357.0000,6.5924,0.0000,16504.9554,562.0000,6714.2099
348,-28.0000,738.2493,18954.4863,2924.7401,20417.7760,1000.0000,31766.6227,390.6000,7357.0000,2.5000,0.0000,16700.3159,562.0000,7992.5711
349,0.0000,752.2714,18955.3643,2924.7401,22519.9786,1000.0000,32050.9619,390.6000,7357.0000,7.0683,0.0000,16892.1672,562.0000,9078.6225
350,0.0000,757.0417,19303.5062,2924.7401,22643.7715,1000.0000,32329.7257,390.6000,7357.0000,451.2642,0.0000,16629.9425,562.0000,11468.0534
351,-28.0000,752.8630,19091.0817,2924.7401,24296.1247,1000.0000,32741.2085,390.6000,7357.0000,451.4510,0.0000,16243.4750,562.0000,12088.6235
352,-4.2000,765.2696,19362.7189,2924.7401,26600.0183,1000.0000,32553.5195,390.6000,7357.0000,451.5892,0.0000,15066.6481,562.0000,11026.1980
353,55.8195,828.9322,19233.3923,2924.7401,29854.6281,1000.0000,33976.1192,390.6000,7357.0000,451.6200,0.0000,8667.3082,562.0000,11717.6158
354,452.1531,840.8437,19432.8236,2924.7401,30876.1231,1000.0000,36488.5808,390.6000,7357.0000,451.5519,210.9194,2210.1525,562.0000,11816.0430
355,451.9656,834.1809,19208.5765,2924.7401,29274.7850,1000.0000,36406.7983,390.6000,7357.0000,451.3911,455.8236,0.0000,562.0000,12660.0361
356,32.8500,817.8326,18876.0673,2924.7401,25245.2905,1000.0000,33548.3505,390.6000,7357.0000,451.2263,15.2220,0.0000,562.0000,16292.7841
357,19.2589,803.1189,18682.6000,2924.7401,19871.1439,1000.0000,31174.2472,390.6000,7357.0000,450.9446,14.7950,0.0000,562.0000,17194.7608
358,0.0000,806.2676,17654.1798,2924.7401,14517.4941,1000.0000,29514.9313,390.6000,7357.0000,6.5824,13.5310,0.0000,562.0000,17841.1198
359,-0.4112,767.2059,16943.1574,2924.7401,11234.3921,1000.0000,26809.4800,390.6000,7357.0000,2.5000,13.3010,0.0000,562.0000,17532.0971
360,-2.3627,794.0421,16590.6000,2924.7401,5896.8377,1000.0000,26057.8823,390.6000,7357.0000,2.5000,12.8240,0.0000,562.0000,19731.8684
361,-0.5726,778.7009,16590.6000,2924.7401,3480.8664,1000.0000,24765.4343,390.6000,7357.0000,2.5000,12.5180,0.0000,562.0000,20099.4737
362,-2.5000,772.2849,16263.8171,2924.7401,2462.3451,1000.0000,24258.4515,390.6000,7357.0000,2.5000,12.0550,0.0000,562.0000,19722.1428
363,-1.0000,765.1010,16340.6915,2924.7401,2639.9381,1000.0000,24281.6518,390.6000,7357.0000,2.5000,11.9150,0.0000,562.0000,18621.9830
364,-2.5000,752.6074,16725.0177,2924.7401,3043.0581,1000.0000,25135.3130,390.6000,7357.0000,2.5000,11.8080,0.0000,562.0000,18460.3206
365,0.0000,780.7082,17158.6000,2924.7401,4544.5829,1000.0000,26000.9918,390.6000,7357.0000,2.5000,11.6760,0.0000,562.0000,18918.0770
366,-3.6264,783.9461,17168.1466,2924.7401,6214.7461,1000.0000,25857.7481,390.6000,7357.0000,2.5000,10.9259,2337.0067,562.0000,19021.6365
367,-1.5000,764.7328,17511.2965,2924.7401,12047.1885,1000.0000,26634.8377,390.6000,7357.0000,2.5000,5.7300,4731.0449,562.0000,13079.2728
368,-29.5000,738.5684,18209.2020,2924.7401,15435.1058,1000.0000,27422.3930,390.6000,7357.0000,3.9828,0.0000,10485.1045,562.0000,6421.9584
369,-29.5000,739.5080,18897.9890,2924.7401,17463.3127,1000.0000,27841.1854,390.6000,7357.0000,6.4506,0.0000,12491.6903,562.0000,4696.3096
370,-28.8815,742.3491,18998.7718,2924.7401,18831.0530,1000.0000,28353.0725,390.6000,7357.0000,6.6785,0.0000,13738.0120,562.0000,5046.9305
371,0.0000,784.0829,19351.3988,2924.7401,18303.5290,1000.0000,29880.9896,390.6000,7357.0000,6.9139,0.0000,16704.0596,562.0000,4159.3503
372,0.0000,776.0978,19051.1851,2924.7401,22773.4116,1000.0000,30896.2453,390.6000,7357.0000,50.1076,0.0000,13653.8209,562.0000,5478.0622
373,15.7411,787.2020,19108.4090,2924.7401,22031.2096,1000.0000,31074.9042,390.6000,7357.0000,451.3956,0.0000,16393.9129,562.0000,6570.8100
374,-28.0000,766.8139,19488.0049,2924.7401,23899.3091,1000.0000,30624.4426,390.6000,7357.0000,451.5948,0.0000,16712.4950,562.0000,7604.4651
375,34.2395,768.7599,19195.4317,2924.7401,26175.6285,1000.0000,31425.8319,390.6000,7357.0000,451.7242,11.3433,15765.4783,562.0000,7865.7194
376,-1.5000,814.4160,19121.1988,2924.7401,26648.1469,1000.0000,31123.6621,390.6000,7357.0000,451.7914,0.0000,14575.9304,562.0000,8981.4411
377,54.3287,815.6663,19020.8396,2924.7401,31169.8600,1000.0000,32076.7339,390.6000,7357.0000,452.6624,11.3171,9036.3760,562.0000,7896.9152
378,125.4962,818.6437,19209.2964,2924.7401,32182.4381,1000.0000,36388.5919,390.6000,7357.0000,500.1290,16.0848,2093.9459,562.0000,7080.4442
379,472.8362,817.9868,18933.1176,2924.7401,32105.4083,1000.0000,35939.3210,390.6000,7357.0000,451.4650,185.3121,0.0000,562.0000,6434.4795
380,201.7555,817.8326,19025.1966,2924.7401,27732.9197,1000.0000,34391.5354,390.6000,7357.0000,451.3224,15.2220,0.0000,562.0000,8765.9799
381,19.2589,814.1302,17883.2972,2924.7401,21015.6077,1000.0000,31246.0800,390.6000,7357.0000,450.9871,14.7950,0.0000,562.0000,14040.8853
382,0.0000,806.9647,17158.6000,2924.7401,15962.7600,1000.0000,29908.4582,390.6000,7357.0000,6.5652,13.5310,0.0000,562.0000,14472.6278
383,0.0000,789.5222,16311.2422,2924.7401,12403.4532,1000.0000,27776.1698,390.6000,7357.0000,4.0000,13.3010,0.0000,562.0000,14340.3753
384,0.0000,757.9882,15485.6645,2924.7401,8922.9287,1000.0000,24545.2367,390.6000,7357.0000,0.0000,3.8981,0.0000,562.0000,17405.7866
385,-14.7049,755.5168,15098.4013,2924.7401,5801.7937,1000.0000,22639.4999,390.6000,7357.0000,0.0000,3.3042,0.0000,562.0000,19284.1233
386,-8.3267,750.9318,14875.9498,2924.7401,5096.9761,1000.0000,22396.8593,390.6000,7357.0000,0.0000,2.6611,0.0000,562.0000,17818.0884
387,-66.9837,747.6685,14953.0324,2924.7401,6796.5041,1000.0000,22647.7195,390.6000,7357.0000,0.0000,2.4691,0.0000,562.0000,14351.8442
388,-67.2870,740.9445,15059.4787,2924.7401,7795.5752,1000.0000,22552.3711,390.6000,7357.0000,0.0000,2.3541,0.0000,562.0000,13374.1280
389,-64.5868,752.3808,15025.7852,2924.7401,8855.6399,1000.0000,22762.6950,390.6000,7357.0000,0.0000,2.4720,0.0000,562.0000,13530.2757
390,-32.6772,756.0440,15658.9922,2924.7401,8807.0135,1000.0000,23428.7286,390.6000,7357.0000,0.0000,11.1930,2052.6889,562.0000,13599.9804
391,-9.0785,746.6830,16246.4216,2924.7401,8361.3146,1000.0000,23292.3002,390.6000,7357.0000,0.0000,0.0000,6670.6808,562.0000,13595.4032
392,-56.1459,686.6239,16921.5298,2924.7401,8038.4050,1000.0000,22262.0602,390.6000,7357.0000,0.0000,-7.9550,14710.5407,562.0000,11267.4226
393,-29.5000,680.7628,18177.6000,2924.7401,12597.2910,1000.0000,23421.9127,390.6000,7357.0000,0.0000,0.0000,16402.4855,562.0000,6884.6675
394,-29.5000,689.5391,18177.6000,2924.7401,17463.7127,1000.0000,26030.0281,390.6000,7357.0000,0.0000,0.0000,14599.3998,562.0000,4473.3123
395,-0.5079,695.2438,18177.6000,2924.7401,20482.3324,1000.0000,27802.8452,390.6000,7357.0000,0.0000,0.0000,14530.9001,562.0000,3357.0112
396,-28.0000,738.2303,18177.6000,2924.7401,22064.7951,1000.0000,28091.4999,390.6000,7357.0000,0.0000,0.0000,15772.7790,562.0000,3834.2128
397,0.0000,752.2615,18177.6000,2924.7401,25445.9999,1000.0000,28236.0094,390.6000,7357.0000,0.0000,0.0000,16041.8615,562.0000,3807.3547
398,0.0000,751.0097,18177.6000,2924.7401,27759.0588,1000.0000,28567.3529,390.6000,7357.0000,34.4345,2.0435,16565.5758,562.0000,3960.8257
399,-19.9745,762.0766,18349.1868,2924.7401,29331.2028,1000.0000,28514.8234,390.6000,7357.0000,448.8273,12.6850,16629.8865,562.0000,4305.8074
400,52.6146,765.2696,18496.3419,2924.7401,29970.7681,1000.0000,28245.5431,390.6000,7357.0000,449.2255,12.6608,15370.0899,562.0000,5784.1281
401,74.1672,815.6663,18399.5837,2924.7401,29797.4423,1000.0000,30332.9924,390.6000,7357.0000,452.5489,12.7830,9921.1748,562.0000,8806.1912
402,155.5768,818.6437,18696.0436,2924.7401,28495.1594,1000.0000,35328.4114,390.6000,7357.0000,498.5314,27.9010,1919.3524,562.0000,10927.1008
403,95.5499,817.9868,18824.3165,2924.7401,27992.9319,1000.0000,31841.0559,390.6000,7357.0000,449.1551,28.6262,0.0000,562.0000,13993.6385
404,39.0459,806.5213,18177.6000,2924.7401,24977.7437,1000.0000,29259.8099,390.6000,7357.0000,226.9870,27.4490,0.0000,562.0000,16889.7426
405,1.0317,812.8133,17517.4706,2924.7401,18614.0102,1000.0000,28316.4804,390.6000,7357.0000,0.0000,14.7950,0.0000,562.0000,19366.9817
406,0.0000,788.7868,16992.6260,2924.7401,12668.0101,1000.0000,26734.3789,390.6000,7357.0000,0.0000,13.5310,0.0000,562.0000,20362.9663
407,0.0000,766.2359,16583.3523,2924.7401,8326.1067,1000.0000,24862.1102,390.6000,7357.0000,0.0000,13.3010,0.0000,562.0000,20566.8648
408,0.0000,764.1511,15970.4089,2924.7401,7212.1203,1000.0000,23144.7797,390.6000,7357.0000,0.0000,12.8240,0.0000,562.0000,19606.5065
409,-22.5732,749.9353,15841.6223,2924.7401,7148.4471,1000.0000,21891.2484,390.6000,7357.0000,0.0000,3.2754,0.0000,562.0000,17146.1313
410,-55.1939,744.5607,15502.2488,2924.7401,6133.4127,1000.0000,21395.4356,390.6000,7357.0000,0.0000,2.8638,0.0000,562.0000,16505.3621
411,-71.3458,741.5045,15437.3076,2924.7401,6281.2006,1000.0000,20668.7089,390.6000,7357.0000,0.0000,-9.3213,0.0000,562.0000,15723.6129
412,-72.2870,747.1012,15734.4341,2924.7401,5653.5667,1000.0000,21203.9241,390.6000,7357.0000,0.0000,-9.3314,0.0000,562.0000,15253.0435
413,-39.3418,752.3808,15799.1044,2924.7401,6665.3764,1000.0000,21395.1000,390.6000,7357.0000,0.0000,-9.0696,0.0000,562.0000,14972.6913
414,-7.0485,748.0182,16102.5020,2924.7401,7672.0479,1000.0000,21182.4086,390.6000,7357.0000,0.0000,0.0000,2077.6891,562.0000,14788.2734
415,-6.5000,726.6271,16240.7909,2924.7401,6506.3075,1000.0000,20695.3856,390.6000,7357.0000,0.0000,-2.5778,9455.0155,562.0000,13054.8136
416,-6.5000,726.2153,17437.9943,2924.7401,11609.0800,1000.0000,21514.1818,390.6000,7357.0000,0.0000,-7.9501,13749.0599,562.0000,6342.9642
417,-6.5000,727.7764,17760.6000,2924.7401,15419.8459,1000.0000,22876.7000,390.6000,7357.0000,0.0000,0.0000,15402.6092,562.0000,3263.3431
418,-0.4595,729.0874,18177.6000,2924.7401,17601.0040,1000.0000,25042.7865,390.6000,7357.0000,0.0000,0.0000,15579.2833,562.0000,2377.3366
419,-28.0000,691.8642,18177.6000,2924.7401,18255.2467,1000.0000,26115.9286,390.6000,7357.0000,0.0000,0.0000,16205.5216,562.0000,3972.2946
420,-28.0000,744.1066,18177.6000,2924.7401,20007.0044,1000.0000,26944.3909,390.6000,7357.0000,0.0000,0.0000,16293.4648,562.0000,5399.6918
421,-28.0000,770.1463,18177.6000,2924.7401,23323.4017,1000.0000,27235.6384,390.6000,7357.0000,0.0000,0.0000,16145.6636,562.0000,5736.7993
422,-9.4811,766.7317,18177.6000,2924.7401,26066.9554,1000.0000,26712.7846,390.6000,7357.0000,3.3904,0.0000,16722.0320,562.0000,6500.4271
423,-13.9692,754.5870,18408.0952,2924.7401,29121.0306,1000.0000,27815.4330,390.6000,7357.0000,318.2818,0.0000,14532.8343,562.0000,6937.2497
424,-1.5000,779.4550,18640.1350,2924.7401,30351.8226,1000.0000,27190.8718,390.6000,7357.0000,347.5241,0.0000,14003.6995,562.0000,7265.4708
425,26.8436,807.8781,18682.6000,2924.7401,32329.9515,1000.0000,28512.3923,390.6000,7357.0000,227.5132,0.0000,9272.3757,562.0000,8665.0625
426,96.7870,818.6437,18858.4175,2924.7401,32467.4614,1000.0000,31049.9540,390.6000,7357.0000,451.6971,11.8359,1609.0954,562.0000,11606.4506
427,96.7870,817.9868,18922.1346,2924.7401,27970.3201,1000.0000,30468.4222,390.6000,7357.0000,375.6103,35.5465,0.0000,562.0000,15638.6830
428,31.8261,816.2626,18177.6000,2924.7401,24526.4508,1000.0000,28540.1829,390.6000,7357.0000,0.0000,15.2220,0.0000,562.0000,18627.0457
429,0.6000,809.9711,17441.7491,2924.7401,18278.6181,1000.0000,26929.9429,390.6000,7357.0000,0.0000,14.7950,0.0000,562.0000,21631.3100
430,0.0000,784.7378,16086.0330,2924.7401,13438.9421,1000.0000,24806.0768,390.6000,7357.0000,0.0000,13.5310,0.0000,562.0000,23211.0350
431,0.0000,765.8409,14766.3603,2924.7401,10423.1015,1000.0000,22718.7188,390.6000,7357.0000,0.0000,13.3010,0.0000,562.0000,23201.5687
432,0.0000,550.6416,14331.3614,2924.7401,9422.7330,1000.0000,20269.5861,390.6000,7357.0000,0.0000,12.8240,0.0000,562.0000,23161.1160
433,-21.4542,546.5324,13867.2841,2924.7401,7525.3300,1000.0000,19311.3072,390.6000,7357.0000,0.0000,3.2316,0.0000,562.0000,23345.6902
434,-68.9642,543.9507,13790.9151,2924.7401,6333.6628,1000.0000,19167.7970,390.6000,7357.0000,0.0000,-9.2189,0.0000,562.0000,22372.5145
435,-59.9542,542.5355,13836.0314,2924.7401,6177.0477,1000.0000,19036.4445,390.6000,7357.0000,0.0000,-9.3409,0.0000,562.0000,21450.3315
436,-55.6308,542.6478,14088.5622,2924.7401,6888.1542,1000.0000,18675.8546,390.6000,7357.0000,0.0000,-9.3070,0.0000,562.0000,20956.8122
437,-9.5574,544.0659,13941.6518,2924.7401,8695.6912,1000.0000,19514.1060,390.6000,7357.0000,0.0000,-9.0152,0.0000,562.0000,19562.9739
438,-7.0000,545.7524,14478.9910,2924.7401,9764.6503,1000.0000,19750.7495,390.6000,7357.0000,0.0000,-8.3980,2257.5447,562.0000,18307.8854
439,-66.2870,546.6565,15166.2692,2924.7401,11233.3832,1000.0000,19091.7075,390.6000,7357.0000,0.0000,-8.4425,5952.6692,562.0000,17295.4864
440,-8.3464,545.1985,16741.6000,2924.7401,11929.7872,1000.0000,20256.2640,390.6000,7357.0000,0.0000,0.0000,11377.5452,562.0000,13112.6302
441,-6.5000,541.1899,17733.4758,2924.7401,14595.4606,1000.0000,21946.1878,390.6000,7357.0000,0.0000,0.0000,15472.4261,562.0000,8414.7845
442,-1.5000,545.1814,18177.6000,2924.7401,16205.1796,1000.0000,23369.3182,390.6000,7357.0000,0.0000,0.0000,16095.3524,562.0000,8004.1403
443,0.0000,552.4734,18177.6000,2924.7401,19705.8008,1000.0000,23454.3467,390.6000,7357.0000,0.0000,0.0000,15670.6979,562.0000,8434.1658
444,0.0000,557.0484,18177.6000,2924.7401,19021.2725,1000.0000,24567.0870,390.6000,7357.0000,0.0000,0.0000,15898.7130,562.0000,11210.4458
445,-28.0000,515.5568,18682.6000,2924.7401,20016.1826,1000.0000,25107.4597,390.6000,7357.0000,0.0000,0.0000,16362.1180,562.0000,12422.2364
446,-28.0000,525.4725,18639.9485,2924.7401,21112.1491,1000.0000,24931.6644,390.6000,7357.0000,28.6826,5.4171,16881.9411,562.0000,14426.2912
447,-7.4129,538.3723,18755.6565,2924.7401,22365.8018,1000.0000,25443.3560,390.6000,7357.0000,349.8400,12.5614,16439.1880,562.0000,15523.3369
448,-26.2805,537.5730,18812.8223,2924.7401,23427.6202,1000.0000,25511.9978,390.6000,7357.0000,367.8303,6.5065,15540.4855,562.0000,16280.5629
449,12.6006,618.3785,18844.8952,2924.7401,27840.1580,1000.0000,26559.0499,390.6000,7357.0000,331.0606,9.2697,9454.7949,562.0000,17026.1570
450,97.5409,806.7938,18984.2580,2924.7401,30668.2508,1000.0000,29721.1391,390.6000,7357.0000,449.0218,42.0601,1602.9514,562.0000,17424.5340
451,96.7870,805.4718,19053.3655,2924.7401,30255.5444,1000.0000,29967.3860,390.6000,7357.0000,264.6179,39.1362,0.0000,562.0000,16797.2131
452,96.6145,804.6563,18719.0613,2924.7401,28549.6263,1000.0000,27865.2113,390.6000,7357.0000,0.0000,32.3252,0.0000,562.0000,16766.3806
453,0.0000,620.7279,18682.6000,2924.7401,23199.4655,1000.0000,25328.4605,390.6000,7357.0000,0.0000,14.7950,0.0000,562.0000,18059.4416
454,0.0000,610.0680,17000.3934,2924.7401,16841.5412,1000.0000,23555.3584,390.6000,7357.0000,0.0000,13.5310,0.0000,562.0000,20392.9552
455,-23.1813,557.5348,15622.0590,2924.7401,12688.2231,1000.0000,20917.8836,390.6000,7357.0000,0.0000,13.3010,0.0000,562.0000,22058.3471
456,-3.8940,794.0421,15057.9292,2924.7401,3874.4816,1000.0000,24625.1070,390.6000,7357.0000,2.5000,12.8240,0.0000,562.0000,22730.7836
457,-33.8961,785.5200,14105.5666,2924.7401,2322.9200,1000.0000,23604.1363,390.6000,7357.0000,2.5000,3.4907,0.0000,562.0000,22802.1427
458,-66.8278,750.1988,13760.1401,2924.7401,1983.0886,1000.0000,22618.9022,390.6000,7357.0000,2.5000,2.8098,0.0000,562.0000,22467.1209
459,-68.4563,753.1025,14141.1119,2924.7401,1721.3665,1000.0000,22478.0768,390.6000,7357.0000,2.5000,2.5497,0.0000,562.0000,22240.3189
460,-68.1256,752.6074,15152.2730,2924.7401,2094.8277,1000.0000,23476.0265,390.6000,7357.0000,2.5000,2.4406,0.0000,562.0000,22008.0761
461,-14.0837,758.2097,15959.0184,2924.7401,5040.3878,1000.0000,24990.0228,390.6000,7357.0000,2.5000,2.5085,0.0000,562.0000,20738.9563
462,10.5228,793.7088,17158.6000,2924.7401,8940.5220,1000.0000,26079.9117,390.6000,7357.0000,2.5000,11.6130,1071.9547,562.0000,17986.1388
463,-28.0000,749.4229,18028.5289,2924.7401,11317.6974,1000.0000,27575.1303,390.6000,7357.0000,2.5000,0.0000,4965.9328,562.0000,13545.7088
464,-29.5000,732.1768,18789.3012,2924.7401,14295.8092,1000.0000,29106.7690,390.6000,7357.0000,6.6570,0.0000,9256.7401,562.0000,8061.0238
465,-28.0000,739.3593,18682.6000,2924.7401,16444.8223,1000.0000,29986.4326,390.6000,7357.0000,6.8442,314.0000,12702.2159,562.0000,5484.5884
466,-9.7723,742.3212,18824.4299,2924.7401,18118.9305,1000.0000,31363.2608,390.6000,7357.0000,2.5000,0.0000,13406.8825,562.0000,5716.0349
467,-16.6000,745.5022,18870.4329,2924.7401,18876.1552,1000.0000,32020.5139,390.6000,7357.0000,2.5000,314.0000,15720.9188,562.0000,5780.2890
468,13.6922,746.1287,18723.5941,2924.7401,21919.9739,1000.0000,32164.0865,390.6000,7357.0000,2.5000,0.0000,15911.7212,562.0000,6646.2556
469,-1.5000,761.1609,18880.7580,2924.7401,24075.0064,1000.0000,32290.1238,390.6000,7357.0000,451.3055,314.0000,16236.1470,562.0000,7027.3726
470,-28.0000,766.8139,19060.3241,2924.7401,26851.6365,1000.0000,32617.1985,390.6000,7357.0000,451.3237,0.0000,16093.9166,562.0000,7772.7041
471,87.4314,768.7599,18814.6850,2924.7401,27598.9518,1000.0000,33748.1142,390.6000,7357.0000,451.4405,356.0000,14970.5270,562.0000,9246.1720
472,88.8549,814.4160,18918.6491,2924.7401,27638.5543,1000.0000,33283.2540,390.6000,7357.0000,451.5656,42.0000,13575.6003,562.0000,11689.4108
473,110.3228,815.6663,19044.2080,2924.7401,30497.7195,1000.0000,33897.5075,390.6000,7357.0000,451.5418,356.0000,8622.1374,562.0000,11976.8105
474,171.3006,840.3118,19021.5476,2924.7401,33427.9011,1000.0000,36326.2827,390.6000,7357.0000,451.4267,338.5036,1345.9216,562.0000,12020.5454
475,155.4401,817.9097,19066.0279,2924.7401,33342.2722,1000.0000,36680.0648,390.6000,7357.0000,451.3230,57.9741,0.0000,562.0000,10394.0637
476,60.4394,817.8326,18893.7030,2924.7401,28557.4634,1000.0000,34649.4883,390.6000,7357.0000,451.1567,371.2220,0.0000,562.0000,12145.4025
477,13.6098,814.1302,18074.9292,2924.7401,22044.5244,1000.0000,31675.8693,390.6000,7357.0000,450.8717,344.3781,0.0000,562.0000,15037.0173
478,0.0000,808.3214,16880.7855,2924.7401,14460.1919,1000.0000,29842.3925,390.6000,7357.0000,181.4699,327.5310,0.0000,562.0000,17978.3552
479,11.4000,796.4997,16161.6344,2924.7401,9017.5120,1000.0000,27416.8516,390.6000,7357.0000,2.5000,13.3010,0.0000,562.0000,19895.7980
480,0.0000,794.0421,14883.2889,2924.7401,4957.9381,1000.0000,25984.7531,390.6000,7357.0000,2.5000,12.8240,0.0000,562.0000,22260.0770
481,-57.4346,783.8220,14347.6787,2924.7401,2691.3712,1000.0000,24298.9760,390.6000,7357.0000,2.5000,3.4307,0.0000,562.0000,23006.2902
482,-59.3879,749.0208,13868.1288,2924.7401,1812.7001,1000.0000,23100.8147,390.6000,7357.0000,2.5000,2.7437,0.0000,562.0000,23244.5027
483,-14.7744,753.1025,14087.2721,2924.7401,1511.7836,1000.0000,22945.2285,390.6000,7357.0000,2.5000,11.9150,0.0000,562.0000,22918.1709
484,-63.2870,769.4012,15197.2957,2924.7401,2303.5114,1000.0000,23006.6896,390.6000,7357.0000,2.5000,2.2985,0.0000,562.0000,22860.3366
485,-2.0000,764.9119,16017.0166,2924.7401,4372.8494,1000.0000,24606.7543,390.6000,7357.0000,2.5000,11.6760,0.0000,562.0000,21918.9358
486,-0.3805,772.2788,16634.8163,2924.7401,6400.5157,1000.0000,25454.6015,390.6000,7357.0000,2.5000,12.0754,1802.1258,562.0000,20868.1742
487,-46.1429,806.0470,17330.5092,2924.7401,8148.9424,1000.0000,26165.4595,390.6000,7357.0000,2.5000,1.6375,3591.0110,562.0000,19544.2397
488,-63.4169,790.4255,18130.7006,2924.7401,11700.0127,1000.0000,28985.1320,390.6000,7357.0000,2.5000,-4.2962,5388.2811,562.0000,14359.7427
489,-1.5000,823.5694,18177.6000,2924.7401,17186.0165,1000.0000,31124.6535,390.6000,7357.0000,2.5000,0.0000,7057.9239,562.0000,8939.5690
490,-1.5000,829.3190,18177.6000,2924.7401,19988.3313,1000.0000,31357.2998,390.6000,7357.0000,3.8752,0.0000,9075.0517,562.0000,8050.3432
491,-0.1274,821.7574,18177.6000,2924.7401,22479.3729,1000.0000,32558.0012,390.6000,7357.0000,5.8691,0.0000,9753.0916,562.0000,7887.8973
492,0.0000,824.6487,18177.6000,2924.7401,24121.4150,1000.0000,32757.9201,390.6000,7357.0000,320.2493,0.0000,10842.5260,562.0000,8948.4603
493,0.0000,827.0658,18177.6000,2924.7401,25585.1731,1000.0000,33515.8450,390.6000,7357.0000,448.8607,0.0000,12493.4466,562.0000,8929.5985
494,-27.2760,787.4309,18177.6000,2924.7401,28050.0317,1000.0000,33593.3377,390.6000,7357.0000,448.5155,0.0000,12673.8573,562.0000,9582.6181
495,-27.2738,785.2808,18194.6012,2924.7401,28854.1238,1000.0000,34324.2487,390.6000,7357.0000,448.0573,0.0000,11172.8609,562.0000,11227.2719
496,1.7883,830.7080,18372.7173,2924.7401,30398.6877,1000.0000,34389.0224,390.6000,7357.0000,449.4898,0.0000,7695.7793,562.0000,12225.7559
497,0.6843,832.8684,18470.1468,2924.7401,30820.9152,1000.0000,34901.9585,390.6000,7357.0000,450.5100,0.0000,5453.4684,562.0000,11727.2369
498,123.0833,831.5945,18720.9771,2924.7401,32775.2419,1000.0000,35294.8149,390.6000,7357.0000,450.5080,21.8650,881.8962,562.0000,11413.1022
499,97.4026,834.9515,18705.9500,2924.7401,31375.6645,1000.0000,34485.0187,390.6000,7357.0000,450.5089,28.4487,0.0000,562.0000,11356.0495
500,94.9139,833.9344,18223.7000,2924.7401,27118.5543,1000.0000,33913.6000,390.6000,7357.0000,450.4667,12.9951,0.0000,562.0000,11847.0356
501,31.4391,834.5193,17389.7465,2924.7401,19171.3796,1000.0000,32691.4966,390.6000,7357.0000,426.4411,12.9818,0.0000,562.0000,14837.2075
502,0.0000,790.7118,16684.7419,2924.7401,13217.2722,1000.0000,29612.9139,390.6000,7357.0000,2.5470,12.3868,0.0000,562.0000,17782.3311
503,0.0000,786.9256,15237.2298,2924.7401,9420.9117,1000.0000,27230.5902,390.6000,7357.0000,2.5000,12.6470,0.0000,562.0000,19535.3324
504,0.0000,416.4593,14049.9455,2924.7401,14887.7157,1000.0000,15851.0859,390.6000,7357.0000,0.0000,0.0000,0.0000,562.0000,16279.2987
505,0.0000,412.2176,13424.0142,2924.7401,13353.9190,1000.0000,15514.8887,390.6000,7357.0000,0.0000,0.0000,0.0000,562.0000,16959.0118
506,0.0000,410.9399,13245.0454,2924.7401,12396.1378,1000.0000,14759.8920,390.6000,7357.0000,0.0000,0.0000,0.0000,562.0000,17838.1753
507,0.0000,410.2268,14054.9213,2924.7401,11915.8099,1000.0000,15250.1261,390.6000,7357.0000,0.0000,0.0000,0.0000,562.0000,17365.2125
508,0.0000,410.4264,14736.1674,2924.7401,14993.4846,1000.0000,15686.3033,390.6000,7357.0000,0.0000,0.0000,0.0000,562.0000,15867.5615
509,0.0000,425.5213,14814.6000,2924.7401,20262.5170,1000.0000,16071.4651,390.6000,7357.0000,0.0000,0.0000,0.0000,562.0000,15198.5739
510,0.0000,427.1622,15012.3615,2924.7401,26341.6353,1000.0000,15993.3424,390.6000,7357.0000,0.0000,0.0000,0.0000,562.0000,14577.9015
511,0.0000,431.1769,15833.6000,2924.7401,29151.2516,1000.0000,16336.0411,390.6000,7357.0000,0.0000,0.0000,517.1183,562.0000,13368.8465
512,-28.0000,381.8613,15226.6851,2924.7401,24469.0432,1000.0000,15623.7138,390.6000,7357.0000,0.0000,0.0000,7034.7861,562.0000,13661.5131
513,-22.0199,362.4655,14824.3829,2924.7401,23599.8128,1000.0000,15044.7117,390.6000,7357.0000,0.0000,-2.7555,8900.3122,562.0000,13443.6547
514,-28.0000,361.8588,14550.3514,2924.7401,21733.3077,1000.0000,14832.2295,390.6000,7357.0000,0.0000,0.0000,10902.6905,562.0000,12949.3234
515,-0.9699,360.8807,14509.5111,2924.7401,22838.8749,1000.0000,14603.6974,390.6000,7357.0000,0.0000,-1.6320,9810.3564,562.0000,11725.7831
516,-28.0000,360.6893,14381.3962,2924.7401,21651.5040,1000.0000,15067.2013,390.6000,7357.0000,0.0000,0.0000,9638.0472,562.0000,11641.0106
517,-66.7870,360.9336,14651.3575,2924.7401,21462.3814,1000.0000,14206.4356,390.6000,7357.0000,0.0000,-5.3201,9518.5247,562.0000,11878.0045
518,-94.7870,360.2710,13972.3918,2924.7401,19912.7331,1000.0000,14987.5072,390.6000,7357.0000,0.0000,-5.7659,9793.0023,562.0000,13010.2082
519,-70.9870,359.7557,15172.0280,2924.7401,20564.9816,1000.0000,14812.8808,390.6000,7357.0000,0.0000,-6.9823,10319.5621,562.0000,12744.9329
520,0.0000,423.0089,16310.0161,2924.7401,27609.1861,1000.0000,16755.3356,390.6000,7357.0000,0.0000,0.0000,4345.9194,562.0000,13063.2440
521,19.2589,432.3730,16038.6454,2924.7401,34259.9471,1000.0000,17507.5745,390.6000,7357.0000,0.0000,0.0000,21.8200,562.0000,14432.8119
522,29.5000,433.7601,16139.0985,2924.7401,34418.9502,1000.0000,17676.6639,390.6000,7357.0000,0.0000,0.0000,0.0000,562.0000,15247.7114
523,29.5000,433.8025,15877.6684,2924.7401,32852.5961,1000.0000,17471.0598,390.6000,7357.0000,0.0000,0.0000,0.0000,562.0000,16202.7502
524,29.5000,433.7219,15567.1546,2924.7401,26239.9276,1000.0000,17087.2132,390.6000,7357.0000,0.0000,0.0000,0.0000,562.0000,20914.9834
525,0.0000,431.8720,14543.6000,2924.7401,22310.0977,1000.0000,16295.5300,390.6000,7357.0000,0.0000,0.0000,0.0000,562.0000,22366.0540
526,0.0000,418.5781,14723.0592,2924.7401,17115.5735,1000.0000,15987.5736,390.6000,7357.0000,0.0000,0.0000,0.0000,562.0000,22980.3486
527,0.0000,419.0018,14281.2588,2924.7401,15319.7688,1000.0000,15214.5009,390.6000,7357.0000,0.0000,0.0000,0.0000,562.0000,21597.8425
528,0.0000,360.8126,14031.4108,2924.7401,15610.1909,1000.0000,13435.8283,390.6000,7357.0000,0.0000,0.0000,0.0000,562.0000,19808.5924
529,0.0000,359.4972,14130.5107,2924.7401,13847.4649,1000.0000,13235.6025,390.6000,7357.0000,0.0000,0.0000,0.0000,562.0000,19835.2907
530,0.0000,358.4914,14144.2842,2924.7401,12450.6061,1000.0000,12833.4571,390.6000,7357.0000,0.0000,0.0000,0.0000,562.0000,20485.9588
531,0.0000,370.2315,14427.6000,2924.7401,12636.9501,1000.0000,13101.3617,390.6000,7357.0000,0.0000,0.0000,0.0000,562.0000,19983.4178
532,0.0000,370.2539,14427.6000,2924.7401,15343.2303,1000.0000,13360.7626,390.6000,7357.0000,0.0000,0.0000,0.0000,562.0000,19502.0790
533,0.0000,372.2321,14859.3750,2924.7401,19512.0972,1000.0000,13585.4551,390.6000,7357.0000,0.0000,0.0000,0.0000,562.0000,19710.6083
534,0.0000,373.2368,15012.8599,2924.7401,24400.8674,1000.0000,13660.0430,390.6000,7357.0000,0.0000,0.0000,0.0000,562.0000,19842.6101
535,1.0317,376.2058,15314.1440,2924.7401,26942.1734,1000.0000,14159.2232,390.6000,7357.0000,0.0000,0.0000,784.2118,562.0000,19306.8579
536,-28.0000,330.9724,15096.6324,2924.7401,22681.2652,1000.0000,13482.5432,390.6000,7357.0000,0.0000,0.0000,5537.0539,562.0000,21377.1263
537,-20.6589,331.8744,14990.8638,2924.7401,21350.1591,1000.0000,13478.9166,390.6000,7357.0000,0.0000,0.0000,8798.2949,562.0000,18389.9617
538,-28.1693,330.5840,14501.7015,2924.7401,21160.4609,1000.0000,13182.6435,390.6000,7357.0000,0.0000,0.0000,8609.6763,562.0000,17920.5591
539,-0.3386,309.1148,14427.6000,2924.7401,19705.2304,1000.0000,13099.7037,390.6000,7357.0000,0.0000,0.0000,9751.9506,562.0000,16813.4698
540,-29.5000,309.0163,14339.9053,2924.7401,21042.3658,1000.0000,13220.1471,390.6000,7357.0000,0.0000,0.0000,8640.0727,562.0000,15299.0361
541,-1.5000,308.7680,14227.4284,2924.7401,19812.4681,1000.0000,12796.8065,390.6000,7357.0000,0.0000,0.0000,10861.2477,562.0000,14251.3690
542,-29.5000,308.6641,14260.8537,2924.7401,20653.5012,1000.0000,12899.8012,390.6000,7357.0000,0.0000,0.0000,11252.9324,562.0000,12576.8624
543,-5.7000,309.0262,14543.6000,2924.7401,23420.3306,1000.0000,13229.6116,390.6000,7357.0000,0.0000,0.0000,11130.8808,562.0000,11205.7605
544,0.0000,376.7561,15496.6355,2924.7401,30947.0923,1000.0000,14674.4708,390.6000,7357.0000,0.0000,0.0000,4347.3461,562.0000,12000.1084
545,29.1878,390.5218,15992.1130,2924.7401,34121.4380,1000.0000,16901.3023,390.6000,7357.0000,0.0000,0.0000,4.3640,562.0000,13809.4650
546,19.6028,392.7705,15925.1225,2924.7401,33309.9810,1000.0000,17083.9799,390.6000,7357.0000,0.0000,0.0000,0.0000,562.0000,15266.7360
547,1.0000,392.7558,15026.9915,2924.7401,32009.0475,1000.0000,16290.3222,390.6000,7357.0000,0.0000,0.0000,0.0000,562.0000,17389.0750
548,1.5000,392.8522,14931.1668,2924.7401,27513.9420,1000.0000,15593.3175,390.6000,7357.0000,0.0000,0.0000,0.0000,562.0000,20895.3086
549,1.5000,391.0930,14543.6000,2924.7401,23801.8054,1000.0000,15205.5272,390.6000,7357.0000,0.0000,0.0000,0.0000,562.0000,22180.1103
550,0.0000,377.1801,14219.2530,2924.7401,19845.2402,1000.0000,14788.0627,390.6000,7357.0000,0.0000,0.0000,0.0000,562.0000,22900.0632
551,0.0000,374.4296,13821.5945,2924.7401,17543.2487,1000.0000,14175.9678,390.6000,7357.0000,0.0000,0.0000,0.0000,562.0000,21739.8202
552,0.0000,414.0815,14188.2147,2924.7401,12856.1842,1000.0000,16656.1227,390.6000,7357.0000,0.0000,0.0000,0.0000,562.0000,19794.2324
553,0.0000,412.2173,14085.1879,2924.7401,10869.4065,1000.0000,16709.0270,390.6000,7357.0000,0.0000,0.0000,0.0000,562.0000,19824.5486
554,0.0000,410.9388,14132.9379,2924.7401,10611.8742,1000.0000,16439.1596,390.6000,7357.0000,0.0000,0.0000,0.0000,562.0000,19147.0651
555,0.0000,410.2253,14246.6000,2924.7401,12498.1997,1000.0000,16025.6495,390.6000,7357.0000,0.0000,0.0000,0.0000,562.0000,17239.0774
556,0.0000,414.3480,14419.2326,2924.7401,13612.6920,1000.0000,16551.2938,390.6000,7357.0000,0.0000,0.0000,0.0000,562.0000,16441.6445
557,28.0000,430.9686,14670.4031,2924.7401,17480.4251,1000.0000,16432.7905,390.6000,7357.0000,0.0000,0.0000,0.0000,562.0000,14937.0331
558,0.0000,429.7530,14814.6000,2924.7401,23192.0715,1000.0000,16786.9607,390.6000,7357.0000,0.0000,0.0000,0.0000,562.0000,12807.0944
559,28.0000,431.2841,14814.6000,2924.7401,25193.2267,1000.0000,17609.9268,390.6000,7357.0000,0.0000,0.0000,611.0557,562.0000,14061.2829
560,-28.0000,385.5749,14814.6000,2924.7401,24382.4625,1000.0000,16548.9682,390.6000,7357.0000,0.0000,0.0000,4509.4836,562.0000,15950.3150
561,-22.1589,365.5919,15187.0957,2924.7401,19698.3085,1000.0000,15143.1852,390.6000,7357.0000,0.0000,0.0000,10580.2206,562.0000,16177.1381
562,-29.3489,362.6839,15833.6000,2924.7401,21055.0361,1000.0000,15785.9343,390.6000,7357.0000,0.0000,0.0000,10245.1836,562.0000,12896.1218
563,-0.5000,360.8187,15109.9154,2924.7401,19202.9154,1000.0000,15862.8601,390.6000,7357.0000,0.0000,0.0000,10508.7420,562.0000,13657.3689
564,-29.0000,366.8750,14323.5724,2924.7401,17905.7779,1000.0000,16327.2557,390.6000,7357.0000,0.0000,0.0000,10722.6470,562.0000,13653.4111
565,0.0000,360.2880,14463.5468,2924.7401,16918.1674,1000.0000,15804.5368,390.6000,7357.0000,0.0000,0.0000,11206.4660,562.0000,13559.5762
566,-29.5000,360.1505,14120.2208,2924.7401,19423.6044,1000.0000,15474.6321,390.6000,7357.0000,0.0000,0.0000,11985.3905,562.0000,10677.7186
567,-4.8590,359.7451,15258.7638,2924.7401,20737.0102,1000.0000,15690.3178,390.6000,7357.0000,0.0000,0.0000,11058.8072,562.0000,10702.0644
568,0.0000,423.0153,15946.9658,2924.7401,28877.6636,1000.0000,17098.5008,390.6000,7357.0000,0.0000,0.0000,4706.3028,562.0000,11166.2451
569,29.5000,432.3786,17313.3750,2924.7401,33944.3783,1000.0000,19485.9221,390.6000,7357.0000,0.0000,0.0000,21.8200,562.0000,10247.8453
570,29.5000,433.7665,17147.4000,2924.7401,34374.5723,1000.0000,20118.7445,390.6000,7357.0000,0.0000,0.0000,0.0000,562.0000,10060.4768
571,29.5000,433.8081,16640.7723,2924.7401,33827.8786,1000.0000,19309.9495,390.6000,7357.0000,0.0000,0.0000,0.0000,562.0000,10926.5072
572,0.3439,433.7277,15647.4623,2924.7401,32030.7868,1000.0000,18079.1919,390.6000,7357.0000,0.0000,0.0000,0.0000,562.0000,13048.5244
573,0.6878,431.8773,14814.6000,2924.7401,30717.2627,1000.0000,17616.1682,390.6000,7357.0000,0.0000,0.0000,0.0000,562.0000,12401.4907
574,0.0000,431.1830,14814.6000,2924.7401,26496.2508,1000.0000,17199.3602,390.6000,7357.0000,0.0000,0.0000,0.0000,562.0000,12897.2532
575,0.0000,416.4777,14487.8508,2924.7401,23755.0012,1000.0000,16221.9363,390.6000,7357.0000,0.0000,0.0000,0.0000,562.0000,13083.5643
576,19.2589,414.0812,14295.2143,2924.7401,19548.9531,1000.0000,16378.2599,390.6000,7357.0000,0.0000,0.0000,0.0000,562.0000,13667.2419
577,0.0000,412.2171,14389.7344,2924.7401,17054.7845,1000.0000,16289.3052,390.6000,7357.0000,0.0000,0.0000,0.0000,562.0000,14150.0042
578,0.0000,410.9385,14342.0480,2924.7401,17034.7872,1000.0000,15874.1424,390.6000,7357.0000,0.0000,0.0000,0.0000,562.0000,13296.5247
579,-0.0157,410.2250,14041.8088,2924.7401,16786.2518,1000.0000,16188.2279,390.6000,7357.0000,0.0000,-4.1898,0.0000,562.0000,13028.0975
580,-24.6302,410.4256,14112.8521,2924.7401,16992.1077,1000.0000,16118.9005,390.6000,7357.0000,0.0000,-7.7363,0.0000,562.0000,13663.7342
581,0.0000,416.2467,14690.8090,2924.7401,18197.7852,1000.0000,16088.0608,390.6000,7357.0000,0.0000,0.0000,0.0000,562.0000,14074.7733
582,0.0000,417.1531,15128.9824,2924.7401,19583.3563,1000.0000,16546.0833,390.6000,7357.0000,0.0000,0.0000,0.0000,562.0000,15194.2532
583,0.0000,431.2847,15321.6000,2924.7401,22772.0671,1000.0000,17152.0921,390.6000,7357.0000,0.0000,0.0000,582.6795,562.0000,15231.0118
584,-1.5000,434.1595,15349.3749,2924.7401,21558.5186,1000.0000,15801.1297,390.6000,7357.0000,0.0000,0.0000,6244.6001,562.0000,15311.6315
585,-1.5000,434.4860,14408.1116,2924.7401,19401.0477,1000.0000,14777.5549,390.6000,7357.0000,0.0000,0.0000,10164.9637,562.0000,16075.1821
586,-29.5000,386.7691,14493.4710,2924.7401,20150.1014,1000.0000,15075.0792,390.6000,7357.0000,0.0000,0.0000,10870.4573,562.0000,13585.7949
587,-28.5079,379.7569,15134.3763,2924.7401,19680.2112,1000.0000,15794.5243,390.6000,7357.0000,0.0000,0.0000,10369.2518,562.0000,12103.5396
588,-28.0000,363.5039,15030.0506,2924.7401,18524.1876,1000.0000,15974.7202,390.6000,7357.0000,0.0000,0.0000,10184.6429,562.0000,12060.8889
589,-12.2589,362.8565,14718.1357,2924.7401,18195.0083,1000.0000,16026.8301,390.6000,7357.0000,0.0000,0.0000,10748.6593,562.0000,11286.8324
590,-29.5000,378.1080,15271.0307,2924.7401,19033.9050,1000.0000,16238.1489,390.6000,7357.0000,0.0000,0.0000,9270.7095,562.0000,10891.8693
591,-4.2000,361.0490,15719.0487,2924.7401,19960.3706,1000.0000,17131.8904,390.6000,7357.0000,0.0000,0.0000,10092.2688,562.0000,10021.3314
592,0.0000,431.9523,16845.6000,2924.7401,28715.1307,1000.0000,19071.6141,390.6000,7357.0000,0.0000,0.0000,3044.0285,562.0000,10209.7217
593,0.0000,437.3879,17737.4356,2924.7401,32960.9059,1000.0000,20984.9132,390.6000,7357.0000,0.0000,0.0000,19.6380,562.0000,10919.9107
594,80.3870,433.7672,17726.5174,2924.7401,32782.5404,1000.0000,21168.7521,390.6000,7357.0000,0.0000,9.0882,0.0000,562.0000,12363.8777
595,66.7870,444.8106,17084.3696,2924.7401,32611.3100,1000.0000,20225.1020,390.6000,7357.0000,0.0000,9.0406,0.0000,562.0000,13276.4282
596,65.5715,439.4240,16530.7937,2924.7401,29965.4863,1000.0000,19201.8506,390.6000,7357.0000,0.0000,8.7640,0.0000,562.0000,15156.3116
597,8.4915,431.8777,15732.0017,2924.7401,26164.6227,1000.0000,19060.1648,390.6000,7357.0000,0.0000,0.6127,0.0000,562.0000,15780.6863
598,0.0000,418.5832,15241.6000,2924.7401,22699.7917,1000.0000,17981.7898,390.6000,7357.0000,0.0000,0.0000,0.0000,562.0000,16127.7566
599,0.0000,416.4780,14868.0300,2924.7401,19287.9257,1000.0000,17269.4784,390.6000,7357.0000,0.0000,0.0000,0.0000,562.0000,16402.7928
600,0.0000,579.7657,15068.4651,2924.7401,13539.0593,1000.0000,19254.3074,390.6000,7357.0000,0.0000,0.0000,0.0000,562.0000,16553.7441
601,0.0000,597.0380,15146.0520,2924.7401,11751.9145,1000.0000,19155.8855,390.6000,7357.0000,0.0000,0.0000,0.0000,562.0000,16932.8399
602,0.0000,567.9972,15458.1484,2924.7401,11383.0703,1000.0000,19206.6423,390.6000,7357.0000,0.0000,0.0000,0.0000,562.0000,16199.4662
603,0.0000,611.3963,15818.1850,2924.7401,11862.9968,1000.0000,19762.7005,390.6000,7357.0000,0.0000,0.0000,0.0000,562.0000,15323.6270
604,0.0000,597.9105,16781.8374,2924.7401,15402.7685,1000.0000,20025.9495,390.6000,7357.0000,0.0000,0.0000,0.0000,562.0000,13568.6122
605,15.4000,583.9661,17267.6053,2924.7401,18770.2566,1000.0000,20632.1039,390.6000,7357.0000,0.0000,0.0000,0.0000,562.0000,14339.9883
606,0.0000,607.9075,17107.6000,2924.7401,22205.7829,1000.0000,20677.9779,390.6000,7357.0000,0.0000,0.0000,0.0000,562.0000,16948.0357
607,28.0000,620.8129,17011.7393,2924.7401,23539.3413,1000.0000,20865.4437,390.6000,7357.0000,0.0000,0.0000,484.1652,562.0000,18575.3980
608,-28.0000,561.1300,17107.6000,2924.7401,23402.0420,1000.0000,20503.6860,390.6000,7357.0000,0.0000,0.0000,3547.6655,562.0000,17534.6296
609,0.0000,573.6164,16889.1749,2924.7401,21840.7229,1000.0000,19657.8627,390.6000,7357.0000,0.0000,0.0000,5702.8178,562.0000,16571.2247
610,-0.5427,611.3482,17098.0798,2924.7401,21433.9034,1000.0000,19366.6444,390.6000,7357.0000,0.0000,0.0000,5590.0397,562.0000,15343.4089
611,-29.4653,545.6480,16724.0798,2924.7401,20588.3322,1000.0000,18988.4297,390.6000,7357.0000,0.0000,0.0000,6882.8207,562.0000,14192.3977
612,-29.5000,579.6833,16820.7299,2924.7401,17479.1007,1000.0000,19061.0028,390.6000,7357.0000,0.0000,0.0000,8619.7613,562.0000,13802.6647
613,-1.5000,597.3559,16849.8496,2924.7401,17228.4502,1000.0000,18858.5610,390.6000,7357.0000,0.0000,0.0000,8688.1067,562.0000,12935.9660
614,-1.5000,622.7629,17004.9499,2924.7401,18151.4191,1000.0000,18945.2330,390.6000,7357.0000,0.0000,0.0000,8737.2678,562.0000,11356.8837
615,0.0000,591.1579,17107.6000,2924.7401,21121.0498,1000.0000,19289.0722,390.6000,7357.0000,0.0000,0.0000,7621.1519,562.0000,11156.6652
616,0.0000,613.2219,18153.1409,2924.7401,29487.3328,1000.0000,20930.7015,390.6000,7357.0000,0.0000,0.0000,3085.3730,562.0000,10145.9582
617,29.5000,619.2927,18841.8576,2924.7401,33713.4026,1000.0000,23636.9835,390.6000,7357.0000,0.0000,0.0000,21.8200,562.0000,10259.2109
618,28.3439,609.8693,18840.8325,2924.7401,34649.4661,1000.0000,23411.7287,390.6000,7357.0000,0.0000,1.5658,0.0000,562.0000,10845.5717
619,5.9388,713.2041,18529.5010,2924.7401,34264.6241,1000.0000,22640.7485,390.6000,7357.0000,0.0000,0.8861,0.0000,562.0000,11379.5487
620,1.5000,615.8381,17932.4993,2924.7401,31778.3143,1000.0000,22390.1399,390.6000,7357.0000,0.0000,0.0000,0.0000,562.0000,12128.5452
621,1.5000,649.1549,17513.6000,2924.7401,28653.5179,1000.0000,21515.4097,390.6000,7357.0000,0.0000,0.0000,0.0000,562.0000,12059.5989
622,25.5269,605.7241,16606.9576,2924.7401,25610.6922,1000.0000,20761.9721,390.6000,7357.0000,0.0000,0.0000,0.0000,562.0000,11750.6306
623,16.4810,591.8274,16378.3008,2924.7401,21803.5964,1000.0000,19774.4901,390.6000,7357.0000,0.0000,0.0000,0.0000,562.0000,12021.0971
624,0.0000,549.3825,16018.8083,2924.7401,17976.8235,1000.0000,19156.1233,390.6000,7357.0000,0.0000,0.0000,0.0000,562.0000,13621.8692
625,0.0000,547.5172,16200.4980,2924.7401,14601.2418,1000.0000,19322.7209,390.6000,7357.0000,0.0000,0.0000,0.0000,562.0000,15067.5929
626,0.0000,546.2384,16103.6405,2924.7401,13051.8828,1000.0000,18796.8546,390.6000,7357.0000,0.0000,0.0000,0.0000,562.0000,16493.6738
627,0.0000,545.5247,16214.7156,2924.7401,13258.4097,1000.0000,19011.8450,390.6000,7357.0000,0.0000,0.0000,0.0000,562.0000,16406.6997
628,0.0000,545.7251,16504.7294,2924.7401,15262.8117,1000.0000,18837.8980,390.6000,7357.0000,0.0000,0.0000,0.0000,562.0000,17276.1844
629,0.0000,552.0647,16884.4151,2924.7401,18411.4183,1000.0000,19256.8574,390.6000,7357.0000,0.0000,0.0000,0.0000,562.0000,18656.6860
630,0.0000,552.4527,17225.6000,2924.7401,21618.4236,1000.0000,20401.3101,390.6000,7357.0000,0.0000,0.0000,0.0000,562.0000,19419.2761
631,0.0000,553.9876,17225.6000,2924.7401,25624.8511,1000.0000,19963.0266,390.6000,7357.0000,0.0000,0.0000,448.3337,562.0000,18430.2971
632,0.0000,556.9299,16720.6000,2924.7401,21108.5827,1000.0000,19559.1459,390.6000,7357.0000,0.0000,0.0000,4559.3794,562.0000,20261.6349
633,-29.5000,510.1986,16720.6000,2924.7401,19052.1109,1000.0000,17227.3924,390.6000,7357.0000,0.0000,0.0000,9142.2186,562.0000,19076.1371
634,-29.5000,509.5809,16131.2272,2924.7401,18272.9420,1000.0000,18106.0126,390.6000,7357.0000,0.0000,0.0000,9097.0407,562.0000,17644.5206
635,-29.5000,515.0889,16720.6000,2924.7401,20817.8112,1000.0000,18945.4246,390.6000,7357.0000,0.0000,0.0000,4683.1167,562.0000,15879.4869
636,26.5000,526.5052,16720.6000,2924.7401,20222.1393,1000.0000,19107.7049,390.6000,7357.0000,0.0000,0.0000,4823.7781,562.0000,14570.3708
637,-28.5079,508.2487,16619.1395,2924.7401,19933.8327,1000.0000,18714.6369,390.6000,7357.0000,0.0000,0.0000,7186.5618,562.0000,12386.9806
638,-28.0000,503.0980,16286.5803,2924.7401,19783.7806,1000.0000,19497.5187,390.6000,7357.0000,0.0000,0.0000,7039.4857,562.0000,12275.9082
639,-16.4589,507.6673,16845.6000,2924.7401,23858.2219,1000.0000,20251.8933,390.6000,7357.0000,0.0000,0.0000,6307.3482,562.0000,9347.7318
640,0.0000,554.7091,17346.4986,2924.7401,30758.0125,1000.0000,21747.4182,390.6000,7357.0000,0.0000,0.0000,2165.3988,562.0000,9858.8190
641,29.5000,555.0771,18245.6531,2924.7401,32384.1827,1000.0000,22282.0070,390.6000,7357.0000,0.0000,0.0000,19.6380,562.0000,13257.7125
642,29.0317,556.4645,18299.6219,2924.7401,31645.4845,1000.0000,23337.8372,390.6000,7357.0000,0.0000,0.0000,0.0000,562.0000,13835.4674
643,29.5000,556.5048,18276.7383,2924.7401,31508.5993,1000.0000,22798.4329,390.6000,7357.0000,0.0000,0.0000,0.0000,562.0000,13425.6449
644,1.5000,556.4237,17470.9021,2924.7401,31095.3580,1000.0000,21403.7788,390.6000,7357.0000,0.0000,0.0000,0.0000,562.0000,13592.1423
645,19.2589,554.5736,17225.6000,2924.7401,27245.5291,1000.0000,20588.5164,390.6000,7357.0000,0.0000,0.0000,0.0000,562.0000,14506.0115
646,0.0000,553.8810,17096.5418,2924.7401,23019.0463,1000.0000,20338.7018,390.6000,7357.0000,0.0000,0.0000,0.0000,562.0000,14087.3702
647,0.0000,551.7777,16701.2966,2924.7401,19149.6606,1000.0000,19164.2566,390.6000,7357.0000,0.0000,0.0000,0.0000,562.0000,14616.0345
648,0.0000,435.3928,15750.8468,2924.7401,17982.0766,1000.0000,16907.5461,390.6000,7357.0000,0.0000,0.0000,0.0000,562.0000,15848.6485
649,0.0000,432.4049,15594.9082,2924.7401,15986.8515,1000.0000,17075.1445,390.6000,7357.0000,0.0000,0.0000,0.0000,562.0000,16069.9510
650,0.0000,430.3398,15591.0126,2924.7401,17099.0962,1000.0000,16473.7626,390.6000,7357.0000,0.0000,0.0000,0.0000,562.0000,14407.3982
651,0.0000,429.0723,15274.6682,2924.7401,16776.8857,1000.0000,16984.2368,390.6000,7357.0000,0.0000,0.0000,0.0000,562.0000,14981.8872
652,0.0000,429.1371,15698.9051,2924.7401,19158.3523,1000.0000,16537.8474,390.6000,7357.0000,0.0000,0.0000,0.0000,562.0000,15427.4207
653,0.0000,432.4385,16265.3786,2924.7401,24343.9047,1000.0000,17140.5627,390.6000,7357.0000,0.0000,0.0000,0.0000,562.0000,14281.9264
654,0.0000,438.6339,17162.2042,2924.7401,29514.1237,1000.0000,17100.7345,390.6000,7357.0000,0.0000,0.0000,0.0000,562.0000,13494.9470
655,0.0000,441.6902,16401.4526,2924.7401,29149.2897,1000.0000,17220.3440,390.6000,7357.0000,0.0000,0.0000,124.4010,562.0000,16656.3204
656,0.0000,443.4895,16338.6000,2924.7401,24692.6602,1000.0000,16768.2948,390.6000,7357.0000,0.0000,0.0000,2500.8686,562.0000,19076.3965
657,-26.4444,447.7306,16390.1404,2924.7401,23586.3740,1000.0000,16216.3898,390.6000,7357.0000,0.0000,0.0000,5075.2803,562.0000,17244.4840
658,11.6438,421.6091,16651.9099,2924.7401,22038.6965,1000.0000,16522.1353,390.6000,7357.0000,0.0000,0.0000,5661.7444,562.0000,16387.1508
659,-29.5000,412.6621,16464.9428,2924.7401,21914.9509,1000.0000,16343.0742,390.6000,7357.0000,0.0000,0.0000,5863.0650,562.0000,15088.4516
660,-28.0000,418.4262,16615.5088,2924.7401,18994.2860,1000.0000,16843.2938,390.6000,7357.0000,0.0000,0.0000,6377.7468,562.0000,15528.6846
661,-28.1945,386.5899,16338.6000,2924.7401,17621.2030,1000.0000,16282.5695,390.6000,7357.0000,0.0000,0.0000,6006.0640,562.0000,17154.7572
662,-29.5000,393.7105,16633.5597,2924.7401,19184.6190,1000.0000,16135.5389,390.6000,7357.0000,0.0000,0.0000,4415.5469,562.0000,16864.4704
663,-0.3134,443.7704,16529.7931,2924.7401,21145.8031,1000.0000,16496.5119,390.6000,7357.0000,0.0000,0.0000,3856.6085,562.0000,17164.3018
664,19.2589,444.0076,16798.2827,2924.7401,24590.2030,1000.0000,18569.4320,390.6000,7357.0000,0.0000,0.0000,2413.4540,562.0000,18190.3986
665,0.6878,447.9794,17331.3481,2924.7401,28759.3341,1000.0000,19416.8197,390.6000,7357.0000,0.0000,0.0000,6.5460,562.0000,19085.9009
666,29.5000,447.3354,17227.0339,2924.7401,29684.4978,1000.0000,19095.6296,390.6000,7357.0000,0.0000,0.0000,0.0000,562.0000,19797.6436
667,1.5000,447.0570,17278.4764,2924.7401,27594.4146,1000.0000,19283.4654,390.6000,7357.0000,0.0000,0.0000,0.0000,562.0000,20603.6100
668,29.3439,446.4188,17447.9996,2924.7401,26352.3251,1000.0000,17967.9734,390.6000,7357.0000,0.0000,0.0000,0.0000,562.0000,20647.2358
669,0.0000,444.2038,16944.6823,2924.7401,21850.4066,1000.0000,17965.1952,390.6000,7357.0000,0.0000,0.0000,0.0000,562.0000,21399.1140
670,28.5000,442.5703,16558.4635,2924.7401,17289.6110,1000.0000,17945.1962,390.6000,7357.0000,0.0000,0.0000,0.0000,562.0000,21442.5425
671,0.0000,439.0611,16173.4280,2924.7401,14351.1913,1000.0000,16784.1038,390.6000,7357.0000,0.0000,0.0000,0.0000,562.0000,21502.4566
