hour,generation_MW,wastage_MW,line_losses_MW,served_MW,shortfall_MW
0,75149.3518,0.0000,2094.6739,73054.6779,28.6520
1,72737.0738,0.0000,1926.3992,70810.6746,24.3999
2,71843.3329,0.0000,1817.3019,70026.0311,21.0744
3,72264.5287,0.0000,1711.7978,70552.7310,18.2509
4,75041.0196,0.0000,1742.8605,73298.1591,16.5719
5,80479.9797,0.0000,1866.4497,78613.5299,16.4301
6,86180.4841,0.0000,2014.6716,84165.8125,19.2690
7,88490.6735,0.0000,2228.6707,86262.0028,25.9095
8,88392.3724,0.0000,2306.3919,86085.9805,40.1574
9,87694.6682,0.0000,2392.4757,85302.1925,54.9340
10,86969.6215,0.0000,2580.6090,84389.0124,43.9184
11,85755.1994,0.0000,2516.9421,83238.2573,33.1566
12,85042.9546,0.0000,2582.7556,82460.1991,33.8808
13,84262.9501,0.0000,2504.5072,81758.4430,35.2108
14,83684.5335,0.0000,2564.5251,81120.0084,32.1626
15,83847.5968,0.0000,2433.2831,81414.3136,36.3833
16,85273.6802,0.0000,2476.9545,82796.7257,36.6522
17,89091.8102,0.0000,2365.5233,86726.2869,46.0299
18,92582.4454,0.0000,2467.1034,90115.3419,78.1085
19,92643.3810,0.0000,2503.5538,90139.8272,103.9580
20,90158.8068,0.0000,2481.7272,87677.0796,87.9105
21,85655.6050,0.0000,2421.6937,83233.9113,63.2295
22,80843.5164,0.0000,2360.0768,78483.4396,51.7507
23,76314.5325,0.0000,2150.2442,74164.2884,36.5927
24,72906.7766,0.0000,1929.3922,70977.3844,25.1815
25,70627.7646,0.0000,1843.3036,68784.4610,21.3427
26,69673.2146,0.0000,1784.1331,67889.0815,18.2874
27,69924.3445,0.0000,1765.3408,68159.0036,16.1134
28,72553.7098,0.0000,1768.2488,70785.4610,14.3012
29,77882.1582,0.0000,1851.6917,76030.4664,13.9790
30,83376.7182,0.0000,1948.2754,81428.4427,15.5642
31,85405.0139,0.0000,2099.0409,83305.9731,17.0791
32,85671.2460,0.0000,2241.3109,83429.9351,19.1339
33,84732.3403,0.0000,2254.3322,82478.0080,20.0193
34,84411.1844,0.0000,2263.5132,82147.6712,24.5029
35,83708.0684,0.0000,2363.2210,81344.8474,24.5238
36,83023.5156,0.0000,2255.0035,80768.5122,25.0767
37,82425.4280,0.0000,2270.2897,80155.1383,26.4028
38,82106.4922,0.0000,2285.0810,79821.4112,27.2514
39,82230.5882,0.0000,2161.5551,80069.0331,27.3442
40,83610.6303,0.0000,2151.1697,81459.4607,26.3981
41,87910.5893,0.0000,2241.6394,85668.9499,34.9131
42,91240.1315,0.0000,2345.8594,88894.2721,50.7173
43,91447.3356,0.0000,2451.6664,88995.6692,79.1254
44,88882.8798,0.0000,2383.6606,86499.2192,69.5883
45,84550.8229,0.0000,2354.1861,82196.6368,51.6979
46,79742.5109,0.0000,2232.2994,77510.2116,41.8994
47,75041.0999,0.0000,1989.8380,73051.2619,32.1167
48,72674.5757,0.0000,2004.2222,70670.3535,28.6196
49,70169.5421,0.0000,1854.2187,68315.3234,23.3972
50,69114.3271,0.0000,1776.3353,67337.9917,19.7583
51,69333.9496,0.0000,1738.0272,67595.9224,17.2958
52,71823.7309,0.0000,1746.0177,70077.7131,15.3312
53,77121.4499,0.0000,1773.8897,75347.5602,14.5585
54,82782.8485,0.0000,1951.4106,80831.4378,14.7430
55,84756.6716,0.0000,2022.2169,82734.4547,16.2201
56,84963.8667,0.0000,2094.4715,82869.3952,14.3282
57,84049.4582,0.0000,2128.8898,81920.5683,13.9040
58,83957.0197,0.0000,2294.0840,81662.9356,17.3480
59,83251.4813,0.0000,2334.4776,80917.0037,19.2968
60,82551.8406,0.0000,2311.5711,80240.2695,20.4837
61,81828.9440,0.0000,2291.6676,79537.2763,19.2276
62,81503.6102,0.0000,2344.4096,79159.2006,22.5736
63,81961.8122,0.0000,2317.5319,79644.2802,22.9689
64,83503.9819,0.0000,2328.1521,81175.8299,24.8248
65,87272.7311,0.0000,2275.7428,84996.9882,33.8276
66,90867.8155,0.0000,2354.5144,88513.3012,55.1755
67,91149.3220,0.0000,2449.5081,88699.8139,91.2173
68,88889.3337,0.0000,2425.0300,86464.3036,82.5955
69,84576.2059,0.0000,2297.9523,82278.2535,61.7708
70,79665.2195,0.0000,2208.8035,77456.4160,44.3145
71,75221.8233,0.0000,2080.7801,73141.0432,33.0985
72,72494.8454,0.0000,1951.8850,70542.9604,25.8637
73,70108.9289,0.0000,1783.2640,68325.6649,21.7326
74,69129.0459,0.0000,1745.1922,67383.8537,18.6725
75,69543.6534,0.0000,1668.2790,67875.3743,16.9146
76,72206.2321,0.0000,1661.5379,70544.6942,15.4631
77,77434.0130,0.0000,1685.7709,75748.2421,15.2992
78,83293.4477,0.0000,1901.5129,81391.9348,18.7081
79,86348.9647,0.0000,2025.0873,84323.8775,26.4331
80,86623.0693,0.0000,2094.5417,84528.5276,25.8545
81,85861.6842,0.0000,2187.9115,83673.7726,23.4955
82,85329.8708,0.0000,2236.6996,83093.1712,25.4695
83,84629.8506,0.0000,2197.8759,82431.9747,31.9835
84,83810.3194,0.0000,2211.3245,81598.9949,32.5480
85,83046.9105,0.0000,2203.3288,80843.5816,33.4123
86,82694.7421,0.0000,2251.7706,80442.9715,31.7500
87,83001.4813,0.0000,2249.1716,80752.3097,32.2907
88,84185.3114,0.0000,2236.8702,81948.4412,35.1252
89,87510.0143,0.0000,2190.5877,85319.4266,44.0799
90,90066.7649,0.0000,2266.4157,87800.3491,75.0329
91,89856.5759,0.0000,2347.6507,87508.9251,113.4598
92,87576.3734,0.0000,2320.3428,85256.0306,103.6812
93,84000.2769,0.0000,2249.4842,81750.7927,82.5261
94,79711.7573,0.0000,2180.4528,77531.3045,57.0250
95,75066.6627,0.0000,1967.2619,73099.4008,35.2882
96,72553.6194,0.0000,1987.0276,70566.5918,29.2822
97,69988.5611,0.0000,1840.9465,68147.6146,24.8283
98,68782.7094,0.0000,1773.0758,67009.6336,21.2186
99,68387.1699,0.0000,1669.3784,66717.7914,19.3499
100,69377.1564,0.0000,1661.5140,67715.6424,16.9513
101,72215.3843,0.0000,1781.7918,70433.5925,17.2552
102,76453.4997,0.0000,1997.0837,74456.4160,22.4772
103,80558.0603,0.0000,2231.5473,78326.5131,30.5368
104,82358.4556,0.0000,2422.6880,79935.7676,27.9357
105,82339.6540,0.0000,2387.7863,79951.8678,24.5339
106,81611.3155,0.0000,2380.5994,79230.7161,23.7303
107,80441.9122,0.0000,2364.4939,78077.4183,25.3889
108,79259.8793,0.0000,2345.7525,76914.1268,24.2800
109,78355.6881,0.0000,2379.1410,75976.5471,27.4722
110,77801.2784,0.0000,2383.9598,75417.3186,25.6613
111,78460.8623,0.0000,2438.2501,76022.6122,32.3766
112,80105.1316,0.0000,2472.2763,77632.8553,38.2673
113,83306.0172,0.0000,2424.5455,80881.4716,41.9442
114,86981.9631,0.0000,2561.6639,84420.2992,91.0298
115,87192.4719,0.0000,2630.7303,84561.7416,121.9270
116,85354.0330,0.0000,2583.2388,82770.7942,109.6219
117,82098.1367,0.0000,2479.7030,79618.4337,87.7544
118,78253.6689,0.0000,2351.9759,75901.6930,56.4183
119,74066.3399,0.0000,2137.1855,71929.1544,36.2427
120,71127.5405,0.0000,1985.5243,69142.0163,26.5614
121,68727.9937,0.0000,1874.8141,66853.1796,21.9873
122,67601.8448,0.0000,1800.0758,65801.7690,18.9397
123,67173.7903,0.0000,1712.3501,65461.4402,16.9170
124,68229.2661,0.0000,1730.4875,66498.7786,16.2553
125,70536.0150,0.0000,1766.2332,68769.7819,15.2952
126,74367.4604,0.0000,1953.9807,72413.4796,18.6215
127,78276.1102,0.0000,2114.3992,76161.7110,24.1160
128,80030.7809,0.0000,2080.5383,77950.2426,24.6697
129,80359.9134,0.0000,2206.6933,78153.2202,25.3579
130,79872.5530,0.0000,2171.9760,77700.5770,21.5592
131,79256.8091,0.0000,2153.8074,77103.0017,23.1208
132,78914.3280,0.0000,2331.2332,76583.0948,28.6642
133,78188.1744,0.0000,2278.2269,75909.9475,30.4992
134,77674.1908,0.0000,2229.4532,75444.7376,28.8801
135,78248.0552,0.0000,2106.3725,76141.6827,31.7195
136,80107.1691,0.0000,2105.9272,78001.2418,34.4084
137,84301.9824,0.0000,2246.9997,82054.9828,51.4038
138,88164.0822,0.0000,2373.3414,85790.7408,86.3926
139,88710.1450,0.0000,2455.7744,86254.3705,112.4456
140,86689.2656,0.0000,2411.4865,84277.7791,108.6163
141,82901.0820,0.0000,2358.4698,80542.6122,90.3740
142,78238.0626,0.0000,2207.2772,76030.7853,57.3583
143,73865.2929,0.0000,2042.0871,71823.2058,33.3618
144,71645.0842,0.0000,2046.1555,69598.9287,29.7959
145,69399.8109,0.0000,1920.1134,67479.6975,24.8361
146,68565.2501,0.0000,1820.5047,66744.7454,21.4779
147,69028.1844,0.0000,1737.3624,67290.8220,18.8161
148,71785.4414,0.0000,1709.1083,70076.3331,17.6605
149,77538.5834,0.0000,1805.4718,75733.1116,16.8083
150,83611.5390,0.0000,1932.9366,81678.6024,20.5355
151,87043.3817,0.0000,2131.6876,84911.6941,27.1552
152,87353.2720,0.0000,2387.1580,84966.1140,26.0623
153,86433.0115,0.0000,2455.8714,83977.1400,25.0966
154,86318.2247,0.0000,2497.9370,83820.2878,26.4606
155,85166.3800,0.0000,2485.8226,82680.5573,28.8116
156,83961.6453,0.0000,2444.4257,81517.2196,23.0878
157,83152.4659,0.0000,2413.6235,80738.8424,22.5138
158,82626.7032,0.0000,2346.6119,80280.0913,21.6143
159,83192.9617,0.0000,2443.5194,80749.4423,27.3152
160,84871.9204,0.0000,2459.2306,82412.6898,33.5757
161,88614.0378,0.0000,2407.2821,86206.7557,43.3276
162,92268.2021,0.0000,2487.6714,89780.5308,72.4281
163,92669.4037,0.0000,2604.4609,90064.9429,113.5971
164,90274.3608,0.0000,2559.0239,87715.3369,108.1332
165,85644.9636,0.0000,2482.1955,83162.7681,84.2404
166,80495.8542,0.0000,2342.7726,78153.0815,56.0953
167,75883.3762,0.0000,2186.2171,73697.1591,36.4260
168,72765.3029,0.0000,2322.5142,70442.7887,30.2684
169,70062.5966,0.0000,2143.4704,67919.1262,26.1998
170,68591.5403,0.0000,2075.7503,66515.7900,23.5825
171,68558.1820,0.0000,2016.4261,66541.7559,21.8438
172,70081.7956,0.0000,1940.0974,68141.6982,20.5900
173,73197.8179,0.0000,1982.9625,71214.8554,19.5188
174,77020.3684,0.0000,2052.4560,74967.9124,19.8474
175,80613.2586,0.0000,2205.4381,78407.8205,22.0314
176,82212.6540,0.0000,2289.7670,79922.8870,19.2424
177,83548.7217,0.0000,2213.6691,81335.0526,20.5628
178,85268.4912,0.0000,2326.9111,82941.5801,22.7189
179,87247.9053,0.0000,2591.6704,84656.2349,25.5953
180,88891.8759,0.0000,2649.1113,86242.7646,39.0170
181,90475.7879,0.0000,2836.7312,87639.0567,44.4446
182,91760.2870,0.0000,2952.5484,88807.7386,52.0442
183,92652.4432,0.0000,3085.9834,89566.4599,76.6890
184,93169.9053,0.0000,3085.1560,90084.7493,103.0118
185,92269.0289,0.0000,2909.1855,89359.8434,105.2127
186,91540.7626,0.0000,2715.9912,88824.7714,104.0988
187,91816.5726,0.0000,2752.0109,89064.5616,109.9052
188,91177.2133,0.0000,2793.5481,88383.6652,118.6124
189,87188.4224,0.0000,2787.1496,84401.2728,105.0985
190,81597.1882,0.0000,2631.9917,78965.1965,76.2002
191,76529.5425,0.0000,2502.6738,74026.8687,46.8538
192,72617.7752,0.0000,2402.4562,70215.3191,27.9404
193,70104.6227,0.0000,2259.7478,67844.8749,24.8966
194,68635.5021,0.0000,2097.6211,66537.8811,22.9126
195,68480.4011,0.0000,1988.0951,66492.3060,20.9219
196,69967.9923,0.0000,1949.0967,68018.8956,19.2078
197,73178.7248,0.0000,1970.2233,71208.5015,18.0372
198,76873.2068,0.0000,2031.8794,74841.3274,17.6693
199,80446.4848,0.0000,2156.5255,78289.9593,17.8738
200,82480.4377,0.0000,2301.8899,80178.5478,17.2373
201,84393.8561,0.0000,2378.9602,82014.8959,19.6131
202,85909.7237,0.0000,2410.4983,83499.2253,25.0048
203,87509.9492,0.0000,2543.9056,84966.0436,28.8363
204,88809.2266,0.0000,2662.3291,86146.8975,36.2839
205,90463.5564,0.0000,2714.8727,87748.6838,44.5240
206,91985.7640,0.0000,2840.8054,89144.9586,51.1148
207,93110.1353,0.0000,2923.6208,90186.5145,73.9107
208,93503.3765,0.0000,2940.5727,90562.8038,92.5670
209,92999.3495,0.0000,2945.0684,90054.2811,98.7521
210,92721.8241,0.0000,2960.2769,89761.5472,106.1913
211,92519.8267,0.0000,2909.4393,89610.3875,114.2889
212,92178.7796,0.0000,3002.7410,89176.0386,122.8079
213,87869.4054,0.0000,2904.6494,84964.7561,104.2467
214,81740.0461,0.0000,2750.9744,78989.0717,72.8587
215,76320.8503,0.0000,2534.0959,73786.7544,38.9761
216,72450.3771,0.0000,2336.9213,70113.4559,27.1263
217,69830.0017,0.0000,2135.0526,67694.9491,24.4804
218,68368.7033,0.0000,2057.7530,66310.9502,22.7429
219,68414.6904,0.0000,2007.2487,66407.4417,21.3993
220,70138.5413,0.0000,1992.2204,68146.3210,20.9667
221,73637.0589,0.0000,2027.0261,71610.0328,21.7857
222,77839.5169,0.0000,2103.1371,75736.3797,27.9932
223,81096.2251,0.0000,2251.3362,78844.8889,30.0412
224,82686.0261,0.0000,2339.6662,80346.3599,28.3311
225,84175.0632,0.0000,2404.8345,81770.2288,29.6707
226,85735.3239,0.0000,2678.5907,83056.7332,33.1776
227,87515.0511,0.0000,2823.7139,84691.3372,53.1151
228,89076.3776,0.0000,2869.8363,86206.5413,56.0761
229,90791.0401,0.0000,2957.9261,87833.1140,54.6113
230,92527.4074,0.0000,3109.6132,89417.7943,61.1091
231,94200.3472,0.0000,3294.9190,90905.4283,95.8474
232,95314.9915,0.0000,3360.5726,91954.4189,129.3794
233,95203.8323,0.0000,3411.0325,91792.7997,152.4307
234,94747.4967,0.0000,3252.3110,91495.1856,171.7750
235,94083.7360,0.0000,3121.4764,90962.2596,188.3808
236,93130.5998,0.0000,3133.0325,89997.5672,183.5616
237,89441.3833,0.0000,3041.6084,86399.7749,150.4813
238,83539.2855,0.0000,2872.1636,80667.1219,101.6753
239,77757.3364,0.0000,2628.8709,75128.4654,60.3072
240,73134.7485,0.0000,2351.2308,70783.5177,32.6825
241,70075.2306,0.0000,2159.2657,67915.9649,25.7457
242,67942.4673,0.0000,2082.0042,65860.4631,23.2774
243,66903.1775,0.0000,2025.3366,64877.8409,21.6189
244,66754.7061,0.0000,1988.9947,64765.7114,20.6977
245,68529.7929,0.0000,2081.1825,66448.6104,22.1804
246,71860.2674,0.0000,2190.7408,69669.5267,28.4432
247,75719.1208,0.0000,2228.1916,73490.9292,31.1116
248,78654.9447,0.0000,2287.1550,76367.7897,31.6155
249,81135.8853,0.0000,2355.1553,78780.7300,44.0018
250,82969.9791,0.0000,2533.5181,80436.4610,45.7138
251,84661.1266,0.0000,2739.4240,81921.7026,39.7709
252,86188.4251,0.0000,2780.5681,83407.8569,41.0067
253,88319.8459,0.0000,2879.6440,85440.2020,49.5021
254,90509.3508,0.0000,3027.9311,87481.4196,61.7943
255,93149.6994,0.0000,3208.7579,89940.9415,101.2068
256,95138.5403,0.0000,3355.4729,91783.0675,135.5419
257,96251.3876,0.0000,3471.1174,92780.2702,164.2561
258,96410.3135,0.0000,3461.0921,92949.2214,187.2003
259,95765.3203,0.0000,3363.5285,92401.7918,205.0705
260,93978.1333,0.0000,3306.0323,90672.1011,197.5632
261,90030.5741,0.0000,3168.2343,86862.3397,156.8160
262,84249.3475,0.0000,2915.3694,81333.9781,106.8438
263,78197.9165,0.0000,2601.7646,75596.1519,62.5068
264,74146.6573,0.0000,2601.7676,71544.8897,41.3107
265,70784.0936,0.0000,2426.8042,68357.2893,30.0521
266,68413.6106,0.0000,2263.1669,66150.4438,26.8968
267,66881.6396,0.0000,2170.9544,64710.6853,24.3235
268,66332.0248,0.0000,2134.1037,64197.9211,23.6216
269,67358.3692,0.0000,2179.9736,65178.3956,24.3251
270,70438.1107,0.0000,2282.3464,68155.7643,30.0758
271,74291.0528,0.0000,2343.2972,71947.7556,32.4706
272,78004.8788,0.0000,2411.0052,75593.8735,36.5785
273,80852.8444,0.0000,2451.6956,78401.1488,36.6495
274,83528.9769,0.0000,2580.0520,80948.9249,36.0245
275,85844.3511,0.0000,2675.1474,83169.2037,39.6090
276,88257.6359,0.0000,2791.6495,85465.9863,52.9259
277,90910.0095,0.0000,2961.9735,87948.0360,66.8903
278,93456.4313,0.0000,3157.1618,90299.2695,77.8995
279,96187.8554,0.0000,3359.9594,92827.8960,117.0168
280,98376.9110,0.0000,3523.7739,94853.1371,151.7813
281,99593.3348,0.0000,3648.7135,95944.6213,181.1442
282,99794.1808,0.0000,3627.5240,96166.6567,208.0506
283,99107.9437,0.0000,3543.8880,95564.0557,226.7964
284,96874.6333,0.0000,3449.2952,93425.3381,214.7507
285,91832.4041,0.0000,3317.6621,88514.7419,171.6816
286,84894.2829,0.0000,3073.0876,81821.1953,115.1065
287,78738.3368,0.0000,2803.8632,75934.4735,68.3413
288,73784.4152,0.0000,2479.2856,71305.1296,38.2242
289,70585.5243,0.0000,2287.4213,68298.1030,28.2450
290,68758.0335,0.0000,2151.3412,66606.6923,24.6085
291,68289.1003,0.0000,2052.0060,66237.0944,22.7811
292,69520.9006,0.0000,2040.5777,67480.3229,21.9278
293,73267.2294,0.0000,2094.2178,71173.0116,22.4963
294,78039.5438,0.0000,2166.1318,75873.4120,28.2816
295,82389.6369,0.0000,2298.6492,80090.9877,30.9373
296,85152.5576,0.0000,2399.4513,82753.1063,32.9887
297,87384.3955,0.0000,2423.9291,84960.4664,31.6774
298,89400.5658,0.0000,2502.6066,86897.9592,31.5442
299,91170.0406,0.0000,2609.3475,88560.6931,35.1428
300,92744.8028,0.0000,2717.2574,90027.5454,45.7720
301,94468.6572,0.0000,2876.6149,91592.0422,54.1945
302,96182.3274,0.0000,3025.8223,93156.5051,61.2829
303,98118.1421,0.0000,3229.3114,94888.8307,95.3290
304,99502.1774,0.0000,3371.6493,96130.5281,128.0843
305,99950.9107,0.0000,3439.4160,96511.4947,156.0068
306,98835.4054,0.0000,3404.4109,95430.9945,161.2107
307,97578.5718,0.0000,3307.8891,94270.6827,168.0538
308,95666.2953,0.0000,3277.7212,92388.5741,165.4335
309,90899.7719,0.0000,3191.7258,87708.0460,133.5248
310,84388.0552,0.0000,2940.8059,81447.2493,92.4562
311,78324.0229,0.0000,2714.2809,75609.7420,52.2155
312,73743.6359,0.0000,2364.4763,71379.1596,30.3986
313,70853.5117,0.0000,2198.7652,68654.7466,26.3059
314,69107.9066,0.0000,2077.2198,67030.6868,24.5951
315,68447.1568,0.0000,2024.1315,66423.0253,22.5629
316,69670.1007,0.0000,1982.0266,67688.0742,21.0071
317,73420.2260,0.0000,2071.0620,71349.1640,22.0665
318,77858.9937,0.0000,2184.3442,75674.6495,28.5260
319,81485.1476,0.0000,2231.1805,79253.9671,30.6161
320,83851.1163,0.0000,2221.3015,81629.8148,34.1178
321,85942.2250,0.0000,2301.1028,83641.1222,37.6110
322,87617.5215,0.0000,2356.7204,85260.8011,35.7713
323,89362.4470,0.0000,2445.7369,86916.7102,34.5185
324,91424.5620,0.0000,2660.7537,88763.8083,42.1257
325,93782.9270,0.0000,2830.4568,90952.4701,51.3400
326,95801.0926,0.0000,2884.9340,92916.1586,61.0635
327,97924.2379,0.0000,3021.8515,94902.3865,96.3285
328,99668.0750,0.0000,3178.5907,96489.4844,128.6451
329,99361.2244,0.0000,3230.0200,96131.2044,139.7241
330,97757.4558,0.0000,3115.6164,94641.8394,135.4201
331,96719.2474,0.0000,3121.9034,93597.3440,144.8114
332,94935.8947,0.0000,3033.0104,91902.8843,144.5645
333,90496.9464,0.0000,2967.1820,87529.7644,125.5695
334,84273.8698,0.0000,2851.0927,81422.7771,90.7020
335,78258.6332,0.0000,2607.9689,75650.6643,52.1331
336,82996.1924,0.0000,2584.2579,80411.9344,76.2712
337,79269.9209,0.0000,2373.7236,76896.1974,46.0898
338,76901.9009,0.0000,2193.1418,74708.7591,33.4042
339,76231.0008,0.0000,2091.8469,74139.1539,30.1514
340,77857.0229,0.0000,2025.1373,75831.8857,28.3565
341,81141.7931,0.0000,2080.8372,79060.9560,27.0138
342,84928.0031,0.0000,2144.4310,82783.5722,27.4611
343,88762.5300,0.0000,2291.7932,86470.7368,30.0585
344,93244.6344,0.0000,2442.0268,90802.6076,39.7970
345,97180.3619,0.0000,2597.9535,94582.4084,62.4818
346,100860.9282,0.0000,2808.8170,98052.1112,84.9931
347,105197.8449,0.0000,3076.8044,102121.0405,124.5141
348,109856.1729,0.0000,3366.0351,106490.1378,180.4786
349,113492.5623,0.0000,3627.3210,109865.2413,301.3158
350,116751.7861,0.0000,3872.8144,112878.9716,465.3246
351,119203.1505,0.0000,4129.8058,115073.3447,633.2122
352,119848.9220,0.0000,4280.7604,115568.1615,706.7242
353,119167.2156,0.0000,4272.6265,114894.5891,768.9684
354,117626.1214,0.0000,4292.9215,113333.1999,752.5628
355,114526.6675,0.0000,4082.4905,110444.1771,639.3852
356,109909.7290,0.0000,3830.8156,106078.9134,523.7122
357,102683.0823,0.0000,3618.9686,99064.1136,366.8450
358,94754.6162,0.0000,3215.0013,91539.6149,215.1826
359,87599.9776,0.0000,2833.7627,84766.2149,135.4635
360,82974.6924,0.0000,2503.5269,80471.1655,72.2204
361,79470.1212,0.0000,2332.5212,77137.6001,42.7918
362,77096.8152,0.0000,2178.8476,74917.9676,32.7015
363,76133.1858,0.0000,2071.3298,74061.8560,29.7221
364,77435.9931,0.0000,2021.1926,75414.8005,27.8439
365,80488.3470,0.0000,2034.8970,78453.4500,27.8815
366,84345.5101,0.0000,2180.0536,82165.4565,29.7917
367,87737.5232,0.0000,2187.8861,85549.6371,31.7900
368,91529.2543,0.0000,2372.1900,89157.0643,45.1205
369,95058.9723,0.0000,2578.0507,92480.9216,91.4170
370,98678.1582,0.0000,2795.2226,95882.9356,149.1526
371,102419.4696,0.0000,3075.7178,99343.7517,227.7288
372,106270.7018,0.0000,3337.8531,102932.8486,321.4844
373,109759.1375,0.0000,3629.2471,106129.8903,434.3825
374,112759.5256,0.0000,3856.2672,108903.2584,601.7055
375,115307.1169,0.0000,4209.2353,111097.8816,820.5414
376,115682.6595,0.0000,4300.6402,111382.0193,889.8195
377,114789.9256,0.0000,4331.7146,110458.2110,920.8987
378,113068.9285,0.0000,4335.5024,108733.4261,901.0714
379,110012.8353,0.0000,4172.9558,105839.8795,774.6188
380,106000.6913,0.0000,3996.2817,102004.4096,649.4132
381,99783.9690,0.0000,3632.6606,96151.3084,467.9950
382,92668.0465,0.0000,3251.3412,89416.7053,276.9344
383,85937.2643,0.0000,2905.6559,83031.6084,172.3804
384,81189.0487,0.0000,2559.6972,78629.3514,100.1275
385,77425.7208,0.0000,2349.9264,75075.7944,57.8384
386,74674.1855,0.0000,2186.9929,72487.1926,40.6756
387,73068.1933,0.0000,2060.3229,71007.8703,36.9457
388,72781.9003,0.0000,1998.0071,70783.8932,34.3239
389,73985.8279,0.0000,2065.9660,71919.8619,40.8535
390,77298.3735,0.0000,2141.4952,75156.8782,75.8290
391,81907.8175,0.0000,2323.4543,79584.3632,104.5456
392,86594.5816,0.0000,2580.4150,84014.1666,159.4402
393,90728.3552,0.0000,2780.1525,87948.2027,233.6555
394,94364.5625,0.0000,2890.7344,91473.8281,319.1693
395,98308.3186,0.0000,3196.1906,95112.1280,426.8484
396,102016.8625,0.0000,3475.7873,98541.0752,492.4798
397,105701.9582,0.0000,3746.2792,101955.6790,678.9693
398,109037.4335,0.0000,4083.0388,104954.3947,844.0796
399,111976.7936,0.0000,4371.4983,107605.2952,1032.7824
400,113202.7941,0.0000,4512.1666,108690.6275,1101.7119
401,113232.5612,0.0000,4596.8016,108635.7596,1172.4118
402,111776.0895,0.0000,4574.2858,107201.8036,1151.0560
403,108703.9172,0.0000,4295.3560,104408.5612,1021.4734
404,104791.6531,0.0000,4010.1815,100781.4716,843.4019
405,98760.7282,0.0000,3649.4921,95111.2360,598.2463
406,91854.5645,0.0000,3304.5916,88549.9728,367.5676
407,85300.6607,0.0000,2823.9739,82476.6868,207.1618
408,80516.6189,0.0000,2622.1482,77894.4707,119.6332
409,76530.5969,0.0000,2407.4188,74123.1781,73.7906
410,73830.5705,0.0000,2227.8400,71602.7305,46.6310
411,72205.8345,0.0000,2118.2132,70087.6213,39.1732
412,71770.5525,0.0000,2081.7267,69688.8258,36.6321
413,72568.3709,0.0000,2090.2182,70478.1527,45.2920
414,75544.6464,0.0000,2209.3204,73335.3261,83.1240
415,79610.9580,0.0000,2352.1962,77258.7618,106.7715
416,84150.4457,0.0000,2557.8107,81592.6350,156.3402
417,88250.9699,0.0000,2754.8453,85496.1246,242.1251
418,92433.8942,0.0000,2971.7658,89462.1283,339.7341
419,96528.1773,0.0000,3282.7136,93245.4637,441.3179
420,100871.4103,0.0000,3537.1383,97334.2720,555.4162
421,104609.2244,0.0000,3776.2352,100832.9892,629.9232
422,108155.1320,0.0000,4029.4748,104125.6572,766.7963
423,111483.4410,0.0000,4364.8883,107118.5527,942.6070
424,112546.9483,0.0000,4334.7916,108212.1568,890.3840
425,112729.2657,0.0000,4388.8294,108340.4363,968.8756
426,111367.0240,0.0000,4360.5176,107006.5065,980.1893
427,108612.7067,0.0000,4195.3517,104417.3551,882.8654
428,104809.8914,0.0000,3940.9134,100868.9780,742.8541
429,98933.5654,0.0000,3698.3286,95235.2368,546.2331
430,92237.3521,0.0000,3304.6270,88932.7251,329.2677
431,85707.2744,0.0000,2906.5751,82800.6993,192.0732
432,81407.5773,0.0000,2682.4948,78725.0826,118.8453
433,78148.6896,0.0000,2490.8577,75657.8318,73.0229
434,75575.3581,0.0000,2293.1272,73282.2309,46.7132
435,74266.0514,0.0000,2182.3195,72083.7319,39.6456
436,74172.8338,0.0000,2137.6389,72035.1948,38.3302
437,75145.8428,0.0000,2167.6058,72978.2370,50.9546
438,77913.9154,0.0000,2251.3999,75662.5155,83.8241
439,82041.0826,0.0000,2340.0782,79701.0043,93.9341
440,86774.3050,0.0000,2532.4100,84241.8950,149.4666
441,91554.1454,0.0000,2745.6179,88808.5275,245.1257
442,95396.9321,0.0000,2992.0685,92404.8637,312.0028
443,99205.8096,0.0000,3247.7716,95958.0380,410.2675
444,102848.9378,0.0000,3557.4876,99291.4503,506.9335
445,106305.1874,0.0000,3799.9383,102505.2491,669.6325
446,109730.8668,0.0000,4186.4692,105544.3976,845.1865
447,112971.1963,0.0000,4440.6397,108530.5566,1041.0197
448,114417.8802,0.0000,4534.2916,109883.5886,1076.7645
449,114980.0544,0.0000,4540.6403,110439.4141,1137.0309
450,114189.3817,0.0000,4421.4015,109767.9802,1100.5307
451,111684.0230,0.0000,4217.2690,107466.7540,954.9637
452,107296.4959,0.0000,4063.4098,103233.0861,797.1579
453,100103.6958,0.0000,3747.1276,96356.5681,569.1046
454,92500.4138,0.0000,3364.6839,89135.7299,339.2505
455,85696.5539,0.0000,2969.9046,82726.6493,191.2000
456,80994.1851,0.0000,2690.6682,78303.5169,112.7379
457,77397.5553,0.0000,2434.5918,74962.9635,68.6140
458,75213.8963,0.0000,2270.7278,72943.1685,45.7327
459,74778.4381,0.0000,2155.9964,72622.4417,38.9324
460,76694.7218,0.0000,2126.2007,74568.5211,36.3558
461,80628.6214,0.0000,2178.7522,78449.8692,41.9897
462,85158.5890,0.0000,2288.2350,82870.3540,71.5629
463,89178.6944,0.0000,2435.0371,86743.6573,100.4925
464,93142.2765,0.0000,2577.1560,90565.1205,144.0761
465,97304.8959,0.0000,2836.9554,94467.9406,203.3895
466,101333.4857,0.0000,3029.3639,98304.1218,287.5121
467,105619.8526,0.0000,3296.9455,102322.9071,383.0748
468,109760.4801,0.0000,3541.2565,106219.2236,482.9894
469,113531.8694,0.0000,3786.1023,109745.7670,637.0393
470,116982.4233,0.0000,4103.2496,112879.1736,794.1356
471,119685.7390,0.0000,4441.2700,115244.4690,978.6373
472,120415.2266,0.0000,4508.2582,115906.9684,1029.7484
473,120082.7274,0.0000,4507.5099,115575.2175,1068.8388
474,118390.9430,0.0000,4392.2901,113998.6529,1015.3112
475,115485.0809,0.0000,4194.1744,111290.9065,872.5082
476,110525.3450,0.0000,4008.0524,106517.2926,721.8034
477,102805.7619,0.0000,3739.7555,99066.0064,528.3468
478,94844.5959,0.0000,3359.6414,91484.9544,328.6029
479,87570.3425,0.0000,2956.5212,84613.8213,196.6793
480,82809.2334,0.0000,2673.3331,80135.9003,116.2485
481,78856.7728,0.0000,2471.3443,76385.4285,63.2004
482,76298.6577,0.0000,2279.2048,74019.4530,42.2626
483,75642.2571,0.0000,2160.9680,73481.2891,35.7751
484,77284.9546,0.0000,2127.8839,75157.0707,32.3914
485,80753.0316,0.0000,2130.4771,78622.5545,31.3653
486,84969.4828,0.0000,2224.7467,82744.7361,33.9970
487,88545.3350,0.0000,2277.6458,86267.6892,37.3572
488,92382.5018,0.0000,2379.9517,90002.5501,49.0052
489,96521.7040,0.0000,2526.0512,93995.6529,96.6032
490,100791.4704,0.0000,2716.5018,98074.9686,147.8793
491,105227.4794,0.0000,2979.5126,102247.9669,225.5539
492,109639.0574,0.0000,3266.2464,106372.8110,289.0131
493,113590.4134,0.0000,3542.2771,110048.1363,412.8177
494,116869.4195,0.0000,3818.2008,113051.2188,552.3034
495,118912.9635,0.0000,4092.0589,114820.9046,708.2638
496,118715.5572,0.0000,4145.5172,114570.0400,746.0555
497,117118.5444,0.0000,4136.2838,112982.2606,769.1728
498,114911.9426,0.0000,3998.4997,110913.4428,742.4891
499,111774.5773,0.0000,3865.4679,107909.1094,639.1954
500,106922.4048,0.0000,3580.5582,103341.8466,506.6543
501,99799.8432,0.0000,3403.5122,96396.3310,344.3609
502,92311.6790,0.0000,3042.9713,89268.7077,208.3980
503,86271.3668,0.0000,2790.4836,83480.8832,136.9456
504,75416.2343,0.0000,2023.0299,73393.2044,29.1851
505,73483.8301,0.0000,1875.6855,71608.1446,26.2849
506,72350.8286,0.0000,1778.3619,70572.4667,22.6132
507,72490.4795,0.0000,1715.6533,70774.8263,19.6616
508,75025.8847,0.0000,1673.2068,73352.6779,17.9313
509,79922.7027,0.0000,1686.0369,78236.6658,17.1607
510,85359.0177,0.0000,1754.2160,83604.8017,17.1346
511,88593.9168,0.0000,1923.0481,86670.8687,19.3367
512,89102.5788,0.0000,2113.9123,86988.6665,20.5386
513,88930.2983,0.0000,2235.5868,86694.7115,22.7617
514,88167.1515,0.0000,2257.7610,85909.3905,25.0468
515,87163.4442,0.0000,2241.1204,84922.3238,26.3323
516,86252.5793,0.0000,2242.2945,84010.2849,26.2843
517,85507.9646,0.0000,2260.4561,83247.5085,24.9760
518,85491.1399,0.0000,2294.6307,83196.5092,24.9731
519,87867.7706,0.0000,2338.2865,85529.4841,28.1825
520,93082.5698,0.0000,2299.5245,90783.0453,36.9545
521,97244.2017,0.0000,2399.9590,94844.2427,59.3129
522,98488.3513,0.0000,2525.1272,95963.2241,114.9271
523,97334.8455,0.0000,2522.7376,94812.1078,117.6644
524,94719.3724,0.0000,2497.3571,92222.0152,99.0087
525,90191.3855,0.0000,2449.7372,87741.6483,75.6636
526,85353.4235,0.0000,2399.5423,82953.8812,55.0767
527,80890.8854,0.0000,2248.9819,78641.9034,35.2661
528,77159.8460,0.0000,2050.5425,75109.3036,29.2926
529,75229.9326,0.0000,1928.8848,73301.0479,26.7671
530,74016.9822,0.0000,1878.1294,72138.8528,23.1450
531,73998.3821,0.0000,1820.1030,72178.2791,20.4640
532,76204.2028,0.0000,1760.0658,74444.1369,18.9605
533,81037.0778,0.0000,1797.8823,79239.1955,19.4729
534,86182.1558,0.0000,1879.0852,84303.0705,22.9087
535,89738.2735,0.0000,2019.8787,87718.3948,31.1611
536,91086.6445,0.0000,2295.3187,88791.3258,60.5386
537,90088.2162,0.0000,2333.3842,87754.8320,49.9792
538,88700.4056,0.0000,2336.4826,86363.9229,47.6013
539,87372.3449,0.0000,2378.5873,84993.7575,39.7547
540,86347.3519,0.0000,2319.3347,84028.0172,38.9495
541,85754.1326,0.0000,2358.5119,83395.6207,39.0664
542,85561.7585,0.0000,2337.9616,83223.7970,38.8728
543,87904.2179,0.0000,2377.7911,85526.4268,46.0949
544,92531.5863,0.0000,2328.4429,90203.1434,53.2857
545,96102.7155,0.0000,2454.1852,93648.5303,99.9134
546,96874.1923,0.0000,2588.4587,94285.7337,159.2278
547,95906.2859,0.0000,2580.1387,93326.1472,156.4171
548,93973.1390,0.0000,2581.7293,91391.4096,134.1734
549,90522.0840,0.0000,2532.9272,87989.1568,105.6177
550,86438.8962,0.0000,2457.8824,83981.0138,77.1537
551,81899.9995,0.0000,2238.2861,79661.7135,41.6523
552,77774.8760,0.0000,1938.5964,75836.2795,29.2440
553,75711.9569,0.0000,1848.3811,73863.5758,25.7685
554,74430.2135,0.0000,1766.4337,72663.7799,23.1994
555,73851.6645,0.0000,1648.1264,72203.5381,19.9131
556,74616.1052,0.0000,1598.4100,73017.6952,17.7936
557,76922.2503,0.0000,1619.8991,75302.3511,17.5587
558,80866.7326,0.0000,1726.2340,79140.4986,21.2611
559,85646.4126,0.0000,1922.8104,83723.6022,28.7770
560,89079.6389,0.0000,2088.7624,86990.8764,40.8174
561,89578.9804,0.0000,2349.3143,87229.6661,39.6071
562,88920.5003,0.0000,2331.7109,86588.7895,37.3740
563,87851.5773,0.0000,2325.9528,85525.6245,43.0780
564,86641.4795,0.0000,2314.3123,84327.1672,45.1811
565,85669.9100,0.0000,2315.6567,83354.2533,47.9939
566,85408.7090,0.0000,2337.1215,83071.5875,44.1074
567,87640.1128,0.0000,2358.0886,85282.0242,52.6679
568,92452.5656,0.0000,2241.7647,90210.8009,69.1835
569,96093.6348,0.0000,2424.1019,93669.5329,102.4392
570,96848.9007,0.0000,2535.8676,94313.0331,146.4141
571,95748.5754,0.0000,2521.5587,93227.0166,145.5792
572,93562.1430,0.0000,2460.3859,91101.7571,124.1780
573,90087.6107,0.0000,2352.2662,87735.3445,97.1897
574,85844.0271,0.0000,2277.2716,83566.7555,69.4565
575,81868.3217,0.0000,2116.1099,79752.2118,38.1864
576,78145.6880,0.0000,2010.7073,76134.9807,29.0522
577,76059.9986,0.0000,1932.7544,74127.2442,26.0297
578,74569.7592,0.0000,1833.5090,72736.2502,22.8331
579,73845.2590,0.0000,1736.0022,72109.2568,19.8505
580,74368.1576,0.0000,1706.5360,72661.6215,17.9334
581,76417.2442,0.0000,1746.1421,74671.1022,17.8260
582,79789.4282,0.0000,1834.3256,77955.1026,20.6074
583,84346.2255,0.0000,2036.2212,82310.0043,27.5960
584,87559.0045,0.0000,2289.3391,85269.6654,38.8760
585,88252.4640,0.0000,2409.6940,85842.7701,42.6189
586,87738.2899,0.0000,2429.1198,85309.1702,49.8329
587,86773.2480,0.0000,2355.8452,84417.4028,62.1884
588,85673.4441,0.0000,2340.0710,83333.3732,52.4249
589,84948.5643,0.0000,2347.6057,82600.9586,60.8424
590,84808.4892,0.0000,2295.5989,82512.8902,50.4115
591,87500.3865,0.0000,2369.3901,85130.9964,68.5943
592,93047.6924,0.0000,2337.6343,90710.0581,82.8335
593,97867.2336,0.0000,2449.1581,95418.0755,109.5896
594,99393.5161,0.0000,2618.9625,96774.5536,164.5906
595,98429.9551,0.0000,2590.7551,95839.1999,159.0175
596,95963.3437,0.0000,2542.2408,93421.1029,129.6003
597,91600.7060,0.0000,2457.6290,89143.0770,102.6371
598,86841.6867,0.0000,2356.5389,84485.1478,71.0754
599,82510.6983,0.0000,2169.1433,80341.5549,39.3057
600,79030.1884,0.0000,1938.6905,77091.4979,30.4403
601,77495.2630,0.0000,1825.4077,75669.8553,26.6271
602,76627.8914,0.0000,1735.1453,74892.7461,24.5645
603,76894.4837,0.0000,1636.9649,75257.5188,21.8249
604,79550.2265,0.0000,1591.1881,77959.0383,19.1314
605,84653.4108,0.0000,1604.7573,83048.6535,17.8477
606,90555.3894,0.0000,1745.3712,88810.0182,21.6425
607,93962.9850,0.0000,1909.4951,92053.4900,28.7602
608,95277.0698,0.0000,2061.2059,93215.8639,38.8797
609,94393.4194,0.0000,2098.3443,92295.0751,40.0473
610,92718.0180,0.0000,2028.9590,90689.0590,35.9319
611,91354.4554,0.0000,2078.3959,89276.0596,38.8392
612,90007.7921,0.0000,2118.2841,87889.5079,36.3235
613,88987.2801,0.0000,2111.4877,86875.7924,36.8998
614,88732.6869,0.0000,2118.7757,86613.9112,35.3097
615,91113.5923,0.0000,2136.4349,88977.1574,42.3305
616,97012.7909,0.0000,2198.4260,94814.3649,51.5635
617,101932.8578,0.0000,2393.3764,99539.4814,91.7660
618,103162.7801,0.0000,2513.8465,100648.9336,149.7830
619,102126.2836,0.0000,2518.1362,99608.1474,144.0699
620,99369.1433,0.0000,2461.3278,96907.8156,121.9737
621,94731.8351,0.0000,2356.1083,92375.7267,98.1127
622,89636.4112,0.0000,2275.4968,87360.9145,69.0413
623,84787.9161,0.0000,2120.8611,82667.0549,39.7547
624,81306.8299,0.0000,2013.6534,79293.1765,29.7038
625,79671.4343,0.0000,1934.5597,77736.8746,26.2543
626,78750.1202,0.0000,1836.0327,76914.0876,23.6414
627,79032.8511,0.0000,1793.8605,77238.9906,20.5545
628,81583.4056,0.0000,1783.3787,79800.0269,18.5881
629,86766.9116,0.0000,1876.2938,84890.6177,18.5288
630,92087.6696,0.0000,1929.5824,90158.0872,21.4668
631,95015.0656,0.0000,2097.3270,92917.7386,29.0271
632,95628.1215,0.0000,2391.2499,93236.8716,41.5690
633,94272.6466,0.0000,2453.6290,91819.0177,40.5013
634,92779.4036,0.0000,2395.2583,90384.1452,35.5278
635,91069.0790,0.0000,2205.4206,88863.6584,37.4562
636,89863.8418,0.0000,2180.2726,87683.5692,39.4334
637,89096.1042,0.0000,2260.7006,86835.4036,45.2394
638,89176.3038,0.0000,2300.8443,86875.4595,55.9951
639,91345.5636,0.0000,2331.3412,89014.2223,66.1609
640,96956.8163,0.0000,2344.3344,94612.4820,71.7172
641,101550.4903,0.0000,2452.1770,99098.3133,106.3750
642,102583.5878,0.0000,2621.4204,99962.1674,147.4291
643,101346.5974,0.0000,2581.8011,98764.7963,140.0085
644,98750.1202,0.0000,2537.8438,96212.2764,116.6488
645,94359.1544,0.0000,2472.8627,91886.2917,92.5755
646,89275.4873,0.0000,2416.4800,86859.0073,68.3813
647,84240.9448,0.0000,2238.7704,82002.1745,41.6639
648,80525.5623,0.0000,2072.2298,78453.3325,30.2508
649,78705.0741,0.0000,1986.4941,76718.5800,27.1830
650,77458.7520,0.0000,1837.3736,75621.3783,23.3131
651,77721.7319,0.0000,1776.4917,75945.2402,20.4973
652,80261.8597,0.0000,1751.8158,78510.0439,18.0296
653,85317.4584,0.0000,1732.2139,83585.2444,17.1837
654,90435.0825,0.0000,1801.1307,88633.9518,18.4007
655,92711.7392,0.0000,1970.8038,90740.9354,20.1273
656,92564.0126,0.0000,2095.1064,90468.9062,23.1953
657,91953.2981,0.0000,2160.3655,89792.9326,27.8626
658,90850.8116,0.0000,2190.2998,88660.5118,35.3848
659,89503.6163,0.0000,2183.5340,87320.0823,39.8210
660,88476.5592,0.0000,2223.0526,86253.5067,44.8999
661,87520.1849,0.0000,2196.8029,85323.3819,42.4547
662,87382.6907,0.0000,2183.5788,85199.1119,39.8578
663,89777.4950,0.0000,2222.6138,87554.8812,49.3148
664,95358.8864,0.0000,2323.4955,93035.3909,54.3061
665,99474.8575,0.0000,2462.2771,97012.5804,82.2048
666,100690.4959,0.0000,2612.4524,98078.0434,124.4450
667,99588.2631,0.0000,2612.7101,96975.5531,117.2269
668,97210.0309,0.0000,2559.3321,94650.6988,94.0258
669,92710.4068,0.0000,2473.9971,90236.4098,68.8727
670,87764.8890,0.0000,2410.0708,85354.8181,54.1020
671,83089.8003,0.0000,2262.7517,80827.0487,35.9344
