node,substation_id,power_MW,duration_h,energy_MWh,peak_MW,mean_MW,wastage_GWh,hours_spilling,hours_free,longest_run_h,dischargeable_MWh,capex_capacity_W
SUB_HIFLD_3677,HIFLD_3677,429.5580480738875,4.0,1718.23219229555,429.5580480738875,127.65205803457464,85.78218299923415,296,376,13,85782.18299923415,429558048.0738875
SUB_HIFLD_4195,HIFLD_4195,657.2154726622612,4.0,2628.8618906490447,657.2154726622612,108.85680215990608,73.15177105145689,227,445,12,73151.77105145689,657215472.6622611
SUB_HIFLD_3316,HIFLD_3316,325.57267586386905,4.0,1302.2907034554762,325.57267586386905,105.38593821677604,70.8193504816735,607,65,207,21162.22393115149,325572675.8638691
SUB_HIFLD_2664,HIFLD_2664,281.80227897539726,4.0,1127.209115901589,281.80227897539726,77.95316886177626,52.384529475113645,243,429,12,52384.529475113646,281802278.9753972
SUB_HIFLD_3418,HIFLD_3418,684.4367045387437,4.0,2737.746818154975,684.4367045387437,71.11918332071436,47.79209119152005,164,508,9,47792.09119152005,684436704.5387437
SUB_18256,18256,204.18903130538445,4.0,816.7561252215378,204.18903130538445,43.72153777222882,29.380873382937768,255,417,11,29380.873382937767,204189031.30538446
SUB_HIFLD_3207,HIFLD_3207,407.6725758294571,4.0,1630.6903033178285,407.6725758294571,42.516890558829154,28.57135045553319,134,538,10,28571.35045553319,407672575.8294571
SUB_HIFLD_2867,HIFLD_2867,159.5074085461757,4.0,638.0296341847028,159.5074085461757,42.11242516062445,28.29954970793963,238,434,12,28299.54970793963,159507408.5461757
SUB_25315,25315,204.50189615486676,4.0,818.007584619467,204.50189615486676,31.530533917317182,21.18851879243715,225,447,11,21188.51879243715,204501896.15486676
SUB_HIFLD_4427,HIFLD_4427,84.7970437218984,4.0,339.1881748875936,84.7970437218984,24.852874212269448,16.70113147064507,262,410,12,16701.13147064507,84797043.7218984
SUB_HIFLD_1222,HIFLD_1222,81.6947613489437,4.0,326.7790453957748,81.6947613489437,21.66620889149661,14.55969237508572,217,455,12,14559.69237508572,81694761.3489437
SUB_HIFLD_2655,HIFLD_2655,69.44137492380719,4.0,277.76549969522875,69.44137492380719,15.100652879822947,10.14763873524102,235,437,11,10147.63873524102,69441374.92380719
SUB_HIFLD_4118,HIFLD_4118,67.25300124364088,4.0,269.0120049745635,67.25300124364088,9.21227295264342,6.190647424176377,275,397,57,6190.647424176377,67253001.24364088
SUB_HIFLD_1455,HIFLD_1455,16.35973421112474,4.0,65.43893684449895,16.35973421112474,4.209674348789413,2.8289011623864857,205,467,12,2828.901162386486,16359734.211124739
SUB_HIFLD_4237,HIFLD_4237,86.71722002956069,4.0,346.86888011824277,86.71722002956069,3.445315763055567,2.315252192773341,45,627,4,2315.252192773341,86717220.0295607
SUB_25440,25440,21.373296102267023,4.0,85.49318440906809,21.373296102267023,2.93274157175232,1.970802336217559,198,474,11,1970.802336217559,21373296.102267023
SUB_HIFLD_3995,HIFLD_3995,10.997344912909616,4.0,43.989379651638465,10.997344912909616,1.615655925891862,1.085720782199331,186,486,9,1085.720782199331,10997344.912909616
SUB_HIFLD_1042,HIFLD_1042,3.594453883937106,4.0,14.377815535748423,3.594453883937106,0.8313032927243188,0.5586358127107423,194,478,12,558.6358127107422,3594453.883937106
SUB_HIFLD_2556,HIFLD_2556,9.019996428189645,4.0,36.07998571275858,9.019996428189645,0.7101494441263023,0.4772204264528751,62,610,2,477.2204264528751,9019996.428189645
SUB_HIFLD_3900,HIFLD_3900,26.867221928827558,4.0,107.46888771531023,26.867221928827558,0.509021597643893,0.3420625136166961,31,641,12,342.0625136166961,26867221.928827558
SUB_HIFLD_429,HIFLD_429,42.90266143386941,4.0,171.61064573547765,42.90266143386941,0.5005335070935033,0.3363585167668342,52,620,1,336.3585167668342,42902661.433869414
SUB_HIFLD_1249,HIFLD_1249,75.31143769823107,4.0,301.2457507929243,75.31143769823107,0.4514939004550242,0.3034039011057763,6,666,1,303.4039011057763,75311437.69823107
SUB_HIFLD_1442,HIFLD_1442,1.5951373657346697,4.0,6.380549462938679,1.5951373657346697,0.3913629640889067,0.2629959118677453,196,476,12,262.9959118677453,1595137.3657346696
SUB_HIFLD_1454,HIFLD_1454,1.9259478829680388,4.0,7.703791531872155,1.9259478829680388,0.1690555775267805,0.1136053480979965,190,482,11,113.6053480979965,1925947.8829680388
SUB_HIFLD_3994,HIFLD_3994,1.0,4.0,4.0,0.7304153493104842,0.0145746795182534,0.0097941846362663,34,638,2,9.7941846362663,1000000.0
SUB_HIFLD_4158,HIFLD_4158,1.0,4.0,4.0,0.0005224256491532,7.774191207638091e-07,5.224256491532798e-07,1,671,1,0.0005224256491532797,1000000.0
