ef_set,scenario,fuel,energy_GWh,co2_t,kg_per_MWh
egrid2023_plant,S0,biomass,484.34783848874804,18678.511937953524,38.564251667218805
egrid2023_plant,S0,coal,8242.738421816564,8742106.24246011,1060.5827572208086
egrid2023_plant,S0,geothermal,2174.2658293448076,69101.97844466487,31.781752494122596
egrid2023_plant,S0,natural gas,14663.250723963287,6605596.107823346,450.48647344126834
egrid2023_plant,S0,non-fossil,119.68367435136,11780.942598678992,98.43399830868513
egrid2023_plant,S0,oil,136.82122895120847,74463.26657148213,544.23766795748
egrid2023_plant,S0,waste,338.15416216348797,69142.39631158132,204.47004369017031
egrid2023_checked,S0,biomass,484.34783848874804,18678.511937953524,38.564251667218805
egrid2023_checked,S0,coal,8242.738421816564,8742106.24246011,1060.5827572208086
egrid2023_checked,S0,geothermal,2174.2658293448076,69101.97844466487,31.781752494122596
egrid2023_checked,S0,natural gas,14663.250723963287,6939704.050789015,473.27186729801093
egrid2023_checked,S0,non-fossil,119.68367435136,11780.942598678992,98.43399830868513
egrid2023_checked,S0,oil,136.82122895120847,111591.90011818145,815.6036966893201
egrid2023_checked,S0,waste,338.15416216348797,69142.39631158132,204.47004369017031
unit_heat_rate,S0,biomass,484.34783848874804,18678.511937953524,38.564251667218805
unit_heat_rate,S0,coal,8242.738421816564,8165033.52190469,990.5729266251847
unit_heat_rate,S0,geothermal,2174.2658293448076,69101.97844466487,31.781752494122596
unit_heat_rate,S0,natural gas,14663.250723963287,7121357.791535054,485.6602349366528
unit_heat_rate,S0,non-fossil,119.68367435136,11780.942598678992,98.43399830868513
unit_heat_rate,S0,oil,136.82122895120847,110987.9688829378,811.1896796550262
unit_heat_rate,S0,waste,338.15416216348797,69142.39631158132,204.47004369017031
eia_fuel_average_2023,S0,biomass,484.34783848874804,18678.511937953524,38.564251667218805
eia_fuel_average_2023,S0,coal,8242.738421816564,8636727.92145664,1047.7983747
eia_fuel_average_2023,S0,geothermal,2174.2658293448076,69101.97844466487,31.781752494122596
eia_fuel_average_2023,S0,natural gas,14663.250723963287,6385093.101875255,435.4486752
eia_fuel_average_2023,S0,non-fossil,119.68367435136,11780.942598678992,98.43399830868513
eia_fuel_average_2023,S0,oil,136.82122895120847,152670.22114547656,1115.8372302000005
eia_fuel_average_2023,S0,waste,338.15416216348797,69142.39631158132,204.47004369017031
published,S0,biomass,484.34783848874804,6682.849810671868,13.79762492906659
published,S0,coal,8242.738421816564,1701843.900226538,206.4658385521689
published,S0,natural gas,14663.250723963287,5629834.095079673,383.9417466878042
published,S0,oil,136.82122895120847,64192.94838900264,469.173891223374
published,S0,waste,338.15416216348797,30285.97502736538,89.56262680192287
egrid2023_plant,S1,biomass,540.8035328684532,18987.298940839282,35.10942105006147
egrid2023_plant,S1,coal,8250.289409460214,8750709.963281149,1060.6549090565388
egrid2023_plant,S1,geothermal,2174.2658293448076,69101.97844466487,31.781752494122596
egrid2023_plant,S1,natural gas,15976.568923502497,7228272.0447693905,452.4295597746376
egrid2023_plant,S1,non-fossil,119.68367435136,11780.942598678992,98.43399830868513
egrid2023_plant,S1,oil,161.33985500744717,87609.24297250544,543.0105473223683
egrid2023_plant,S1,waste,338.15416216348797,69142.39631158132,204.47004369017031
egrid2023_checked,S1,biomass,540.8035328684532,18987.298940839282,35.10942105006147
egrid2023_checked,S1,coal,8250.289409460214,8750709.963281149,1060.6549090565388
egrid2023_checked,S1,geothermal,2174.2658293448076,69101.97844466487,31.781752494122596
egrid2023_checked,S1,natural gas,15976.568923502497,7563265.143757991,473.3973345573574
egrid2023_checked,S1,non-fossil,119.68367435136,11780.942598678992,98.43399830868513
egrid2023_checked,S1,oil,161.33985500744717,132916.0747457449,823.8266653928115
egrid2023_checked,S1,waste,338.15416216348797,69142.39631158132,204.47004369017031
unit_heat_rate,S1,biomass,540.8035328684532,18987.298940839282,35.10942105006147
unit_heat_rate,S1,coal,8250.289409460214,8172078.531286969,990.5202261046061
unit_heat_rate,S1,geothermal,2174.2658293448076,69101.97844466487,31.781752494122596
unit_heat_rate,S1,natural gas,15976.568923502497,7762418.000415172,485.8626428229022
unit_heat_rate,S1,non-fossil,119.68367435136,11780.942598678992,98.43399830868513
unit_heat_rate,S1,oil,161.33985500744717,133360.3067320048,826.5800581378303
unit_heat_rate,S1,waste,338.15416216348797,69142.39631158132,204.47004369017031
eia_fuel_average_2023,S1,biomass,540.8035328684532,18987.298940839282,35.10942105006147
eia_fuel_average_2023,S1,coal,8250.289409460214,8644639.834037036,1047.7983747
eia_fuel_average_2023,S1,geothermal,2174.2658293448076,69101.97844466487,31.781752494122596
eia_fuel_average_2023,S1,natural gas,15976.568923502497,6956975.7719806535,435.4486752000001
eia_fuel_average_2023,S1,non-fossil,119.68367435136,11780.942598678992,98.43399830868513
eia_fuel_average_2023,S1,oil,161.33985500744717,180029.01693237948,1115.8372302000002
eia_fuel_average_2023,S1,waste,338.15416216348797,69142.39631158132,204.47004369017031
published,S1,biomass,540.8035328684532,7169.31136480857,13.256776128628687
published,S1,coal,8250.289409460214,1703717.168819886,206.50392783389083
published,S1,natural gas,15976.568923502497,6156499.937424605,385.3455624234827
published,S1,oil,161.33985500744717,72800.37653539119,451.22376322967966
published,S1,waste,338.15416216348797,30285.97502736538,89.56262680192287
egrid2023_plant,S2,biomass,542.7537183904221,19001.946071539944,35.010254978799
egrid2023_plant,S2,coal,8245.357423776863,8745103.227758395,1060.6093560650788
egrid2023_plant,S2,geothermal,2174.2658293448076,69101.97844466487,31.781752494122596
egrid2023_plant,S2,natural gas,15984.316334934229,7232740.87369489,452.48984830758803
egrid2023_plant,S2,non-fossil,119.68367435136,11780.942598678992,98.43399830868513
egrid2023_plant,S2,oil,159.38176539310783,86302.69718077779,541.4841338211817
egrid2023_plant,S2,waste,338.15416216348797,69142.39631158132,204.47004369017031
egrid2023_checked,S2,biomass,542.7537183904221,19001.946071539944,35.010254978799
egrid2023_checked,S2,coal,8245.357423776863,8745103.227758395,1060.6093560650788
egrid2023_checked,S2,geothermal,2174.2658293448076,69101.97844466487,31.781752494122596
egrid2023_checked,S2,natural gas,15984.316334934229,7567738.800446527,473.4477622860225
egrid2023_checked,S2,non-fossil,119.68367435136,11780.942598678992,98.43399830868513
egrid2023_checked,S2,oil,159.38176539310783,131188.14197289705,823.1063424936191
egrid2023_checked,S2,waste,338.15416216348797,69142.39631158132,204.47004369017031
unit_heat_rate,S2,biomass,542.7537183904221,19001.946071539944,35.010254978799
unit_heat_rate,S2,coal,8245.357423776863,8167460.048042383,990.5525774407487
unit_heat_rate,S2,geothermal,2174.2658293448076,69101.97844466487,31.781752494122596
unit_heat_rate,S2,natural gas,15984.316334934229,7766298.03767422,485.8698911445296
unit_heat_rate,S2,non-fossil,119.68367435136,11780.942598678992,98.43399830868513
unit_heat_rate,S2,oil,159.38176539310783,131455.76788373946,824.7854926158575
unit_heat_rate,S2,waste,338.15416216348797,69142.39631158132,204.47004369017031
eia_fuel_average_2023,S2,biomass,542.7537183904221,19001.946071539944,35.010254978799
eia_fuel_average_2023,S2,coal,8245.357423776863,8639472.107453976,1047.7983747
eia_fuel_average_2023,S2,geothermal,2174.2658293448076,69101.97844466487,31.781752494122596
eia_fuel_average_2023,S2,natural gas,15984.316334934229,6960349.3720248295,435.4486752
eia_fuel_average_2023,S2,non-fossil,119.68367435136,11780.942598678992,98.43399830868513
eia_fuel_average_2023,S2,oil,159.38176539310783,177844.10764063173,1115.8372302000005
eia_fuel_average_2023,S2,waste,338.15416216348797,69142.39631158132,204.47004369017031
published,S2,biomass,542.7537183904221,7188.8394015331705,13.245122341772667
published,S2,coal,8245.357423776863,1702577.7986935687,206.48926555735494
published,S2,natural gas,15984.316334934229,6159947.1214825185,385.3744503304004
published,S2,oil,159.38176539310783,72287.01656388919,453.54634129943645
published,S2,waste,338.15416216348797,30285.97502736538,89.56262680192287
egrid2023_plant,S2_curtail,biomass,536.9095848496412,18965.872299927858,35.32414550811037
egrid2023_plant,S2_curtail,coal,8240.900853294908,8742936.902846333,1060.9200448456675
egrid2023_plant,S2_curtail,geothermal,2174.2658293448076,69101.97844466487,31.781752494122596
egrid2023_plant,S2_curtail,natural gas,15793.973718442998,7145464.19235373,452.4171256540589
egrid2023_plant,S2_curtail,non-fossil,119.68367435136,11780.942598678992,98.43399830868513
egrid2023_plant,S2_curtail,oil,154.93437589650406,84057.23571308295,542.5344454818281
egrid2023_plant,S2_curtail,waste,338.15416216348797,69142.39631158132,204.47004369017031
egrid2023_checked,S2_curtail,biomass,536.9095848496412,18965.872299927858,35.32414550811037
egrid2023_checked,S2_curtail,coal,8240.900853294908,8742936.902846333,1060.9200448456675
egrid2023_checked,S2_curtail,geothermal,2174.2658293448076,69101.97844466487,31.781752494122596
egrid2023_checked,S2_curtail,natural gas,15793.973718442998,7477750.088341726,473.4559029694839
egrid2023_checked,S2_curtail,non-fossil,119.68367435136,11780.942598678992,98.43399830868513
egrid2023_checked,S2_curtail,oil,154.93437589650406,127281.07762678748,821.5160573003569
egrid2023_checked,S2_curtail,waste,338.15416216348797,69142.39631158132,204.47004369017031
unit_heat_rate,S2_curtail,biomass,536.9095848496412,18965.872299927858,35.32414550811037
unit_heat_rate,S2_curtail,coal,8240.900853294908,8165148.362414988,990.8077415044214
unit_heat_rate,S2_curtail,geothermal,2174.2658293448076,69101.97844466487,31.781752494122596
unit_heat_rate,S2_curtail,natural gas,15793.973718442998,7674282.156248502,485.89938751683883
unit_heat_rate,S2_curtail,non-fossil,119.68367435136,11780.942598678992,98.43399830868513
unit_heat_rate,S2_curtail,oil,154.93437589650406,127545.30989166726,823.2215036440159
unit_heat_rate,S2_curtail,waste,338.15416216348797,69142.39631158132,204.47004369017031
eia_fuel_average_2023,S2_curtail,biomass,536.9095848496412,18965.872299927858,35.32414550811037
eia_fuel_average_2023,S2_curtail,coal,8240.900853294908,8634802.520146247,1047.7983746999998
eia_fuel_average_2023,S2_curtail,geothermal,2174.2658293448076,69101.97844466487,31.781752494122596
eia_fuel_average_2023,S2_curtail,natural gas,15793.973718442998,6877464.931839622,435.4486752
eia_fuel_average_2023,S2_curtail,non-fossil,119.68367435136,11780.942598678992,98.43399830868513
eia_fuel_average_2023,S2_curtail,oil,154.93437589650406,172881.5448631208,1115.8372302000005
eia_fuel_average_2023,S2_curtail,waste,338.15416216348797,69142.39631158132,204.47004369017031
published,S2_curtail,biomass,536.9095848496412,7137.660136305879,13.293970414599219
published,S2_curtail,coal,8240.900853294908,1700172.3754122304,206.30904383863094
published,S2_curtail,natural gas,15793.973718442998,6083479.841572184,385.17728027294106
published,S2_curtail,oil,154.93437589650406,70323.05109405513,453.8892720685229
published,S2_curtail,waste,338.15416216348797,30285.97502736538,89.56262680192287
egrid2023_plant,S2_shift_node,biomass,541.9634834718026,19008.473535958703,35.07334740376042
egrid2023_plant,S2_shift_node,coal,8250.183842782202,8750544.24652933,1060.6483944215224
egrid2023_plant,S2_shift_node,geothermal,2174.2658293448076,69101.97844466487,31.781752494122596
egrid2023_plant,S2_shift_node,natural gas,16029.580167670018,7253544.980430639,452.50997871174934
egrid2023_plant,S2_shift_node,non-fossil,119.68367435136,11780.942598678992,98.43399830868513
egrid2023_plant,S2_shift_node,oil,160.37002553600763,87124.4926224051,543.2716764320971
egrid2023_plant,S2_shift_node,waste,338.15416216348797,69142.39631158132,204.47004369017031
egrid2023_checked,S2_shift_node,biomass,541.9634834718026,19008.473535958703,35.07334740376042
egrid2023_checked,S2_shift_node,coal,8250.183842782202,8750544.24652933,1060.6483944215224
egrid2023_checked,S2_shift_node,geothermal,2174.2658293448076,69101.97844466487,31.781752494122596
egrid2023_checked,S2_shift_node,natural gas,16029.580167670018,7588739.31487014,473.4209652087976
egrid2023_checked,S2_shift_node,non-fossil,119.68367435136,11780.942598678992,98.43399830868513
egrid2023_checked,S2_shift_node,oil,160.37002553600763,132039.52461351946,823.3429169335191
egrid2023_checked,S2_shift_node,waste,338.15416216348797,69142.39631158132,204.47004369017031
unit_heat_rate,S2_shift_node,biomass,541.9634834718026,19008.473535958703,35.07334740376042
unit_heat_rate,S2_shift_node,coal,8250.183842782202,8171916.100217589,990.5132123045856
unit_heat_rate,S2_shift_node,geothermal,2174.2658293448076,69101.97844466487,31.781752494122596
unit_heat_rate,S2_shift_node,natural gas,16029.580167670018,7787900.584030737,485.8455744048816
unit_heat_rate,S2_shift_node,non-fossil,119.68367435136,11780.942598678992,98.43399830868513
unit_heat_rate,S2_shift_node,oil,160.37002553600763,132474.28955315694,826.0539281601143
unit_heat_rate,S2_shift_node,waste,338.15416216348797,69142.39631158132,204.47004369017031
eia_fuel_average_2023,S2_shift_node,biomass,541.9634834718026,19008.473535958703,35.07334740376042
eia_fuel_average_2023,S2_shift_node,coal,8250.183842782202,8644529.221443392,1047.7983747
eia_fuel_average_2023,S2_shift_node,geothermal,2174.2658293448076,69101.97844466487,31.781752494122596
eia_fuel_average_2023,S2_shift_node,natural gas,16029.580167670018,6980059.448024103,435.4486752
eia_fuel_average_2023,S2_shift_node,non-fossil,119.68367435136,11780.942598678992,98.43399830868513
eia_fuel_average_2023,S2_shift_node,oil,160.37002553600763,178946.84510120208,1115.8372302000002
eia_fuel_average_2023,S2_shift_node,waste,338.15416216348797,69142.39631158132,204.47004369017031
published,S2_shift_node,biomass,541.9634834718026,7192.543568474673,13.271269721715278
published,S2_shift_node,coal,8250.183842782202,1703587.7492357253,206.49088331845292
published,S2_shift_node,natural gas,16029.580167670018,6177997.225806754,385.4122915999464
published,S2_shift_node,oil,160.37002553600763,72460.71605066708,451.8345358397264
published,S2_shift_node,waste,338.15416216348797,30285.97502736538,89.56262680192287
egrid2023_plant,S2_shift_pocket,biomass,542.0587124963005,19010.217410921487,35.07040284137344
egrid2023_plant,S2_shift_pocket,coal,8249.441592811543,8749585.189155495,1060.6275698442148
egrid2023_plant,S2_shift_pocket,geothermal,2174.2658293448076,69101.97844466487,31.781752494122596
egrid2023_plant,S2_shift_pocket,natural gas,16031.041922712451,7253897.833478435,452.49072820408895
egrid2023_plant,S2_shift_pocket,non-fossil,119.68367435136,11780.942598678992,98.43399830868513
egrid2023_plant,S2_shift_pocket,oil,159.9997648730862,86925.70211456006,543.286436598895
egrid2023_plant,S2_shift_pocket,waste,338.15416216348797,69142.39631158132,204.47004369017031
egrid2023_checked,S2_shift_pocket,biomass,542.0587124963005,19010.217410921487,35.07040284137344
egrid2023_checked,S2_shift_pocket,coal,8249.441592811543,8749585.189155495,1060.6275698442148
egrid2023_checked,S2_shift_pocket,geothermal,2174.2658293448076,69101.97844466487,31.781752494122596
egrid2023_checked,S2_shift_pocket,natural gas,16031.041922712451,7589325.174792489,473.4143427096956
egrid2023_checked,S2_shift_pocket,non-fossil,119.68367435136,11780.942598678992,98.43399830868513
egrid2023_checked,S2_shift_pocket,oil,159.9997648730862,131678.41510834347,822.9913038484301
egrid2023_checked,S2_shift_pocket,waste,338.15416216348797,69142.39631158132,204.47004369017031
unit_heat_rate,S2_shift_pocket,biomass,542.0587124963005,19010.217410921487,35.07040284137344
unit_heat_rate,S2_shift_pocket,coal,8249.441592811543,8171186.43698775,990.5138844922566
unit_heat_rate,S2_shift_pocket,geothermal,2174.2658293448076,69101.97844466487,31.781752494122596
unit_heat_rate,S2_shift_pocket,natural gas,16031.041922712451,7788345.030101188,485.82899774385976
unit_heat_rate,S2_shift_pocket,non-fossil,119.68367435136,11780.942598678992,98.43399830868513
unit_heat_rate,S2_shift_pocket,oil,159.9997648730862,132150.78399351164,825.9436137192781
unit_heat_rate,S2_shift_pocket,waste,338.15416216348797,69142.39631158132,204.47004369017031
eia_fuel_average_2023,S2_shift_pocket,biomass,542.0587124963005,19010.217410921487,35.07040284137344
eia_fuel_average_2023,S2_shift_pocket,coal,8249.441592811543,8643751.493130514,1047.7983747
eia_fuel_average_2023,S2_shift_pocket,geothermal,2174.2658293448076,69101.97844466487,31.781752494122596
eia_fuel_average_2023,S2_shift_pocket,natural gas,16031.041922712451,6980695.967320798,435.4486752
eia_fuel_average_2023,S2_shift_pocket,non-fossil,119.68367435136,11780.942598678992,98.43399830868513
eia_fuel_average_2023,S2_shift_pocket,oil,159.9997648730862,178533.69446863583,1115.8372302000005
eia_fuel_average_2023,S2_shift_pocket,waste,338.15416216348797,69142.39631158132,204.47004369017031
published,S2_shift_pocket,biomass,542.0587124963005,7194.309008102475,13.272195137259372
published,S2_shift_pocket,coal,8249.441592811543,1703471.4290393274,206.4953621253238
published,S2_shift_pocket,natural gas,16031.041922712451,6178503.473331475,385.40872783682875
published,S2_shift_pocket,oil,159.9997648730862,72327.18052243188,452.0455425656575
published,S2_shift_pocket,waste,338.15416216348797,30285.97502736538,89.56262680192287
egrid2023_plant,S3,biomass,530.2460646573903,18879.944884611996,35.60600661281844
egrid2023_plant,S3,coal,8280.236794234335,8762791.531438552,1058.2778909825656
egrid2023_plant,S3,geothermal,2174.2658293448076,69101.97844466487,31.781752494122596
egrid2023_plant,S3,natural gas,15424.018979974831,6944545.262233273,450.2422663800823
egrid2023_plant,S3,non-fossil,119.68367435136,11780.942598678992,98.43399830868513
egrid2023_plant,S3,oil,119.98089257091623,65811.58459377733,548.517211229101
egrid2023_plant,S3,waste,338.15416216348797,69142.39631158132,204.47004369017031
egrid2023_checked,S3,biomass,530.2460646573903,18879.944884611996,35.60600661281844
egrid2023_checked,S3,coal,8280.236794234335,8762791.531438552,1058.2778909825656
egrid2023_checked,S3,geothermal,2174.2658293448076,69101.97844466487,31.781752494122596
egrid2023_checked,S3,natural gas,15424.018979974831,7284531.279271398,472.28490114859056
egrid2023_checked,S3,non-fossil,119.68367435136,11780.942598678992,98.43399830868513
egrid2023_checked,S3,oil,119.98089257091623,95853.18954942113,798.9037878907751
egrid2023_checked,S3,waste,338.15416216348797,69142.39631158132,204.47004369017031
unit_heat_rate,S3,biomass,530.2460646573903,18879.944884611996,35.60600661281844
unit_heat_rate,S3,coal,8280.236794234335,8188043.14082379,988.8658192148876
unit_heat_rate,S3,geothermal,2174.2658293448076,69101.97844466487,31.781752494122596
unit_heat_rate,S3,natural gas,15424.018979974831,7473469.445197111,484.53450782834204
unit_heat_rate,S3,non-fossil,119.68367435136,11780.942598678992,98.43399830868513
unit_heat_rate,S3,oil,119.98089257091623,95897.56584072077,799.2736492107632
unit_heat_rate,S3,waste,338.15416216348797,69142.39631158132,204.47004369017031
eia_fuel_average_2023,S3,biomass,530.2460646573903,18879.944884611996,35.60600661281844
eia_fuel_average_2023,S3,coal,8280.236794234335,8676018.655129876,1047.7983747
eia_fuel_average_2023,S3,geothermal,2174.2658293448076,69101.97844466487,31.781752494122596
eia_fuel_average_2023,S3,natural gas,15424.018979974831,6716368.631089695,435.44867519999997
eia_fuel_average_2023,S3,non-fossil,119.68367435136,11780.942598678992,98.43399830868513
eia_fuel_average_2023,S3,oil,119.98089257091623,133879.14684325494,1115.8372302000002
eia_fuel_average_2023,S3,waste,338.15416216348797,69142.39631158132,204.47004369017031
published,S3,biomass,530.2460646573903,7014.2161008654775,13.228228493119692
published,S3,coal,8280.236794234335,1718160.8440164316,207.50141411569476
published,S3,natural gas,15424.018979974831,5928731.582343452,384.38305801106617
published,S3,oil,119.98089257091623,57117.01565272912,476.0509313511681
published,S3,waste,338.15416216348797,30285.97502736538,89.56262680192287
egrid2023_plant,S4,biomass,530.4772750925131,18881.537985574716,35.593490752797756
egrid2023_plant,S4,coal,8280.635539382321,8763551.521832777,1058.3187099774805
egrid2023_plant,S4,geothermal,2174.2658293448076,69101.97844466487,31.781752494122596
egrid2023_plant,S4,natural gas,15457.907845974414,6960159.31109761,450.26528689716514
egrid2023_plant,S4,non-fossil,119.68367435136,11780.942598678992,98.43399830868513
egrid2023_plant,S4,oil,122.47335970168312,67029.55808224816,547.2990881079503
egrid2023_plant,S4,waste,338.15416216348797,69142.39631158132,204.47004369017031
egrid2023_checked,S4,biomass,530.4772750925131,18881.537985574716,35.593490752797756
egrid2023_checked,S4,coal,8280.635539382321,8763551.521832777,1058.3187099774805
egrid2023_checked,S4,geothermal,2174.2658293448076,69101.97844466487,31.781752494122596
egrid2023_checked,S4,natural gas,15457.907845974414,7300214.658532977,472.26408200085865
egrid2023_checked,S4,non-fossil,119.68367435136,11780.942598678992,98.43399830868513
egrid2023_checked,S4,oil,122.47335970168312,97831.58050017463,798.7988631851842
egrid2023_checked,S4,waste,338.15416216348797,69142.39631158132,204.47004369017031
unit_heat_rate,S4,biomass,530.4772750925131,18881.537985574716,35.593490752797756
unit_heat_rate,S4,coal,8280.635539382321,8188586.134187403,988.8837753144508
unit_heat_rate,S4,geothermal,2174.2658293448076,69101.97844466487,31.781752494122596
unit_heat_rate,S4,natural gas,15457.907845974414,7489705.380922363,484.5225793523443
unit_heat_rate,S4,non-fossil,119.68367435136,11780.942598678992,98.43399830868513
unit_heat_rate,S4,oil,122.47335970168312,98127.74564715964,801.2170637449336
unit_heat_rate,S4,waste,338.15416216348797,69142.39631158132,204.47004369017031
eia_fuel_average_2023,S4,biomass,530.4772750925131,18881.537985574716,35.593490752797756
eia_fuel_average_2023,S4,coal,8280.635539382321,8676436.459647853,1047.7983746999998
eia_fuel_average_2023,S4,geothermal,2174.2658293448076,69101.97844466487,31.781752494122596
eia_fuel_average_2023,S4,natural gas,15457.907845974414,6731125.492893244,435.44867519999997
eia_fuel_average_2023,S4,non-fossil,119.68367435136,11780.942598678992,98.43399830868513
eia_fuel_average_2023,S4,oil,122.47335970168312,136660.3344628144,1115.8372302000002
eia_fuel_average_2023,S4,waste,338.15416216348797,69142.39631158132,204.47004369017031
published,S4,biomass,530.4772750925131,7016.292710927579,13.22637752899776
published,S4,coal,8280.635539382321,1718242.2688637292,207.50125527102938
published,S4,natural gas,15457.907845974414,5942621.565396682,384.43893084433637
published,S4,oil,122.47335970168312,57922.689588905494,472.9411337289335
published,S4,waste,338.15416216348797,30285.97502736538,89.56262680192287
