node,shortfall_J,shortfall_GWh,peak_hour_J,peak_MW,hours_short,longest_run_h,longest_run_MWh
SUB_02213,41097636717187.5,11.41601019921875,148945921875.0,41.3738671875,672,672,11416.01019921875
SUB_HIFLD_3356,39950355526171.875,11.097320979492187,95312334375.0,26.4756484375,672,672,11097.320979492188
SUB_HIFLD_3625,29999471013281.25,8.333186392578124,82217896875.0,22.8383046875,672,672,8333.186392578125
SUB_HIFLD_1396,25874624967187.5,7.18739582421875,67501567968.75,18.750435546875,672,672,7187.39582421875
SUB_HIFLD_1848,25475142918164.062,7.076428588378906,59995898437.5,16.66552734375,672,672,7076.428588378906
SUB_25392,23880603524203.125,6.633500978945312,313657368750.0,87.127046875,137,10,586.7453220703125
SUB_02226,20104756917187.5,5.58465469921875,88985334375.0,24.7181484375,669,595,5248.40873046875
SUB_15376,17901402533437.5,4.97261181484375,57943264218.75,16.095351171875,669,640,4793.517216796875
SUB_HIFLD_1832,15698623862109.375,4.360728850585938,36908184375.0,10.2522734375,672,672,4360.728850585938
SUB_04350,14415022299023.438,4.0041728608398435,54045675000.0,15.0126875,672,672,4004.172860839844
SUB_HIFLD_142,8469750432715.576,2.3527084535321046,19001552343.75,5.278208984375,672,672,2352.7084535321046
SUB_HIFLD_138,8255499567313.843,2.2931943242538453,18292508789.0625,5.08125244140625,672,672,2293.194324253845
SUB_16211,7069712779687.5,1.96380910546875,35128606640.625,9.7579462890625,658,523,1823.3240385742188
SUB_18267,6420181556250.0,1.783383765625,137860706250.0,38.294640625,113,15,335.837765625
SUB_HIFLD_3268,5907056976562.5,1.64084916015625,12642026660.15625,3.511674072265625,672,672,1640.84916015625
SUB_10340,4919539111523.4375,1.3665386420898438,24454877343.75,6.793021484375,638,179,403.57553076171877
SUB_HIFLD_3266,4399027282617.1875,1.2219520229492187,9244524023.4375,2.56792333984375,672,672,1221.9520229492186
SUB_HIFLD_3267,4210695854296.875,1.1696377373046876,8937907910.15625,2.482752197265625,672,672,1169.6377373046876
SUB_HIFLD_140,4130050600195.3125,1.1472362778320313,8764325683.59375,2.434534912109375,672,672,1147.2362778320312
SUB_02261,3995643983203.125,1.1099011064453126,15877223437.5,4.41033984375,672,672,1109.9011064453125
SUB_HIFLD_135,3753852809899.658,1.042736891638794,8344372851.5625,2.31788134765625,657,265,403.79862747558593
SUB_HIFLD_146,2365174355273.4375,0.6569928764648437,4933349121.09375,1.370374755859375,672,672,656.9928764648438
SUB_25204,2075818119468.7493,0.5766161442968748,79654010343.74994,22.12611398437498,41,4,46.70933578125
SUB_HIFLD_3269,1661289995533.4473,0.46146944320373534,13318962011.718748,3.6997116699218746,333,55,109.86471582763672
SUB_15247,934862944746.0938,0.25968415131835937,5306865468.75,1.474129296875,423,18,14.64521748046875
SUB_10249,670991937044.4324,0.186386649179009,47461018680.184395,13.183616300051222,26,3,28.125951739098163
SUB_HIFLD_141,633630709973.1445,0.1760085305480957,2470541308.59375,0.686261474609375,321,67,36.20538027954102
SUB_25292,423131521479.356,0.11753653374426556,20403602219.82656,5.667667283285156,36,4,14.670027286855465
SUB_HIFLD_139,393614622454.834,0.10933739512634277,821012750.2441406,0.22805909729003906,672,672,109.33739512634277
SUB_10361,284966564941.40625,0.07915737915039063,6232767187.5,1.73132421875,115,14,13.957037841796874
SUB_19212,249951266015.62503,0.0694309072265625,8398058203.125,2.3327939453125,70,10,14.074488281250003
SUB_04257,189261050625.00003,0.052572514062500006,10009389375.0,2.7803859375,37,5,7.9948515625
SUB_15803,168024378515.625,0.0466734384765625,3573715429.6875,0.99269873046875,111,13,7.260921875000002
SUB_10352,156518935312.5,0.04347748203125,8343624375.0,2.3176734375,36,5,6.136134765625002
SUB_15259,155923324453.125,0.0433120345703125,3690453867.1875,1.02512607421875,109,13,7.352978808593749
SUB_02413,120756242812.5,0.03354340078125,9112997812.5,2.53138828125,24,4,6.8742171875
SUB_02267,119276126367.1875,0.03313225732421875,1567296386.71875,0.435360107421875,168,13,2.7004114990234376
SUB_18310,111312961523.4375,0.03092026708984375,2163165820.3125,0.60087939453125,100,7,3.019822265625
SUB_02259,104191501464.84375,0.028942083740234374,2062860644.53125,0.573016845703125,89,7,2.8236166992187504
SUB_01338,95747907128.90625,0.026596640869140625,1722012451.171875,0.4783367919921875,137,9,2.631019287109375
SUB_18260,92200809375.0,0.0256113359375,7449581250.0,2.069328125,21,3,4.6865234375
SUB_16380,88765827187.5,0.02465717421875,8838649687.5,2.45518046875,18,3,4.98005703125
SUB_08219,86641417968.74998,0.024067060546874994,5826761718.749985,1.6185449218749959,27,5,4.884291015625
SUB_04275,75518532421.875,0.0209773701171875,4396214531.25,1.221170703125,35,5,3.6638935546875
SUB_10265,72322174951.17188,0.020089493041992187,2867026245.117188,0.7963961791992189,26,3,2.34822265625
SUB_01374,72264466845.70312,0.020073463012695313,1447876318.359375,0.4021878662109375,103,8,2.1953419189453127
SUB_18301,68746321406.25,0.019096200390625,3503055234.375,0.9730708984375,37,4,2.8979349609375
SUB_04203,67527967500.0,0.01875776875,7726215937.5,2.14617109375,21,3,4.03028671875
SUB_02268,59980334765.625,0.0166612041015625,1139603906.25,0.316556640625,84,6,1.4852202148437503
SUB_18233,47320836328.124985,0.013144676757812496,2927810390.625,0.8132806640625,30,3,1.8285724609375
SUB_25429,45017955544.04154,0.012504987651122651,1296976855.0621185,0.36027134862836624,55,8,1.86755164840193
SUB_04265,43621325468.156586,0.012117034852265719,4453974518.179718,1.2372151439388106,12,2,2.4265435691276127
SUB_08311,39507841076.66016,0.010974400299072266,593773242.1874995,0.16493701171874986,155,9,0.8860011596679684
SUB_02418,37326498787.77922,0.010368471885494227,4111266565.6482697,1.1420184904578525,12,2,2.2098065121657053
SUB_01302,34166556298.828125,0.009490710083007812,1208946972.65625,0.335818603515625,49,6,1.4479536132812503
SUB_01409,33431056875.00003,0.009286404687500008,7666717500.0000305,2.1296437500000085,7,2,2.437623437500017
SUB_19215,32550529218.749992,0.009041813671874998,3089520000.0,0.8582,34,6,2.3588240234375
SUB_16319,31660709062.5,0.00879464140625,6662275312.5,1.85063203125,9,3,2.2558453125
SUB_18297,27328302070.3125,0.00759119501953125,1650588046.875,0.4584966796875,52,5,1.0942744140625
SUB_25273,26803764579.147957,0.007445490160874433,725357866.683712,0.2014882963010311,60,9,1.1211588268655386
SUB_16267,25073271562.499985,0.006964797656249996,2322272109.375,0.6450755859375,32,3,1.33267890625
SUB_08284,23464489921.875,0.0065179138671875,1621923398.4375,0.45053427734375,33,4,1.1951732421875
SUB_25396,23194064200.18457,0.0064427956111623805,5390913221.645264,1.4974758949014622,5,1,1.4974758949014622
SUB_02278,19823182031.250008,0.005506439453125002,3225185156.25,0.895884765625,15,5,2.477753906250002
SUB_08224,19556169290.084656,0.005432269247245738,2531235266.3612213,0.7031209073225615,12,2,1.229091424020123
SUB_25237,18781174554.245163,0.005216992931734768,3449358864.892166,0.9581552402478238,7,1,0.958155240247824
SUB_02244,17720592187.5,0.00492238671875,906938964.84375,0.251927490234375,43,5,0.837165283203125
SUB_02405,15459178359.375,0.0042942162109375,1646498671.875,0.4573607421875,21,3,1.0173615234375
SUB_18273,14589721406.25,0.004052700390625,1716477187.5,0.47679921875,13,2,0.7567908203125
SUB_01317,12785677734.375,0.0035515771484375,590064257.8125,0.16390673828125,35,5,0.6215089111328125
SUB_01437,12117318426.407593,0.00336592178511322,1484032084.267662,0.412231134518795,16,3,0.5889346144938851
SUB_08369,10894715156.249985,0.0030263097656249957,1541380781.25,0.428161328125,16,2,0.8351703125
SUB_18296,10753678125.000008,0.002987132812500002,1445101171.875,0.4014169921875,14,2,0.6808212890625
SUB_01206,10200732338.349548,0.002833536760652652,1801685903.6321106,0.5004683065644752,14,3,0.8453756228184255
SUB_25460,9475046191.40625,0.002631957275390625,788514257.8125,0.21903173828125,28,4,0.493414306640625
SUB_02247,9381093750.0,0.002605859375,642854003.90625,0.178570556640625,34,5,0.424082275390625
SUB_01331,8444334375.0,0.0023456484375,478314843.75,0.132865234375,28,4,0.407862060546875
SUB_25415,7580692968.75,0.002105748046875,1594662890.625,0.4429619140625,8,3,0.4743447265625
SUB_02240,7542733007.8125,0.00209520361328125,656263476.5625,0.18229541015625,27,4,0.472725341796875
SUB_01267,6786327832.03125,0.001885091064453125,298788574.21875,0.082996826171875,36,5,0.3291204833984375
SUB_25456,6749125442.96814,0.00187475706749115,1415173526.093628,0.39310375724823,5,1,0.39310375724823
SUB_01264,3961707604.9804688,0.001100474334716797,207050646.97265625,0.05751406860351563,35,5,0.17560394287109374
SUB_25318,3547821818.7386475,0.0009855060607607353,1729589304.16288,0.48044147337857773,3,1,0.4804414733785778
SUB_25512,2082490312.5,0.00057846953125,1471660312.5,0.40879453125,3,1,0.40879453125
SUB_19238,1958876279.547657,0.0005441322998743492,350686941.6066055,0.0974130393351682,11,2,0.17650967242033536
SUB_02409,1289314664.5252075,0.0003581429623681132,464824449.2958679,0.12911790258218553,6,1,0.12911790258218553
SUB_25470,1282584375.0,0.0003562734375,330989062.5,0.09194140625,5,1,0.09194140625
SUB_06381,624305461.2287521,0.00017341818367465337,357078656.39562607,0.09918851566545168,2,1,0.09918851566545168
SUB_25457,548021250.0,0.000152228125,548021250.0,0.152228125,1,1,0.152228125
SUB_06317,502800468.75,0.000139666796875,211096406.25,0.058637890625,4,2,0.0819203125
SUB_18322,358855620.1171875,9.968211669921876e-05,92749833.984375,0.0257638427734375,6,1,0.0257638427734375
SUB_08319,304214062.5,8.450390625e-05,304214062.5,0.08450390625,1,1,0.08450390625
SUB_10319,239897460.9375,6.663818359375e-05,197008593.75,0.054724609375,2,1,0.054724609375
SUB_25469,234504279.32739258,6.514007759094238e-05,49115935.13488769,0.01364331531524658,5,1,0.01364331531524658
SUB_02227,166162557.5886612,4.615626599685033e-05,166162557.5886612,0.046156265996850326,1,1,0.04615626599685033
SUB_06319,149157421.87499237,4.143261718749788e-05,45829687.5,0.01273046875,5,1,0.01273046875
SUB_10356,83266523.4375,2.312958984375e-05,83266523.4375,0.02312958984375,1,1,0.02312958984375
SUB_01233,19262109.375,5.3505859375e-06,19262109.375,0.0053505859375,1,1,0.0053505859375
