node,substation_id,power_MW,duration_h,energy_MWh,capex_capacity_W,role,s1_shortfall_MWh,s1_peak_shortfall_MW
SUB_01206,01206,1.0009366131289497,1.689169147636161,1.6907512456368536,1000936.6131289497,"short node, no pocket",2.8335367606526702,0.5004683065644748
SUB_01233,01233,0.010701171875000526,1.0,0.010701171875000526,10701.171875000526,"short node, no pocket",0.005350585937500263,0.005350585937500263
SUB_01264,01264,0.1150281372070312,3.05323457607657,0.3512078857421874,115028.1372070312,"short node, no pocket",1.1004743347167971,0.0575140686035156
SUB_01267,01267,0.16599365234374996,3.9654586636466584,0.6582409667968747,165993.65234374997,"short node, no pocket",1.885091064453124,0.08299682617187498
SUB_01302,01302,0.67163720703125,4.311713520701004,2.8959072265625,671637.20703125,"short node, no pocket",9.490710083007812,0.335818603515625
SUB_01317,01317,0.3278134765624996,3.791844787164003,1.2430178222656232,327813.4765624996,"short node, no pocket",3.551577148437494,0.1639067382812498
SUB_01321,01321,0.1406528320312499,2.597283697323796,0.36531530761718756,140652.83203124988,"short node, no pocket",1.1520906372070314,0.07032641601562495
SUB_01331,01331,0.26573046875000017,3.0697425287018687,0.8157241210937585,265730.4687500002,"short node, no pocket",2.3456484375000244,0.13286523437500009
SUB_01338,01338,0.956673583984375,5.538901145453594,5.298920410156249,956673.583984375,"short node, no pocket",26.59664086914062,0.4783367919921875
SUB_01374,01374,0.804375732421875,5.508598446667596,4.430982910156251,804375.732421875,"short node, no pocket",20.073463012695314,0.4021878662109375
SUB_01409,01409,4.259287500000028,1.1446155900488082,4.875246875000045,4259287.500000028,"short node, no pocket",9.286404687500053,2.129643750000014
SUB_01437,01437,0.8244622690375891,1.4286514655943114,1.1778692289877633,824462.2690375891,"short node, no pocket",3.3659217851132137,0.41223113451879456
SUB_02227,02227,0.09231253199370215,1.0,0.09231253199370215,92312.53199370216,"short node, no pocket",0.046156265996851076,0.046156265996851076
SUB_02240,02240,0.36459082031250034,2.593182907850999,0.9454506835937506,364590.82031250035,"short node, no pocket",2.09520361328125,0.18229541015625017
SUB_02244,02244,0.5038549804687493,3.323040619442871,1.6743305664062484,503854.9804687493,"short node, no pocket",4.922386718749999,0.25192749023437466
SUB_02247,02247,0.35714111328124964,2.3748723382438355,0.8481645507812479,357141.11328124965,"short node, no pocket",2.6058593750000014,0.17857055664062482
SUB_02259,02259,1.1460336914062506,4.927632966451459,5.647233398437499,1146033.6914062505,"short node, no pocket",28.942083740234366,0.5730168457031253
SUB_02267,02267,0.8707202148437503,6.274694305573857,5.4635031738281254,870720.2148437502,"short node, no pocket",33.13225732421875,0.43536010742187514
SUB_02268,02268,0.63311328125,4.691799268249038,2.970440429687497,633113.28125,"short node, no pocket",16.66120410156249,0.316556640625
SUB_02405,02405,0.9147214843750007,2.224418122490328,2.034723046875005,914721.4843750007,"short node, no pocket",4.294216210937522,0.45736074218750034
SUB_02409,02409,0.25823580516437517,1.0,0.25823580516437517,258235.80516437517,"short node, no pocket",0.35814296236812027,0.12911790258218758
SUB_02413,02413,5.062776562500005,2.7155917716840836,13.748434375000045,5062776.562500006,"short node, no pocket",33.543400781250156,2.5313882812500026
SUB_02418,02418,2.284036980915701,1.9350006419596215,4.419613024331397,2284036.980915701,"short node, no pocket",10.368471885494188,1.1420184904578505
SUB_04203,04203,4.292342187499997,1.8778962825875558,8.060573437499983,4292342.187499997,"short node, no pocket",18.757768749999933,2.1461710937499987
SUB_04257,04257,5.560771875,3.2020335531207196,17.805778125000018,5560771.875,"short node, no pocket",52.57251406250003,2.7803859375
SUB_04265,04265,2.474430287877624,1.9612947521822701,4.853087138255248,2474430.287877624,"short node, no pocket",12.11703485226571,1.237215143938812
SUB_04275,04275,2.442341406249998,3.0003123603534876,7.327787109374988,2442341.406249998,"short node, no pocket",20.977370117187455,1.221170703124999
SUB_04350,04350,0.49511183751609167,1.0041935833380344,0.4971881302683627,495111.83751609165,"short node, no pocket",0.9429146953251752,0.24755591875804583
SUB_06208,06208,0.09918851566545152,1.0,0.09918851566545152,99188.51566545152,pocket neighbour,0.0,0.0
SUB_06319,06319,0.025460937500003666,1.0,0.025460937500003666,25460.937500003667,"short node, no pocket",0.04143261718750324,0.012730468750001833
SUB_06381,06381,0.0991885156654515,1.0,0.0991885156654515,99188.5156654515,short node,0.17341818367465223,0.0991885156654515
SUB_08219,08219,3.237089843749999,3.01770494572792,9.768582031249991,3237089.843749999,"short node, no pocket",24.067060546875002,1.6185449218749994
SUB_08224,08224,1.4062418146451279,1.7480513112608493,2.458182848040252,1406241.8146451279,"short node, no pocket",5.432269247245756,0.7031209073225639
SUB_08284,08284,0.9010685546875017,2.652790924663874,2.390346484374998,901068.5546875017,"short node, no pocket",6.517913867187506,0.45053427734375084
SUB_08311,08311,0.32987402343750005,5.371754650064685,1.7720023193359378,329874.02343750006,"short node, no pocket",10.974400299072267,0.16493701171875003
SUB_08319,08319,0.16900781250001273,1.0,0.16900781250001273,169007.81250001275,"short node, no pocket",0.08450390625000637,0.08450390625000637
SUB_08369,08369,0.8563226562499935,1.950597257714454,1.6703406249999944,856322.6562499935,"short node, no pocket",3.0263097656249798,0.42816132812499674
SUB_10319,10319,0.10944921874999913,1.0,0.10944921874999913,109449.21874999913,"short node, no pocket",0.06663818359374929,0.05472460937499957
SUB_10340,10340,1.90474296875,2.273534691975748,4.330499218750003,1904742.96875,"short node, no pocket",7.936321484375007,0.952371484375
SUB_10352,10352,4.635346875000003,2.647540704545436,12.272269531249993,4635346.875000004,"short node, no pocket",43.47748203124999,2.3176734375000017
SUB_10356,10356,0.04625917968750137,1.0,0.04625917968750137,46259.179687501375,"short node, no pocket",0.023129589843750686,0.023129589843750686
SUB_10361,10361,3.4626484375000004,8.061481316234184,27.914075683593744,3462648.4375000005,"short node, no pocket",79.15737915039061,1.7313242187500002
SUB_15247,15247,2.948258593750001,10.531297142831402,31.048987304687515,2948258.5937500014,"short node, no pocket",259.68415131835945,1.4741292968750006
SUB_15259,15259,2.050252148437501,7.172755618568635,14.705957617187499,2050252.148437501,"short node, no pocket",43.31203457031249,1.0251260742187505
SUB_15376,15376,32.19070234375002,15.621593582230735,502.87006914062516,32190702.34375002,"short node, no pocket",4972.611814843751,16.09535117187501
SUB_15803,15803,1.9853974609375014,7.314325738657291,14.52184375,1985397.4609375014,"short node, no pocket",46.67343847656251,0.9926987304687507
SUB_16211,16211,0.3935925781249985,1.6245026533425548,0.6393921874999968,393592.5781249985,"short node, no pocket",1.0211156249999984,0.19679628906249924
SUB_16267,16267,1.2901511718749958,4.455174977980722,5.747849218749987,1290151.1718749958,"short node, no pocket",6.964797656249994,0.6450755859374979
SUB_16319,16319,3.7012640625000017,1.218959401116767,4.511690625000014,3701264.062500002,"short node, no pocket",8.794641406250015,1.8506320312500009
SUB_16380,16380,4.910360937500002,2.028387360781464,9.960114062500026,4910360.937500002,"short node, no pocket",24.65717421875007,2.455180468750001
SUB_18233,18233,1.6265613281249998,2.248390428715486,3.6571449218749983,1626561.3281249998,"short node, no pocket",13.144676757812508,0.8132806640624999
SUB_18254,18254,12.48827232836979,2.9475541696451817,36.80985917315092,12488272.32836979,pocket neighbour,0.0,0.0
SUB_18255,18255,12.48827232836979,2.9475541696451817,36.80985917315092,12488272.32836979,pocket neighbour,0.0,0.0
SUB_18260,18260,4.138656250000011,2.2647560726987144,9.373046875000014,4138656.250000011,"short node, no pocket",25.61133593750005,2.0693281250000055
SUB_18261,18261,17.42497718103377,1.0,17.42497718103377,17424977.18103377,short node,51.72379406649249,17.42497718103377
SUB_18266,18266,12.028450195312502,5.5789349718757455,67.10594145209456,12028450.195312502,short node,518.9013128169016,12.028450195312502
SUB_18267,18267,76.58928124999994,8.769837244686247,671.6755312499995,76589281.24999994,"short node, no pocket",1783.3837656249984,38.29464062499997
SUB_18273,18273,0.9535984374999984,1.5872316701703846,1.5135816406249916,953598.4374999984,"short node, no pocket",4.052700390624974,0.4767992187499992
SUB_18280,18280,12.48827232836979,2.9475541696451817,36.80985917315092,12488272.32836979,pocket neighbour,0.0,0.0
SUB_18296,18296,0.802833984374999,1.6960450163118468,1.3616425781250001,802833.984374999,"short node, no pocket",2.9871328125000005,0.4014169921874995
SUB_18297,18297,0.9169933593750006,2.095964946583669,1.9219859375000024,916993.3593750006,"short node, no pocket",7.057610644531275,0.4584966796875003
SUB_18301,18301,1.9461417968750538,2.978133418223439,5.79586992187501,1946141.7968750538,"short node, no pocket",19.096200390624915,0.9730708984375269
SUB_18305,18305,16.713588817015705,2.712333374803575,45.3328247611355,16713588.817015704,short node,254.98285047883806,16.713588817015705
SUB_18307,18307,12.48827232836979,2.9475541696451817,36.80985917315092,12488272.32836979,pocket neighbour,0.0,0.0
SUB_18310,18310,1.2017587890625023,6.671044473391447,8.016986328125004,1201758.7890625023,"short node, no pocket",30.92026708984376,0.6008793945312512
SUB_18322,18322,0.05152768554687537,1.0,0.05152768554687537,51527.68554687537,"short node, no pocket",0.09968211669921945,0.025763842773437684
SUB_19212,19212,4.665587890625002,6.033318248931152,28.14897656250002,4665587.890625002,"short node, no pocket",69.43090722656257,2.332793945312501
SUB_19215,19215,1.7164000000000001,2.748571455881491,4.7176480468749915,1716400.0000000002,"short node, no pocket",9.041813671875012,0.8582000000000001
SUB_19238,19238,0.19482607867033863,2.2487189516724313,0.4381090953860145,194826.07867033864,"short node, no pocket",0.5441322998743701,0.09741303933516932
SUB_25204,25204,74.95257812500002,5.159215708369828,386.6965184453169,74952578.12500001,short node,4403.976480970188,74.95257812500002
SUB_25216,25216,2.6757089843750013,3.7189223358587045,9.950753906250002,2675708.9843750014,short node,84.43872248874179,2.6757089843750013
SUB_25237,25237,1.9163104804956532,1.2568401548210215,2.408495960991303,1916310.480495653,"short node, no pocket",5.216992931734772,0.9581552402478266
SUB_25238,25238,1.1103641357421876,6.686940935035586,7.424939392089844,1110364.1357421877,short node,64.16376483154298,1.1103641357421876
SUB_25273,25273,0.4029765926020641,5.5643868524774325,2.24231765373108,402976.5926020641,"short node, no pocket",7.44549016087442,0.20148829630103204
SUB_25284,25284,1.4169168208212912,2.5883712916810944,3.667506821713875,1416916.8208212913,pocket neighbour,0.0,0.0
SUB_25292,25292,5.667667283285165,2.5883712916810944,14.6700272868555,5667667.283285165,short node,111.07939878208555,5.667667283285165
SUB_25318,25318,0.9608829467571596,1.0,0.9608829467571596,960882.9467571595,"short node, no pocket",0.9855060607607431,0.4804414733785798
SUB_25357,25357,157.36100781250002,4.527329804640273,712.4251807577621,157361007.81250003,pocket neighbour,0.0,0.0
SUB_25392,25392,82.4084296875,3.952613386126114,325.7286623124452,82408429.6875,short node,2645.880176449129,82.4084296875
SUB_25409,25409,1.4169168208212912,2.5883712916810944,3.667506821713875,1416916.8208212913,pocket neighbour,0.0,0.0
SUB_25415,25415,0.8859238281250015,1.0708476541745622,0.9486894531250059,885923.8281250015,"short node, no pocket",2.105748046875007,0.44296191406250074
SUB_25429,25429,0.7205426972567288,5.18373624633799,3.735103296803846,720542.6972567288,"short node, no pocket",12.504987651122637,0.3602713486283644
SUB_25456,25456,0.7862075144964606,1.0,0.7862075144964606,786207.5144964607,short node,1.8747570674911511,0.3931037572482303
SUB_25457,25457,0.3044562500000154,1.0,0.3044562500000154,304456.2500000154,"short node, no pocket",0.1522281250000077,0.1522281250000077
SUB_25460,25460,0.4380634765625002,2.2527068931309495,0.9868286132812525,438063.47656250023,"short node, no pocket",2.631957275390631,0.2190317382812501
SUB_25469,25469,0.02728663063049316,1.0,0.02728663063049316,27286.63063049316,short node,0.06514007759094238,0.01364331531524658
SUB_25470,25470,0.18388281250000205,1.0,0.18388281250000205,183882.81250000204,"short node, no pocket",0.35627343749999696,0.09194140625000102
SUB_25512,25512,0.8175890625000051,1.0,0.8175890625000051,817589.0625000051,"short node, no pocket",0.5784695312500041,0.40879453125000254
SUB_HIFLD_1032,HIFLD_1032,5.334587066863293,3.6055019805749358,19.23386423512504,5334587.066863293,short node,35.29895308107992,5.334587066863293
SUB_HIFLD_1033,HIFLD_1033,14.477264250677267,5.802603103631466,84.00581847307278,14477264.250677267,pocket neighbour,0.0,0.0
SUB_HIFLD_135,HIFLD_135,0.05094623667818539,1.0,0.05094623667818539,50946.236678185385,pocket neighbour,0.0,0.0
SUB_HIFLD_136,HIFLD_136,0.05094623667818539,1.0,0.05094623667818539,50946.236678185385,pocket neighbour,0.0,0.0
SUB_HIFLD_138,HIFLD_138,0.05094623667818539,1.0,0.05094623667818539,50946.236678185385,pocket neighbour,0.0,0.0
SUB_HIFLD_139,HIFLD_139,0.05094623667818539,1.0,0.05094623667818539,50946.236678185385,pocket neighbour,0.0,0.0
SUB_HIFLD_140,HIFLD_140,0.05094623667818539,1.0,0.05094623667818539,50946.236678185385,pocket neighbour,0.0,0.0
SUB_HIFLD_141,HIFLD_141,0.05094623667818539,1.0,0.05094623667818539,50946.236678185385,pocket neighbour,0.0,0.0
SUB_HIFLD_142,HIFLD_142,0.05094623667818539,1.0,0.05094623667818539,50946.236678185385,pocket neighbour,0.0,0.0
SUB_HIFLD_146,HIFLD_146,0.05094623667818539,1.0,0.05094623667818539,50946.236678185385,pocket neighbour,0.0,0.0
SUB_HIFLD_1495,HIFLD_1495,14.477264250677267,5.802603103631466,84.00581847307278,14477264.250677267,pocket neighbour,0.0,0.0
SUB_HIFLD_1499,HIFLD_1499,14.477264250677267,5.802603103631466,84.00581847307278,14477264.250677267,pocket neighbour,0.0,0.0
SUB_HIFLD_1536,HIFLD_1536,0.06195408015648179,1.0,0.06195408015648179,61954.08015648179,pocket neighbour,0.0,0.0
SUB_HIFLD_1583,HIFLD_1583,15.48538122230171,10.458744368248698,161.95764364893216,15485381.22230171,pocket neighbour,0.0,0.0
SUB_HIFLD_1593,HIFLD_1593,6.317261718749997,5.546932728344158,35.04142578125003,6317261.718749996,"short node, no pocket",144.94102929687506,3.1586308593749983
SUB_HIFLD_1622,HIFLD_1622,1.7485468750000024,2.6299516562860275,4.598593750000013,1748546.8750000023,"short node, no pocket",12.575011718750009,0.8742734375000012
SUB_HIFLD_1623,HIFLD_1623,0.06195408015648179,1.0,0.06195408015648179,61954.08015648179,pocket neighbour,0.0,0.0
SUB_HIFLD_1643,HIFLD_1643,0.06195408015648179,1.0,0.06195408015648179,61954.08015648179,pocket neighbour,0.0,0.0
SUB_HIFLD_1644,HIFLD_1644,0.06195408015648179,1.0,0.06195408015648179,61954.08015648179,pocket neighbour,0.0,0.0
SUB_HIFLD_1646,HIFLD_1646,11.654682590913673,3.9141751753860605,45.61846927435839,11654682.590913672,short node,300.8765358179933,11.654682590913673
SUB_HIFLD_1652,HIFLD_1652,0.06195408015648179,1.0,0.06195408015648179,61954.08015648179,pocket neighbour,0.0,0.0
SUB_HIFLD_1659,HIFLD_1659,15.48538122230171,10.458744368248698,161.95764364893216,15485381.22230171,pocket neighbour,0.0,0.0
SUB_HIFLD_1678,HIFLD_1678,0.06195408015648179,1.0,0.06195408015648179,61954.08015648179,pocket neighbour,0.0,0.0
SUB_HIFLD_1684,HIFLD_1684,1.424943843599081,1.0,1.424943843599081,1424943.843599081,short node,2.629178121557999,1.424943843599081
SUB_HIFLD_1693,HIFLD_1693,0.06195408015648179,1.0,0.06195408015648179,61954.08015648179,pocket neighbour,0.0,0.0
SUB_HIFLD_1701,HIFLD_1701,0.06195408015648179,1.0,0.06195408015648179,61954.08015648179,pocket neighbour,0.0,0.0
SUB_HIFLD_1706,HIFLD_1706,0.06195408015648179,1.0,0.06195408015648179,61954.08015648179,pocket neighbour,0.0,0.0
SUB_HIFLD_1714,HIFLD_1714,0.06195408015648179,1.0,0.06195408015648179,61954.08015648179,pocket neighbour,0.0,0.0
SUB_HIFLD_1730,HIFLD_1730,0.06195408015648179,1.0,0.06195408015648179,61954.08015648179,pocket neighbour,0.0,0.0
SUB_HIFLD_1746,HIFLD_1746,14.533140625,14.596825826741059,212.13772241865968,14533140.625,short node,2524.4139945999777,14.533140625
SUB_HIFLD_1756,HIFLD_1756,0.06195408015648179,1.0,0.06195408015648179,61954.08015648179,pocket neighbour,0.0,0.0
SUB_HIFLD_1763,HIFLD_1763,97.6952265625,10.6239065512013,1037.904957498439,97695226.5625,short node,8784.29800885832,97.6952265625
SUB_HIFLD_1777,HIFLD_1777,0.06195408015648179,1.0,0.06195408015648179,61954.08015648179,pocket neighbour,0.0,0.0
SUB_HIFLD_1998,HIFLD_1998,15.413322097656252,6.616238849804101,101.97822046705733,15413322.097656252,pocket neighbour,0.0,0.0
SUB_HIFLD_2000,HIFLD_2000,46.23996629296876,6.6162388498041,305.934661401172,46239966.29296876,short node,1168.3063384328132,46.23996629296876
SUB_HIFLD_2002,HIFLD_2002,15.413322097656252,6.616238849804101,101.97822046705733,15413322.097656252,pocket neighbour,0.0,0.0
SUB_HIFLD_2363,HIFLD_2363,1.4169168208212912,2.5883712916810944,3.667506821713875,1416916.8208212913,pocket neighbour,0.0,0.0
SUB_HIFLD_2423,HIFLD_2423,15.48538122230171,10.458744368248698,161.95764364893216,15485381.22230171,pocket neighbour,0.0,0.0
SUB_HIFLD_2426,HIFLD_2426,15.48538122230171,10.458744368248698,161.95764364893216,15485381.22230171,pocket neighbour,0.0,0.0
SUB_HIFLD_2490,HIFLD_2490,96.17957031249999,7.8355718619130235,753.6219348315101,96179570.31249999,short node,5199.470872136585,96.17957031249999
SUB_HIFLD_2494,HIFLD_2494,4.10575481530508,6.044218521700398,24.81607930022756,4105754.81530508,pocket neighbour,0.0,0.0
SUB_HIFLD_2499,HIFLD_2499,0.9197018877034608,4.561986923278752,4.1956679850179714,919701.8877034609,pocket neighbour,0.0,0.0
SUB_HIFLD_2500,HIFLD_2500,8.384367541601566,8.055293428245909,67.5385407578614,8384367.541601567,pocket neighbour,0.0,0.0
SUB_HIFLD_2511,HIFLD_2511,1.4169168208212912,2.5883712916810944,3.667506821713875,1416916.8208212913,pocket neighbour,0.0,0.0
SUB_HIFLD_2513,HIFLD_2513,5.210759010579562,2.7203307453945005,14.174987943321009,5210759.010579562,pocket neighbour,0.0,0.0
SUB_HIFLD_2535,HIFLD_2535,55.73101255614622,10.959045933075641,610.7587264996217,55731012.55614622,pocket neighbour,0.0,0.0
SUB_HIFLD_2538,HIFLD_2538,14.477264250677267,5.802603103631466,84.00581847307278,14477264.250677267,pocket neighbour,0.0,0.0
SUB_HIFLD_2542,HIFLD_2542,4.10575481530508,6.044218521700398,24.81607930022756,4105754.81530508,pocket neighbour,0.0,0.0
SUB_HIFLD_2560,HIFLD_2560,14.477264250677267,5.802603103631466,84.00581847307278,14477264.250677267,pocket neighbour,0.0,0.0
SUB_HIFLD_2593,HIFLD_2593,0.3660594357359632,1.9718014200741198,0.7217965152157033,366059.4357359632,pocket neighbour,0.0,0.0
SUB_HIFLD_2754,HIFLD_2754,15.413322097656252,6.616238849804101,101.97822046705733,15413322.097656252,pocket neighbour,0.0,0.0
SUB_HIFLD_2801,HIFLD_2801,0.06195408015648179,1.0,0.06195408015648179,61954.08015648179,pocket neighbour,0.0,0.0
SUB_HIFLD_2871,HIFLD_2871,0.06195408015648179,1.0,0.06195408015648179,61954.08015648179,pocket neighbour,0.0,0.0
SUB_HIFLD_2873,HIFLD_2873,5.210759010579562,2.7203307453945,14.174987943321007,5210759.010579562,short node,106.09815940363809,5.210759010579562
SUB_HIFLD_2906,HIFLD_2906,14.477264250677267,5.802603103631466,84.00581847307278,14477264.250677267,pocket neighbour,0.0,0.0
SUB_HIFLD_2950,HIFLD_2950,0.8441653547468952,1.9466628304847933,1.6433053188687907,844165.3547468953,"short node, no pocket",1.3562766681172373,0.4220826773734476
SUB_HIFLD_2983,HIFLD_2983,0.06195408015648179,1.0,0.06195408015648179,61954.08015648179,pocket neighbour,0.0,0.0
SUB_HIFLD_3004,HIFLD_3004,0.3102529870566517,3.1274732057811803,0.9703079040332536,310252.98705665173,"short node, no pocket",2.535813446590982,0.15512649352832586
SUB_HIFLD_3014,HIFLD_3014,5.81359423828125,7.878390784904136,45.80176727404678,5813594.23828125,short node,169.88498869953852,5.81359423828125
SUB_HIFLD_3017,HIFLD_3017,15.48538122230171,10.458744368248698,161.95764364893216,15485381.22230171,pocket neighbour,0.0,0.0
SUB_HIFLD_3019,HIFLD_3019,14.477264250677267,5.802603103631466,84.00581847307278,14477264.250677267,pocket neighbour,0.0,0.0
SUB_HIFLD_3046,HIFLD_3046,2.378934234505337,3.5002179712454713,8.326788360026669,2378934.234505337,"short node, no pocket",7.077397735026665,1.1894671172526685
SUB_HIFLD_3062,HIFLD_3062,59.12589453125,4.647768502505645,274.8034702848145,59125894.53125,short node,1903.2949744528655,59.12589453125
SUB_HIFLD_3078,HIFLD_3078,14.477264250677267,5.802603103631466,84.00581847307278,14477264.250677267,pocket neighbour,0.0,0.0
SUB_HIFLD_3179,HIFLD_3179,0.3660594357359632,1.9718014200741198,0.7217965152157033,366059.4357359632,short node,1.0725034454704683,0.3660594357359632
SUB_HIFLD_3210,HIFLD_3210,1.935806910285912,1.7955632878996481,3.4758638205718313,1935806.910285912,"short node, no pocket",2.0789916154288726,0.967903455142956
SUB_HIFLD_3266,HIFLD_3266,0.6113548401382247,1.0,0.6113548401382247,611354.8401382248,short node,0.8476946734507669,0.6113548401382247
SUB_HIFLD_3267,HIFLD_3267,0.05094623667818539,1.0,0.05094623667818539,50946.236678185385,pocket neighbour,0.0,0.0
SUB_HIFLD_3268,HIFLD_3268,0.05094623667818539,1.0,0.05094623667818539,50946.236678185385,pocket neighbour,0.0,0.0
SUB_HIFLD_3269,HIFLD_3269,0.05094623667818539,1.0,0.05094623667818539,50946.236678185385,pocket neighbour,0.0,0.0
SUB_HIFLD_3270,HIFLD_3270,0.05094623667818539,1.0,0.05094623667818539,50946.236678185385,pocket neighbour,0.0,0.0
SUB_HIFLD_3359,HIFLD_3359,0.3658916166683337,1.787403999639384,0.6539961390675,365891.6166683337,"short node, no pocket",0.42007962760833273,0.18294580833416685
SUB_HIFLD_3403,HIFLD_3403,0.4549677444289415,1.9053998012177307,0.8668954497953845,454967.7444289415,"short node, no pocket",0.5775639068266356,0.22748387221447075
SUB_HIFLD_3435,HIFLD_3435,0.06195408015648179,1.0,0.06195408015648179,61954.08015648179,pocket neighbour,0.0,0.0
SUB_HIFLD_3511,HIFLD_3511,1.8394037754069217,4.561986923278752,8.391335970035943,1839403.7754069217,short node,17.126484479573904,1.8394037754069217
SUB_HIFLD_3513,HIFLD_3513,25.199558359374997,8.466394198060526,213.3493946875001,25199558.359374996,short node,819.3852507031254,25.199558359374997
SUB_HIFLD_3683,HIFLD_3683,0.06195408015648179,1.0,0.06195408015648179,61954.08015648179,pocket neighbour,0.0,0.0
SUB_HIFLD_3685,HIFLD_3685,15.48538122230171,10.458744368248698,161.95764364893216,15485381.22230171,pocket neighbour,0.0,0.0
SUB_HIFLD_3688,HIFLD_3688,14.477264250677267,5.802603103631466,84.00581847307278,14477264.250677267,pocket neighbour,0.0,0.0
SUB_HIFLD_3705,HIFLD_3705,15.762263332281254,6.215823599486182,97.97544840210952,15762263.332281254,short node,255.87107864958926,15.762263332281254
SUB_HIFLD_3745,HIFLD_3745,0.5566386718749996,1.7491008740381564,0.9736171875000004,556638.6718749997,"short node, no pocket",2.6358398437499986,0.2783193359374998
SUB_HIFLD_3753,HIFLD_3753,0.7530643309565406,1.805018006644277,1.359294677538081,753064.3309565405,"short node, no pocket",0.809511535497311,0.3765321654782703
SUB_HIFLD_3926,HIFLD_3926,14.479624999999999,3.6379265692309026,52.675812500000006,14479624.999999998,"short node, no pocket",153.86285937500008,7.239812499999999
SUB_HIFLD_3929,HIFLD_3929,14.477264250677267,5.802603103631466,84.00581847307278,14477264.250677267,pocket neighbour,0.0,0.0
SUB_HIFLD_3954,HIFLD_3954,12.237333068181812,5.3257351105658,65.17279438090378,12237333.06818181,"short node, no pocket",104.00424571667047,6.118666534090906
SUB_HIFLD_3981,HIFLD_3981,0.33950954412367373,1.0,0.33950954412367373,339509.54412367375,"short node, no pocket",0.5711851038723497,0.16975477206183687
SUB_HIFLD_3985,HIFLD_3985,0.2488408717508932,1.0,0.2488408717508932,248840.8717508932,short node,1.4633929381937474,0.2488408717508932
SUB_HIFLD_4014,HIFLD_4014,0.06195408015648179,1.0,0.06195408015648179,61954.08015648179,pocket neighbour,0.0,0.0
SUB_HIFLD_4029,HIFLD_4029,52.36917531250001,11.677304756762297,611.5308199843751,52369175.312500015,short node,3124.407591573829,52.36917531250001
SUB_HIFLD_4075,HIFLD_4075,0.06195408015648179,1.0,0.06195408015648179,61954.08015648179,pocket neighbour,0.0,0.0
SUB_HIFLD_4086,HIFLD_4086,15.48538122230171,10.458744368248698,161.95764364893216,15485381.22230171,pocket neighbour,0.0,0.0
SUB_HIFLD_4111,HIFLD_4111,4.10575481530508,6.044218521700398,24.81607930022756,4105754.81530508,pocket neighbour,0.0,0.0
SUB_HIFLD_4201,HIFLD_4201,0.2090861133736137,1.0,0.2090861133736137,209086.1133736137,"short node, no pocket",0.10454305668680686,0.10454305668680686
SUB_HIFLD_4202,HIFLD_4202,14.477264250677267,5.802603103631466,84.00581847307278,14477264.250677267,pocket neighbour,0.0,0.0
SUB_HIFLD_4268,HIFLD_4268,14.477264250677267,5.802603103631466,84.00581847307278,14477264.250677267,pocket neighbour,0.0,0.0
SUB_HIFLD_4287,HIFLD_4287,0.06195408015648179,1.0,0.06195408015648179,61954.08015648179,pocket neighbour,0.0,0.0
SUB_HIFLD_4328,HIFLD_4328,15.48538122230171,10.458744368248698,161.95764364893216,15485381.22230171,pocket neighbour,0.0,0.0
SUB_HIFLD_4337,HIFLD_4337,0.06195408015648179,1.0,0.06195408015648179,61954.08015648179,pocket neighbour,0.0,0.0
SUB_HIFLD_4342,HIFLD_4342,14.477264250677267,5.802603103631466,84.00581847307278,14477264.250677267,pocket neighbour,0.0,0.0
SUB_HIFLD_4398,HIFLD_4398,0.06195408015648179,1.0,0.06195408015648179,61954.08015648179,pocket neighbour,0.0,0.0
SUB_HIFLD_4430,HIFLD_4430,8.384367541601566,8.055293428245909,67.5385407578614,8384367.541601567,pocket neighbour,0.0,0.0
SUB_HIFLD_4431,HIFLD_4431,8.384367541601566,8.055293428245909,67.5385407578614,8384367.541601567,pocket neighbour,0.0,0.0
SUB_HIFLD_4438,HIFLD_4438,18.880876875000013,9.339971423798083,176.34685046875018,18880876.87500001,short node,747.2774312500009,18.880876875000013
SUB_HIFLD_550,HIFLD_550,14.477264250677267,5.802603103631466,84.00581847307278,14477264.250677267,pocket neighbour,0.0,0.0
SUB_HIFLD_563,HIFLD_563,14.477264250677267,5.802603103631466,84.00581847307278,14477264.250677267,pocket neighbour,0.0,0.0
SUB_HIFLD_569,HIFLD_569,14.477264250677267,5.802603103631466,84.00581847307278,14477264.250677267,pocket neighbour,0.0,0.0
SUB_HIFLD_576,HIFLD_576,74.1767931723673,3.529204642249436,261.7850828110949,74176793.1723673,short node,1772.7857121159911,74.1767931723673
SUB_HIFLD_579,HIFLD_579,14.477264250677267,5.802603103631466,84.00581847307278,14477264.250677267,pocket neighbour,0.0,0.0
SUB_HIFLD_580,HIFLD_580,45.336921875,6.741772699786164,305.6512221892132,45336921.875,short node,2107.148051097182,45.336921875
SUB_HIFLD_583,HIFLD_583,14.477264250677267,5.802603103631466,84.00581847307278,14477264.250677267,pocket neighbour,0.0,0.0
SUB_HIFLD_584,HIFLD_584,14.477264250677267,5.802603103631466,84.00581847307278,14477264.250677267,pocket neighbour,0.0,0.0
SUB_HIFLD_853,HIFLD_853,5.118156249999998,1.8326148942795515,9.379609374999973,5118156.249999998,"short node, no pocket",30.239195312499923,2.559078124999999
SUB_HIFLD_881,HIFLD_881,4.10575481530508,6.044218521700398,24.81607930022756,4105754.81530508,pocket neighbour,0.0,0.0
SUB_HIFLD_886,HIFLD_886,0.31910450234375887,1.0,0.31910450234375887,319104.5023437589,short node,0.31910450234375887,0.31910450234375887
SUB_HIFLD_891,HIFLD_891,50.33928177631425,11.415310084546734,574.6385109099997,50339281.77631425,short node,2918.7289642093883,50.33928177631425
SUB_HIFLD_893,HIFLD_893,0.9197018877034608,4.561986923278752,4.1956679850179714,919701.8877034609,pocket neighbour,0.0,0.0
SUB_HIFLD_895,HIFLD_895,4.10575481530508,6.044218521700398,24.81607930022756,4105754.81530508,pocket neighbour,0.0,0.0
SUB_HIFLD_900,HIFLD_900,1.4323906249999965,3.6572736792730693,5.238644531249989,1432390.6249999965,short node,9.036074218749988,1.4323906249999965
SUB_HIFLD_903,HIFLD_903,4.10575481530508,6.044218521700398,24.81607930022756,4105754.81530508,pocket neighbour,0.0,0.0
SUB_HIFLD_907,HIFLD_907,4.10575481530508,6.044218521700398,24.81607930022756,4105754.81530508,pocket neighbour,0.0,0.0
SUB_HIFLD_915,HIFLD_915,57.7098629296875,12.29716410389091,709.6676548594179,57709862.9296875,pocket neighbour,0.0,0.0
SUB_HIFLD_916,HIFLD_916,55.73101255614622,10.959045933075641,610.7587264996217,55731012.55614622,pocket neighbour,0.0,0.0
SUB_HIFLD_925,HIFLD_925,120.66396875000004,12.938784767551653,1561.245120854829,120663968.75000004,"short node, no pocket",4320.410434457111,60.33198437500002
SUB_HIFLD_929,HIFLD_929,2.5516430664062497,3.5637960681354834,9.09353552734376,2551643.0664062495,pocket neighbour,0.0,0.0
SUB_HIFLD_932,HIFLD_932,55.73101255614622,10.959045933075641,610.7587264996217,55731012.55614622,pocket neighbour,0.0,0.0
SUB_HIFLD_936,HIFLD_936,32.351509765625,11.049989342983618,357.48383813958674,32351509.765625004,short node,1688.1759547608847,32.351509765625
SUB_HIFLD_937,HIFLD_937,3.7679462499999943,3.8331572869437722,14.443130624999938,3767946.2499999944,"short node, no pocket",13.410302968749946,1.8839731249999971
SUB_HIFLD_939,HIFLD_939,57.7098629296875,12.29716410389091,709.6676548594179,57709862.9296875,pocket neighbour,0.0,0.0
SUB_HIFLD_941,HIFLD_941,33.21836566406251,8.123068463329746,269.83505852910184,33218365.66406251,short node,1017.4414511669934,33.21836566406251
SUB_HIFLD_943,HIFLD_943,13.270794112333078,5.943887597470733,78.88010853288421,13270794.112333078,short node,210.7413761555771,13.270794112333078
SUB_HIFLD_946,HIFLD_946,8.384367541601566,8.055293428245909,67.5385407578614,8384367.541601567,pocket neighbour,0.0,0.0
SUB_HIFLD_947,HIFLD_947,4.10575481530508,6.044218521700398,24.81607930022756,4105754.81530508,pocket neighbour,0.0,0.0
SUB_HIFLD_949,HIFLD_949,4.10575481530508,6.044218521700398,24.81607930022756,4105754.81530508,pocket neighbour,0.0,0.0
SUB_HIFLD_950,HIFLD_950,4.10575481530508,6.044218521700398,24.81607930022756,4105754.81530508,pocket neighbour,0.0,0.0
SUB_HIFLD_956,HIFLD_956,37.850992187500005,15.705139038423273,594.4550950469607,37850992.18750001,short node,4650.875437049824,37.850992187500005
SUB_HIFLD_960,HIFLD_960,2.5516430664062497,3.5637960681354834,9.09353552734376,2551643.0664062495,short node,15.588946328125012,2.5516430664062497
SUB_HIFLD_961,HIFLD_961,49.172009570312504,10.855953209954873,533.8090351347657,49172009.57031251,short node,2588.75955765209,49.172009570312504
SUB_HIFLD_963,HIFLD_963,3.727928750000018,2.401627679981786,8.953096874999943,3727928.750000018,"short node, no pocket",7.3004024999999615,1.863964375000009
SUB_HIFLD_964,HIFLD_964,35.65594750000001,10.744012219139595,383.087935625,35655947.50000001,short node,1856.7146937500004,35.65594750000001
SUB_HIFLD_966,HIFLD_966,21.821240000000007,15.285565011715645,333.54998265625,21821240.000000007,short node,3715.584062656251,21.821240000000007
SUB_HIFLD_967,HIFLD_967,55.73101255614622,10.959045933075641,610.7587264996217,55731012.55614622,pocket neighbour,0.0,0.0
SUB_HIFLD_972,HIFLD_972,110.18391187500004,17.920069668859718,1974.5033771875,110183911.87500003,"short node, no pocket",17246.734134140628,55.09195593750002
SUB_HIFLD_974,HIFLD_974,14.147103515624998,6.018879624154108,85.14971309099425,14147103.515624998,short node,221.08654618569963,14.147103515624998
