node,planned_W,built_W,discharge_Wh
SUB_02409,0.0,0.0,0.0
SUB_25460,0.0,0.0,0.0
SUB_08299,0.0,0.0,0.0
SUB_10319,0.0,0.0,0.0
SUB_18272,0.0,0.0,0.0
SUB_16211,0.0,0.0,0.0
SUB_18304,0.0,0.0,0.0
SUB_25292,0.0,0.0,0.0
SUB_01265,0.0,0.0,0.0
SUB_06362,0.0,0.0,0.0
SUB_25429,0.0,0.0,0.0
SUB_10352,0.0,0.0,0.0
SUB_18322,0.0,0.0,0.0
SUB_01267,0.0,0.0,0.0
SUB_18298,0.0,0.0,0.0
SUB_10249,0.0,0.0,0.0
SUB_04284,0.0,0.0,0.0
SUB_18305,0.0,0.0,0.0
SUB_18307,0.0,0.0,0.0
SUB_25470,0.0,0.0,0.0
SUB_04298,0.0,0.0,0.0
SUB_08201,0.0,0.0,0.0
SUB_08369,0.0,0.0,0.0
SUB_01370,0.0,0.0,0.0
SUB_01206,0.0,0.0,0.0
SUB_02424,0.0,0.0,0.0
SUB_25345,0.0,0.0,514837690.9620732
SUB_08216,0.0,0.0,0.0
SUB_16388,0.0,0.0,0.0
SUB_15259,0.0,0.0,0.0
SUB_02227,0.0,0.0,0.0
SUB_01331,0.0,0.0,0.0
SUB_18310,0.0,0.0,0.0
SUB_08311,0.0,0.0,0.0
SUB_02244,0.0,0.0,0.0
SUB_18205,0.0,0.0,0.0
SUB_04308,0.0,0.0,0.0
SUB_25273,0.0,0.0,0.0
SUB_25415,0.0,0.0,0.0
SUB_02405,0.0,0.0,0.0
SUB_04338,0.0,0.0,0.0
SUB_01233,0.0,0.0,0.0
SUB_08339,0.0,0.0,0.0
SUB_16267,0.0,0.0,0.0
SUB_01437,0.0,0.0,0.0
SUB_18233,0.0,0.0,0.0
SUB_10205,0.0,0.0,0.0
SUB_25204,0.0,0.0,0.0
SUB_02268,0.0,0.0,0.0
SUB_02247,0.0,0.0,0.0
SUB_25427,0.0,0.0,0.0
SUB_02267,0.0,0.0,0.0
SUB_02240,0.0,0.0,0.0
SUB_18273,0.0,0.0,0.0
SUB_18260,0.0,0.0,0.0
SUB_04286,0.0,0.0,0.0
SUB_01264,0.0,0.0,0.0
SUB_10294,0.0,0.0,0.0
SUB_25512,0.0,0.0,0.0
SUB_10356,0.0,0.0,0.0
SUB_04203,0.0,0.0,0.0
SUB_16380,0.0,0.0,0.0
SUB_01317,0.0,0.0,0.0
SUB_06272,0.0,0.0,0.0
SUB_10324,0.0,0.0,0.0
SUB_08284,0.0,0.0,0.0
SUB_04257,0.0,0.0,0.0
SUB_02259,0.0,0.0,0.0
SUB_10217,0.0,0.0,0.0
SUB_04265,0.0,0.0,0.0
SUB_18296,0.0,0.0,0.0
SUB_16311,0.0,0.0,0.0
SUB_04275,0.0,0.0,0.0
SUB_10307,0.0,0.0,0.0
SUB_16319,0.0,0.0,0.0
SUB_04335,0.0,0.0,0.0
SUB_18255,0.0,0.0,0.0
SUB_06317,0.0,0.0,0.0
SUB_19215,0.0,0.0,0.0
SUB_08370,0.0,0.0,0.0
SUB_18301,0.0,0.0,17197033.702256937
SUB_25396,0.0,0.0,0.0
SUB_01374,0.0,0.0,0.0
SUB_15376,0.0,0.0,0.0
SUB_25392,0.0,0.0,0.0
SUB_08219,0.0,0.0,0.0
SUB_02414,0.0,0.0,0.0
SUB_18268,0.0,0.0,0.0
SUB_01409,0.0,0.0,0.0
SUB_06319,0.0,0.0,0.0
SUB_02413,0.0,0.0,0.0
SUB_08224,0.0,0.0,0.0
SUB_25456,0.0,0.0,0.0
SUB_18261,0.0,0.0,0.0
SUB_10204,0.0,0.0,0.0
SUB_25318,0.0,0.0,0.0
SUB_25285,0.0,0.0,0.0
SUB_25226,0.0,0.0,0.0
SUB_18297,0.0,0.0,0.0
SUB_08348,0.0,0.0,0.0
SUB_19238,0.0,0.0,0.0
SUB_02418,0.0,0.0,0.0
SUB_04350,0.0,0.0,0.0
SUB_10339,0.0,0.0,0.0
SUB_25237,0.0,0.0,0.0
SUB_08319,0.0,0.0,0.0
SUB_04276,0.0,0.0,0.0
SUB_01338,0.0,0.0,0.0
SUB_25284,0.0,0.0,0.0
SUB_10327,0.0,0.0,0.0
SUB_01302,0.0,0.0,0.0
SUB_15247,0.0,0.0,0.0
SUB_06381,0.0,0.0,0.0
SUB_25457,0.0,0.0,0.0
SUB_10265,0.0,0.0,0.0
