hour,biomass,coal,geothermal,natural gas,non-fossil,nuclear,oil,solar,waste
0,6349.077,136457.339,23925.790,124206.686,4012.503,76927.948,0.000,0.000,7980.299
1,6289.845,141910.574,23925.790,133206.106,4012.503,76927.948,0.000,0.000,7980.299
2,6255.912,147264.075,23925.790,132636.633,4012.503,76927.948,0.000,0.000,7980.299
3,6248.664,150786.796,23925.790,134719.132,4012.503,76927.948,0.000,0.000,7980.299
4,6471.202,153355.775,23925.790,138549.623,4012.503,76927.948,0.000,0.000,7980.299
5,6531.884,160192.834,23925.790,128361.391,4012.503,76927.948,0.000,0.000,7980.299
6,6621.712,165550.575,23925.790,131933.696,4012.503,76927.948,0.000,0.000,7980.299
7,5932.047,165028.380,23925.790,132445.067,4012.503,76927.948,0.000,1030.200,7980.299
8,5613.606,159364.524,23925.790,125702.763,4012.503,76927.948,0.000,9799.649,7980.299
9,5377.275,156389.096,23925.790,112773.672,4012.503,76927.948,0.000,15384.924,7980.299
10,5048.726,150733.785,23925.790,97446.391,4012.503,76927.948,0.000,19297.907,7980.299
11,5022.665,151913.509,23925.790,96109.691,4012.503,76927.948,0.000,14704.748,7980.299
12,4994.629,145492.499,23925.790,96397.041,4012.503,76927.948,0.000,19145.539,7980.299
13,4990.395,149005.334,23925.790,99736.221,4012.503,76927.948,0.000,11615.246,7980.299
14,5008.921,143284.496,23925.790,91101.370,4012.503,76927.948,0.000,15537.976,7980.299
15,5737.949,154280.784,23925.790,106377.203,4012.503,76927.948,0.000,4457.740,7980.299
16,5026.620,145111.739,23925.790,103754.536,4012.503,76927.948,0.000,18087.588,7980.299
17,6656.306,165597.114,23925.790,145830.823,4012.503,76927.948,0.000,2583.404,7980.299
18,6679.911,176592.530,23925.790,150981.356,4012.503,76927.948,0.000,0.000,7980.299
19,6724.670,180358.561,23925.790,155480.715,4012.503,76927.948,0.000,0.000,7980.299
20,6721.822,167660.463,23925.790,151681.739,4012.503,76927.948,0.000,0.000,7980.299
21,6693.886,154179.745,23925.790,147592.728,4012.503,76927.948,0.000,0.000,7980.299
22,6646.717,150347.846,23925.790,140782.615,4012.503,76927.948,0.000,0.000,7980.299
23,6382.825,145979.892,23925.790,132716.339,4012.503,76927.948,0.000,0.000,7980.299
24,9438.341,140917.336,23925.790,144751.729,4012.503,76927.948,0.000,0.000,7980.299
25,8145.038,139103.503,23925.790,137607.477,4012.503,76927.948,0.000,0.000,7980.299
26,8103.165,138833.462,23925.790,123281.630,4012.503,76927.948,0.000,0.000,7980.299
27,8083.679,143206.465,23925.790,119582.676,4012.503,76927.948,0.000,0.000,7980.299
28,8114.360,157579.649,23925.790,124954.170,4012.503,76927.948,0.000,0.000,7980.299
29,8445.671,165499.670,23925.790,141785.331,4012.503,76927.948,0.000,0.000,7980.299
30,9760.272,173807.154,23925.790,143019.480,4012.503,76927.948,0.000,0.000,7980.299
31,9109.879,173186.235,23925.790,136271.129,4012.503,76927.948,0.000,5561.838,7980.299
32,9110.645,165876.629,23925.790,134026.404,4012.503,76927.948,0.000,13388.154,7980.299
33,9045.939,173749.834,23925.790,134405.337,4012.503,76927.948,0.000,13962.292,7980.299
34,9045.412,175640.158,23925.790,137016.237,4012.503,76927.948,0.000,14642.587,7980.299
35,8784.510,176101.672,23925.790,122241.687,4012.503,76927.948,0.000,17412.705,7980.299
36,8714.767,178055.969,23925.790,133221.306,4012.503,76927.948,0.000,14207.235,7980.299
37,8655.421,179143.833,23925.790,124300.513,4012.503,76927.948,0.000,15957.454,7980.299
38,8686.766,177588.392,23925.790,117868.733,4012.503,76927.948,0.000,17135.143,7980.299
39,8972.985,174216.318,23925.790,138018.272,4012.503,76927.948,0.000,13893.198,7980.299
40,9620.476,174142.097,23925.790,143576.332,4012.503,76927.948,0.000,11315.802,7980.299
41,9953.380,181276.161,23925.790,164721.846,4012.503,76927.948,0.000,4628.005,7980.299
42,10092.985,193786.213,23925.790,177155.858,4012.503,76927.948,0.000,0.000,7980.299
43,10160.514,193138.706,23925.790,174835.166,4012.503,76927.948,0.000,0.000,7980.299
44,10107.257,182582.193,23925.790,169171.096,4012.503,76927.948,0.000,0.000,7980.299
45,9935.574,172077.161,23925.790,168510.004,4012.503,76927.948,0.000,0.000,7980.299
46,9841.289,168310.284,23925.790,159182.482,4012.503,76927.948,0.000,0.000,7980.299
47,9697.374,160135.481,23925.790,151043.043,4012.503,76927.948,0.000,0.000,7980.299
48,7589.862,151833.105,23925.790,142575.157,4012.503,76927.948,0.000,0.000,7980.299
49,7532.071,151971.660,23925.790,144498.003,4012.503,76927.948,0.000,0.000,7980.299
50,7500.849,150848.542,23925.790,140901.309,4012.503,76927.948,0.000,0.000,7980.299
51,6985.976,151474.926,23925.790,131660.139,4012.503,76927.948,0.000,0.000,7980.299
52,6999.918,153285.380,23925.790,128772.318,4012.503,76927.948,0.000,0.000,7980.299
53,7445.355,155875.896,23925.790,130302.774,4012.503,76927.948,0.000,0.000,7980.299
54,7661.554,157376.687,23925.790,143388.886,4012.503,76927.948,0.000,0.000,7980.299
55,7712.821,157294.503,23925.790,135255.674,4012.503,76927.948,0.000,7759.416,7980.299
56,6953.974,160940.045,23925.790,136466.692,4012.503,76927.948,0.000,11811.024,7980.299
57,6931.839,161548.808,23925.790,126048.557,4012.503,76927.948,0.000,12631.180,7980.299
58,6453.119,156544.682,23925.790,110861.192,4012.503,76927.948,0.000,17179.257,7980.299
59,6065.295,155269.885,23925.790,107806.154,4012.503,76927.948,0.000,17488.394,7980.299
60,6315.703,155853.662,23925.790,111467.978,4012.503,76927.948,0.000,16033.133,7980.299
61,6032.337,157183.060,23925.790,105927.104,4012.503,76927.948,0.000,17113.966,7980.299
62,6050.583,157274.667,23925.790,99147.852,4012.503,76927.948,0.000,19479.699,7980.299
63,6018.818,164253.943,23925.790,108607.462,4012.503,76927.948,0.000,15204.315,7980.299
64,6957.164,163131.982,23925.790,120045.199,4012.503,76927.948,0.000,10490.939,7980.299
65,7892.985,167998.476,23925.790,150313.181,4012.503,76927.948,0.000,3892.284,7980.299
66,7917.793,170158.746,23925.790,160188.887,4012.503,76927.948,0.000,0.000,7980.299
67,7758.873,171970.168,23925.790,165833.417,4012.503,76927.948,0.000,0.000,7980.299
68,7761.110,167124.148,23925.790,163509.432,4012.503,76927.948,0.000,0.000,7980.299
69,7729.129,158540.840,23925.790,154276.748,4012.503,76927.948,0.000,0.000,7980.299
70,7682.836,150059.300,23925.790,149265.339,4012.503,76927.948,0.000,0.000,7980.299
71,7623.876,140013.137,23925.790,144317.480,4012.503,76927.948,0.000,0.000,7980.299
72,8531.751,130431.480,23925.790,141494.596,4012.503,76927.948,0.000,0.000,7980.299
73,8593.469,127627.993,23925.790,143578.038,4012.503,76927.948,0.000,0.000,7980.299
74,8051.968,126265.321,23925.790,141046.544,4012.503,76927.948,0.000,0.000,7980.299
75,8033.594,127731.258,23925.790,136346.265,4012.503,76927.948,0.000,0.000,7980.299
76,8557.851,134170.470,23925.790,136315.476,4012.503,76927.948,0.000,0.000,7980.299
77,8185.602,143259.560,23925.790,138918.342,4012.503,76927.948,0.000,0.000,7980.299
78,8444.987,144323.252,23925.790,143653.684,4012.503,76927.948,0.000,0.000,7980.299
79,8448.872,145511.552,23925.790,142734.308,4012.503,76927.948,0.000,3199.994,7980.299
80,7663.878,144290.076,23925.790,130760.483,4012.503,76927.948,0.000,14440.150,7980.299
81,7586.928,148109.601,23925.790,122401.245,4012.503,76927.948,0.000,18458.138,7980.299
82,7317.695,154351.300,23925.790,116429.713,4012.503,76927.948,0.000,21246.206,7980.299
83,7089.877,153864.210,23925.790,120336.308,4012.503,76927.948,0.000,19769.192,7980.299
84,6897.656,156481.707,23925.790,122350.126,4012.503,76927.948,0.000,15160.799,7980.299
85,7127.154,154609.517,23925.790,126600.234,4012.503,76927.948,0.000,11017.171,7980.299
86,7148.776,153923.307,23925.790,122878.107,4012.503,76927.948,0.000,8927.955,7980.299
87,7180.548,150629.945,23925.790,127293.101,4012.503,76927.948,0.000,9149.972,7980.299
88,6117.641,153498.515,23925.790,133371.413,4012.503,76927.948,0.000,11736.614,7980.299
89,8520.277,160902.504,23925.790,143886.476,4012.503,76927.948,0.000,4026.116,7980.299
90,9007.818,167162.271,23925.790,157322.174,4012.503,76927.948,0.000,0.000,7980.299
91,9034.449,168817.027,23925.790,160150.934,4012.503,76927.948,0.000,0.000,7980.299
92,9037.339,156770.209,23925.790,157729.257,4012.503,76927.948,0.000,0.000,7980.299
93,8939.408,147370.689,23925.790,147463.215,4012.503,76927.948,0.000,0.000,7980.299
94,8901.690,146053.386,23925.790,144799.367,4012.503,76927.948,0.000,0.000,7980.299
95,8768.772,140867.417,23925.790,141801.948,4012.503,76927.948,0.000,0.000,7980.299
96,6341.942,139220.318,23925.790,125416.527,4012.503,76927.948,0.000,0.000,7980.299
97,6282.468,136782.151,23925.790,129590.076,4012.503,76927.948,0.000,0.000,7980.299
98,6251.300,135679.797,23925.790,124761.425,4012.503,76927.948,0.000,0.000,7980.299
99,6242.040,133690.752,23925.790,126392.088,4012.503,76927.948,0.000,0.000,7980.299
100,6262.541,135188.407,23925.790,126467.753,4012.503,76927.948,0.000,0.000,7980.299
101,6323.569,135049.385,23925.790,121973.891,4012.503,76927.948,0.000,0.000,7980.299
102,6415.399,139657.950,23925.790,118250.511,4012.503,76927.948,0.000,0.000,7980.299
103,6168.960,148700.566,23925.790,114808.119,4012.503,76927.948,0.000,8327.578,7980.299
104,5407.222,140316.915,23925.790,97221.175,4012.503,76927.948,0.000,19518.305,7980.299
105,5403.761,140957.388,23925.790,95596.545,4012.503,76927.948,0.000,21344.160,7980.299
106,5365.274,138071.713,23925.790,97575.237,4012.503,76927.948,0.000,20690.561,7980.299
107,4956.745,136548.067,23925.790,99206.311,4012.503,76927.948,0.000,20050.567,7980.299
108,5044.987,135280.171,23925.790,99099.731,4012.503,76927.948,0.000,19615.193,7980.299
109,4991.306,134413.438,23925.790,95867.426,4012.503,76927.948,0.000,20101.179,7980.299
110,4801.430,133335.658,23925.790,93395.960,4012.503,76927.948,0.000,18275.900,7980.299
111,5279.007,131710.067,23925.790,98020.652,4012.503,76927.948,0.000,18005.976,7980.299
112,6096.790,144439.989,23925.790,101096.063,4012.503,76927.948,0.000,18303.640,7980.299
113,6309.936,156911.111,23925.790,118770.645,4012.503,76927.948,0.000,7242.995,7980.299
114,6669.518,165158.142,23925.790,141660.473,4012.503,76927.948,0.000,0.000,7980.299
115,6713.654,167764.019,23925.790,139884.358,4012.503,76927.948,0.000,0.000,7980.299
116,6714.865,155059.739,23925.790,135101.292,4012.503,76927.948,0.000,0.000,7980.299
117,6480.375,149462.404,23925.790,128453.903,4012.503,76927.948,0.000,0.000,7980.299
118,6434.323,146627.685,23925.790,125767.735,4012.503,76927.948,0.000,0.000,7980.299
119,6375.306,141158.335,23925.790,121803.162,4012.503,76927.948,0.000,0.000,7980.299
120,7584.907,135408.550,23925.790,142414.060,4012.503,76927.948,0.000,0.000,7980.299
121,7524.702,134767.635,23925.790,146035.300,4012.503,76927.948,0.000,0.000,7980.299
122,7493.684,133177.781,23925.790,144475.317,4012.503,76927.948,0.000,0.000,7980.299
123,7486.091,133030.331,23925.790,141564.967,4012.503,76927.948,0.000,0.000,7980.299
124,7506.592,137649.930,23925.790,143055.464,4012.503,76927.948,0.000,0.000,7980.299
125,7568.562,134968.717,23925.790,133536.586,4012.503,76927.948,0.000,0.000,7980.299
126,7658.821,140775.982,23925.790,140459.200,4012.503,76927.948,0.000,0.000,7980.299
127,7731.328,143799.833,23925.790,137608.744,4012.503,76927.948,0.000,5306.638,7980.299
128,6952.953,146606.039,23925.790,146525.681,4012.503,76927.948,0.000,12495.100,7980.299
129,6535.920,144055.537,23925.790,132359.120,4012.503,76927.948,0.000,18882.103,7980.299
130,6502.150,145299.561,23925.790,134556.774,4012.503,76927.948,0.000,19215.177,7980.299
131,6690.922,143337.756,23925.790,132041.892,4012.503,76927.948,0.000,18617.080,7980.299
132,6115.027,143043.048,23925.790,115486.114,4012.503,76927.948,0.000,18538.717,7980.299
133,6159.922,143668.619,23925.790,129450.932,4012.503,76927.948,0.000,18286.190,7980.299
134,6758.028,142282.076,23925.790,126468.998,4012.503,76927.948,0.000,19109.042,7980.299
135,6495.393,144070.879,23925.790,147271.514,4012.503,76927.948,0.000,14821.641,7980.299
136,7305.254,143222.519,23925.790,152502.906,4012.503,76927.948,0.000,12040.700,7980.299
137,7683.525,152366.575,23925.790,163910.026,4012.503,76927.948,0.000,3826.353,7980.299
138,7704.036,155378.687,23925.790,171113.088,4012.503,76927.948,0.000,0.000,7980.299
139,7748.270,160175.665,23925.790,172592.513,4012.503,76927.948,0.000,0.000,7980.299
140,7754.819,150989.642,23925.790,161939.710,4012.503,76927.948,0.000,0.000,7980.299
141,7720.339,143327.269,23925.790,163143.352,4012.503,76927.948,0.000,0.000,7980.299
142,7674.331,135322.804,23925.790,152208.102,4012.503,76927.948,0.000,0.000,7980.299
143,7616.384,132329.469,23925.790,145839.866,4012.503,76927.948,0.000,0.000,7980.299
144,7595.224,129734.062,23925.790,145898.346,4012.503,76927.948,0.000,0.000,7980.299
145,7536.784,128724.289,23925.790,149424.742,4012.503,76927.948,0.000,0.000,7980.299
146,7504.474,129325.695,23925.790,148799.456,4012.503,76927.948,0.000,0.000,7980.299
147,7497.139,132018.622,23925.790,145484.391,4012.503,76927.948,0.000,0.000,7980.299
148,7514.653,139285.471,23925.790,147332.709,4012.503,76927.948,0.000,0.000,7980.299
149,7574.916,148018.810,23925.790,152241.082,4012.503,76927.948,0.000,0.000,7980.299
150,7665.190,150610.678,23925.790,155202.807,4012.503,76927.948,0.000,0.000,7980.299
151,6974.647,153907.015,23925.790,153781.840,4012.503,76927.948,0.000,8552.887,7980.299
152,6123.612,156086.982,23925.790,124284.814,4012.503,76927.948,0.000,19325.125,7980.299
153,6120.414,148129.578,23925.790,119098.831,4012.503,76927.948,0.000,21604.858,7980.299
154,6229.615,149663.575,23925.790,120704.228,4012.503,76927.948,0.000,21299.556,7980.299
155,6194.523,149632.827,23925.790,120610.862,4012.503,76927.948,0.000,20541.463,7980.299
156,5899.902,147419.582,23925.790,118462.082,4012.503,76927.948,0.000,20138.198,7980.299
157,6135.643,144101.846,23925.790,118996.657,4012.503,76927.948,0.000,19435.053,7980.299
158,6152.320,148241.835,23925.790,118620.027,4012.503,76927.948,0.000,19116.126,7980.299
159,5934.249,148390.330,23925.790,118133.778,4012.503,76927.948,0.000,19357.755,7980.299
160,6181.370,153121.537,23925.790,120998.178,4012.503,76927.948,0.000,15602.105,7980.299
161,7322.170,159306.519,23925.790,152201.808,4012.503,76927.948,0.000,5097.660,7980.299
162,7925.506,168325.727,23925.790,166501.052,4012.503,76927.948,0.000,0.000,7980.299
163,7970.031,173379.551,23925.790,167414.934,4012.503,76927.948,0.000,0.000,7980.299
164,7765.843,164036.418,23925.790,160380.892,4012.503,76927.948,0.000,0.000,7980.299
165,7735.517,150050.396,23925.790,157427.160,4012.503,76927.948,0.000,0.000,7980.299
166,7689.069,147718.075,23925.790,150081.528,4012.503,76927.948,0.000,0.000,7980.299
167,7629.888,144690.461,23925.790,149936.461,4012.503,76927.948,0.000,0.000,7980.299
168,3555.541,128913.014,23925.790,93828.422,4012.503,76927.948,0.000,0.000,7980.299
169,3544.725,131195.325,23925.790,90173.651,4012.503,76927.948,0.000,0.000,7980.299
170,3470.095,126464.073,23925.790,89608.249,4012.503,76927.948,0.000,0.000,7980.299
171,3433.398,125596.989,23925.790,88600.056,4012.503,76927.948,0.000,0.000,7980.299
172,3418.467,142945.406,23925.790,88358.199,4012.503,76927.948,0.000,0.000,7980.299
173,3409.759,141966.684,23925.790,90482.605,4012.503,76927.948,0.000,2514.256,7980.299
174,2672.065,142892.763,23925.790,92403.757,4012.503,76927.948,0.000,9175.410,7980.299
175,2749.939,151502.621,23925.790,91674.312,4012.503,76927.948,0.000,12531.107,7980.299
176,2762.269,156200.480,23925.790,89921.060,4012.503,76927.948,0.000,16937.139,7980.299
177,3049.234,151133.743,23925.790,96103.475,4012.503,76927.948,0.000,18477.175,7980.299
178,3221.577,152049.381,23925.790,98537.264,4012.503,76927.948,0.000,16012.423,7980.299
179,2513.429,151133.921,23925.790,93480.251,4012.503,76927.948,0.000,17091.723,7980.299
180,2603.904,152907.020,23925.790,96990.125,4012.503,76927.948,0.000,22030.985,7980.299
181,2658.400,153502.068,23925.790,93277.981,4012.503,76927.948,0.000,23275.595,7980.299
182,2661.176,156411.174,23925.790,91831.597,4012.503,76927.948,0.000,23193.962,7980.299
183,2681.214,149624.661,23925.790,92440.925,4012.503,76927.948,0.000,22896.821,7980.299
184,2691.902,147230.013,23925.790,96045.157,4012.503,76927.948,0.000,21224.986,7980.299
185,3231.620,145851.027,23925.790,99691.928,4012.503,76927.948,0.000,13086.817,7980.299
186,4099.618,152230.522,23925.790,104029.215,4012.503,76927.948,0.000,6463.128,7980.299
187,4486.537,146156.502,23925.790,125123.142,4012.503,76927.948,0.000,0.000,7980.299
188,4504.562,143051.192,23925.790,120724.459,4012.503,76927.948,0.000,0.000,7980.299
189,4524.178,142838.768,23925.790,111672.314,4012.503,76927.948,0.000,0.000,7980.299
190,4426.430,139438.729,23925.790,109023.110,4012.503,76927.948,0.000,0.000,7980.299
191,3741.826,131198.915,23925.790,100292.469,4012.503,76927.948,0.000,0.000,7980.299
192,3548.256,118214.243,23925.790,84220.463,4012.503,76927.948,0.000,0.000,7980.299
193,3541.772,112702.037,23925.790,82837.951,4012.503,76927.948,0.000,0.000,7980.299
194,3467.994,113925.341,23925.790,78878.965,4012.503,76927.948,0.000,0.000,7980.299
195,3431.572,120948.032,23925.790,77897.439,4012.503,76927.948,0.000,0.000,7980.299
196,3413.261,129437.650,23925.790,78369.367,4012.503,76927.948,0.000,0.000,7980.299
197,3404.054,138792.180,23925.790,77902.322,4012.503,76927.948,0.000,2557.251,7980.299
198,2850.631,140048.743,23925.790,84148.812,4012.503,76927.948,0.000,12198.044,7980.299
199,3297.060,148666.327,23925.790,93634.402,4012.503,76927.948,0.000,12573.473,7980.299
200,3350.022,158605.855,23925.790,86513.451,4012.503,76927.948,0.000,13996.051,7980.299
201,2887.552,155544.539,23925.790,86676.234,4012.503,76927.948,0.000,15475.783,7980.299
202,2764.868,155877.597,23925.790,87162.296,4012.503,76927.948,0.000,15801.229,7980.299
203,2634.979,154858.378,23925.790,88428.492,4012.503,76927.948,0.000,16444.505,7980.299
204,2730.700,159544.326,23925.790,89549.457,4012.503,76927.948,0.000,16906.553,7980.299
205,3490.558,158850.065,23925.790,93900.436,4012.503,76927.948,0.000,15476.869,7980.299
206,3531.033,154398.379,23925.790,92908.366,4012.503,76927.948,0.000,15295.099,7980.299
207,3541.031,156889.805,23925.790,92060.828,4012.503,76927.948,0.000,14248.579,7980.299
208,4299.600,159392.011,23925.790,94107.510,4012.503,76927.948,0.000,13944.364,7980.299
209,4285.940,158330.337,23925.790,92070.129,4012.503,76927.948,0.000,7977.630,7980.299
210,4303.539,152548.003,23925.790,95858.912,4012.503,76927.948,0.000,4303.156,7980.299
211,4299.871,159192.621,23925.790,105795.547,4012.503,76927.948,0.000,0.000,7980.299
212,4318.017,156011.569,23925.790,105709.419,4012.503,76927.948,0.000,0.000,7980.299
213,4337.963,144359.045,23925.790,101191.569,4012.503,76927.948,0.000,0.000,7980.299
214,3688.162,136352.602,23925.790,89817.145,4012.503,76927.948,0.000,0.000,7980.299
215,3550.329,119515.508,23925.790,82270.052,4012.503,76927.948,0.000,0.000,7980.299
216,3534.649,123991.988,23925.790,85196.053,4012.503,76927.948,0.000,0.000,7980.299
217,3526.839,124614.158,23925.790,82449.942,4012.503,76927.948,0.000,0.000,7980.299
218,3042.121,126005.048,23925.790,81201.893,4012.503,76927.948,0.000,0.000,7980.299
219,3040.222,130424.888,23925.790,81428.473,4012.503,76927.948,0.000,0.000,7980.299
220,3055.879,133612.218,23925.790,81603.092,4012.503,76927.948,0.000,0.000,7980.299
221,3067.801,133452.376,23925.790,82963.305,4012.503,76927.948,0.000,2038.071,7980.299
222,2371.125,144910.864,23925.790,86854.643,4012.503,76927.948,0.000,6822.780,7980.299
223,2619.737,153995.869,23925.790,92532.762,4012.503,76927.948,0.000,12053.750,7980.299
224,2624.872,151006.430,23925.790,86776.456,4012.503,76927.948,0.000,13901.901,7980.299
225,2535.666,159089.590,23925.790,90144.015,4012.503,76927.948,0.000,14987.070,7980.299
226,2445.174,148716.318,23925.790,80920.641,4012.503,76927.948,0.000,18220.344,7980.299
227,2367.727,141863.170,23925.790,82212.953,4012.503,76927.948,0.000,21096.576,7980.299
228,2460.287,139462.932,23925.790,81098.023,4012.503,76927.948,0.000,21688.131,7980.299
229,2518.266,137634.326,23925.790,81105.826,4012.503,76927.948,0.000,21719.696,7980.299
230,2563.806,136406.995,23925.790,81078.675,4012.503,76927.948,0.000,21942.278,7980.299
231,2540.201,152269.323,23925.790,85809.539,4012.503,76927.948,0.000,22330.842,7980.299
232,2550.258,154867.009,23925.790,88989.448,4012.503,76927.948,0.000,20590.435,7980.299
233,2577.580,154857.225,23925.790,97188.057,4012.503,76927.948,0.000,16857.657,7980.299
234,4057.513,156510.173,23925.790,102887.107,4012.503,76927.948,0.000,7051.424,7980.299
235,5354.244,158902.047,23925.790,120933.411,4012.503,76927.948,0.000,0.000,7980.299
236,5266.651,155473.777,23925.790,119065.193,4012.503,76927.948,0.000,0.000,7980.299
237,4074.728,146830.347,23925.790,108876.531,4012.503,76927.948,0.000,0.000,7980.299
238,3786.853,141738.507,23925.790,102170.839,4012.503,76927.948,0.000,0.000,7980.299
239,3689.936,130347.872,23925.790,95478.417,4012.503,76927.948,0.000,0.000,7980.299
240,3584.094,124370.183,23925.790,86207.708,4012.503,76927.948,0.000,0.000,7980.299
241,3085.593,119812.409,23925.790,81169.882,4012.503,76927.948,0.000,0.000,7980.299
242,3071.280,118573.817,23925.790,81068.887,4012.503,76927.948,0.000,0.000,7980.299
243,3045.495,121669.936,23925.790,77334.206,4012.503,76927.948,0.000,0.000,7980.299
244,3055.381,118608.463,23925.790,76943.724,4012.503,76927.948,0.000,0.000,7980.299
245,3066.467,119946.969,23925.790,77791.179,4012.503,76927.948,0.000,2438.066,7980.299
246,2370.977,127715.139,23925.790,80194.314,4012.503,76927.948,0.000,8523.985,7980.299
247,2415.800,144818.577,23925.790,80174.086,4012.503,76927.948,0.000,12680.141,7980.299
248,2623.203,146582.383,23925.790,87552.465,4012.503,76927.948,0.000,14867.353,7980.299
249,2871.209,141770.592,23925.790,92307.957,4012.503,76927.948,0.000,15328.847,7980.299
250,2779.978,143541.679,23925.790,86722.836,4012.503,76927.948,0.000,18552.289,7980.299
251,2747.783,135031.262,23925.790,82232.463,4012.503,76927.948,0.000,22650.302,7980.299
252,2793.905,134276.643,23925.790,83111.765,4012.503,76927.948,0.000,22537.104,7980.299
253,2857.447,133614.203,23925.790,83606.015,4012.503,76927.948,0.000,22700.370,7980.299
254,2859.967,133512.501,23925.790,88007.726,4012.503,76927.948,0.000,22827.715,7980.299
255,2879.645,135407.618,23925.790,89744.437,4012.503,76927.948,0.000,22479.962,7980.299
256,2889.934,145596.886,23925.790,94093.773,4012.503,76927.948,0.000,20959.419,7980.299
257,3676.026,161405.189,23925.790,98574.533,4012.503,76927.948,0.000,17158.612,7980.299
258,4404.810,155329.757,23925.790,112392.526,4012.503,76927.948,0.000,7209.247,7980.299
259,5850.134,158007.416,23925.790,136324.377,4012.503,76927.948,0.000,0.000,7980.299
260,5790.302,164704.533,23925.790,129245.412,4012.503,76927.948,0.000,0.000,7980.299
261,4421.463,146830.347,23925.790,116040.257,4012.503,76927.948,0.000,0.000,7980.299
262,4336.989,146830.347,23925.790,110062.568,4012.503,76927.948,0.000,0.000,7980.299
263,3897.774,146830.347,23925.790,102082.533,4012.503,76927.948,0.000,0.000,7980.299
264,3317.523,130837.132,23925.790,89893.016,4012.503,76927.948,0.000,0.000,7980.299
265,3296.324,133567.859,23925.790,88539.657,4012.503,76927.948,0.000,0.000,7980.299
266,3281.684,127198.154,23925.790,86857.675,4012.503,76927.948,0.000,0.000,7980.299
267,3250.757,119695.552,23925.790,85313.561,4012.503,76927.948,0.000,0.000,7980.299
268,3260.591,116580.694,23925.790,82799.433,4012.503,76927.948,0.000,0.000,7980.299
269,3274.500,112691.263,23925.790,82114.809,4012.503,76927.948,0.000,2551.264,7980.299
270,2577.844,126398.504,23925.790,83585.683,4012.503,76927.948,0.000,8466.299,7980.299
271,2623.059,137359.561,23925.790,86582.202,4012.503,76927.948,0.000,12619.739,7980.299
272,2970.495,142908.832,23925.790,95431.227,4012.503,76927.948,0.000,13747.349,7980.299
273,2889.851,142165.837,23925.790,100074.043,4012.503,76927.948,0.000,14995.795,7980.299
274,2803.055,143948.499,23925.790,101450.714,4012.503,76927.948,0.000,19501.431,7980.299
275,2775.417,148258.516,23925.790,102520.531,4012.503,76927.948,0.000,20319.403,7980.299
276,2823.095,148784.885,23925.790,103386.686,4012.503,76927.948,0.000,20356.412,7980.299
277,2868.094,146181.781,23925.790,102500.917,4012.503,76927.948,0.000,22133.849,7980.299
278,2870.747,155322.978,23925.790,103766.462,4012.503,76927.948,0.000,22389.082,7980.299
279,2891.480,158935.157,23925.790,106724.808,4012.503,76927.948,0.000,22167.043,7980.299
280,2900.662,152692.600,23925.790,105680.172,4012.503,76927.948,0.000,20697.656,7980.299
281,2927.910,144653.545,23925.790,104972.749,4012.503,76927.948,0.000,17176.573,7980.299
282,3750.095,160799.473,23925.790,105521.611,4012.503,76927.948,0.000,7303.397,7980.299
283,5854.276,172154.031,23925.790,142043.746,4012.503,76927.948,0.000,0.000,7980.299
284,5850.320,166911.655,23925.790,127653.423,4012.503,76927.948,0.000,0.000,7980.299
285,4432.390,149176.225,23925.790,118264.804,4012.503,76927.948,0.000,0.000,7980.299
286,4350.896,139358.788,23925.790,107734.938,4012.503,76927.948,0.000,0.000,7980.299
287,3130.811,127548.271,23925.790,88311.809,4012.503,76927.948,0.000,0.000,7980.299
288,3104.908,128633.889,23925.790,86930.567,4012.503,76927.948,0.000,0.000,7980.299
289,3084.802,126649.542,23925.790,82284.004,4012.503,76927.948,0.000,0.000,7980.299
290,3070.229,123570.969,23925.790,81590.517,4012.503,76927.948,0.000,0.000,7980.299
291,3045.364,125250.643,23925.790,80778.561,4012.503,76927.948,0.000,0.000,7980.299
292,3055.432,134684.460,23925.790,81180.450,4012.503,76927.948,0.000,0.000,7980.299
293,3065.791,141877.376,23925.790,84230.625,4012.503,76927.948,0.000,2570.311,7980.299
294,2915.259,144785.574,23925.790,88579.232,4012.503,76927.948,0.000,8454.869,7980.299
295,2959.718,152996.223,23925.790,95984.322,4012.503,76927.948,0.000,12058.096,7980.299
296,2964.102,162206.957,23925.790,96821.787,4012.503,76927.948,0.000,13524.213,7980.299
297,2797.625,165249.677,23925.790,97679.816,4012.503,76927.948,0.000,14704.629,7980.299
298,2652.977,172744.838,23925.790,100381.611,4012.503,76927.948,0.000,15533.479,7980.299
299,2613.567,172590.460,23925.790,104863.042,4012.503,76927.948,0.000,18060.316,7980.299
300,2705.454,174383.373,23925.790,111463.673,4012.503,76927.948,0.000,17583.577,7980.299
301,2847.917,174589.020,23925.790,114441.976,4012.503,76927.948,0.000,19417.614,7980.299
302,2860.938,174235.969,23925.790,112412.856,4012.503,76927.948,0.000,19913.943,7980.299
303,2880.005,172834.337,23925.790,112825.774,4012.503,76927.948,0.000,19040.469,7980.299
304,2887.983,171844.985,23925.790,112814.990,4012.503,76927.948,0.000,15617.317,7980.299
305,2915.126,171844.985,23925.790,110719.651,4012.503,76927.948,0.000,11279.902,7980.299
306,4350.265,171844.985,23925.790,118284.466,4012.503,76927.948,0.000,4367.307,7980.299
307,4335.560,171897.914,23925.790,127083.373,4012.503,76927.948,0.000,0.000,7980.299
308,4350.443,164555.630,23925.790,122234.044,4012.503,76927.948,0.000,0.000,7980.299
309,4372.936,160974.758,23925.790,115417.169,4012.503,76927.948,0.000,0.000,7980.299
310,4094.958,141748.878,23925.790,101208.129,4012.503,76927.948,0.000,0.000,7980.299
311,3092.943,128439.992,23925.790,85464.171,4012.503,76927.948,0.000,0.000,7980.299
312,3664.374,125276.774,23925.790,90308.553,4012.503,76927.948,0.000,0.000,7980.299
313,3657.715,117996.485,23925.790,83111.024,4012.503,76927.948,0.000,0.000,7980.299
314,3174.472,112492.824,23925.790,83403.384,4012.503,76927.948,0.000,0.000,7980.299
315,3146.755,113995.650,23925.790,80888.901,4012.503,76927.948,0.000,0.000,7980.299
316,3156.411,122395.750,23925.790,80827.540,4012.503,76927.948,0.000,0.000,7980.299
317,3168.286,132476.194,23925.790,84380.680,4012.503,76927.948,0.000,2570.311,7980.299
318,2472.901,137937.849,23925.790,84773.119,4012.503,76927.948,0.000,8676.907,7980.299
319,2860.871,138772.526,23925.790,87633.178,4012.503,76927.948,0.000,12532.651,7980.299
320,3102.461,148014.292,23925.790,99963.516,4012.503,76927.948,0.000,14190.328,7980.299
321,2704.677,150373.253,23925.790,103103.956,4012.503,76927.948,0.000,14808.559,7980.299
322,2561.396,151328.250,23925.790,103457.564,4012.503,76927.948,0.000,15566.119,7980.299
323,2561.674,152626.615,23925.790,105274.809,4012.503,76927.948,0.000,18212.141,7980.299
324,2604.932,157343.350,23925.790,102081.122,4012.503,76927.948,0.000,21111.223,7980.299
325,2952.572,159209.618,23925.790,93846.313,4012.503,76927.948,0.000,23146.077,7980.299
326,2957.289,161216.411,23925.790,107738.085,4012.503,76927.948,0.000,20649.175,7980.299
327,3643.358,167249.473,23925.790,110032.361,4012.503,76927.948,0.000,17291.315,7980.299
328,3651.254,176586.885,23925.790,112374.076,4012.503,76927.948,0.000,14569.125,7980.299
329,3634.760,174349.680,23925.790,113492.303,4012.503,76927.948,0.000,11368.598,7980.299
330,4396.758,175070.954,23925.790,123753.280,4012.503,76927.948,0.000,4471.247,7980.299
331,4389.648,174167.055,23925.790,133636.811,4012.503,76927.948,0.000,0.000,7980.299
332,4410.559,161647.270,23925.790,129052.189,4012.503,76927.948,0.000,0.000,7980.299
333,4238.298,153173.088,23925.790,119157.365,4012.503,76927.948,0.000,0.000,7980.299
334,4174.581,148178.347,23925.790,112326.333,4012.503,76927.948,0.000,0.000,7980.299
335,4091.362,137612.156,23925.790,101794.519,4012.503,76927.948,0.000,0.000,7980.299
336,11427.133,189460.474,23925.790,227097.220,4012.503,76927.948,0.000,0.000,7980.299
337,11209.311,182434.505,23925.790,222853.710,4012.503,76927.948,0.000,0.000,7980.299
338,11159.445,181586.250,23925.790,222267.016,4012.503,76927.948,0.000,0.000,7980.299
339,11126.307,182902.136,23925.790,221962.164,4012.503,76927.948,0.000,0.000,7980.299
340,11321.750,189980.948,23925.790,217607.168,4012.503,76927.948,1766.672,0.000,7980.299
341,11354.571,197234.543,23925.790,227687.901,4012.503,76927.948,4939.549,0.000,7980.299
342,11365.050,202241.342,23925.790,228204.969,4012.503,76927.948,12765.006,5548.810,7980.299
343,10650.668,206308.384,23925.790,223398.563,4012.503,76927.948,12765.006,16328.644,7980.299
344,10675.913,213332.295,23925.790,241676.033,4012.503,76927.948,12765.006,14756.328,7980.299
345,10670.518,210799.692,23925.790,260122.465,4012.503,76927.948,12765.006,16920.157,7980.299
346,10675.957,215425.848,23925.790,263605.812,4012.503,76927.948,12765.006,18945.221,7980.299
347,10658.243,211719.041,23925.790,268745.285,4012.503,76927.948,12765.006,20956.682,7980.299
348,10706.095,212406.038,23925.790,281030.381,4012.503,76927.948,12765.006,21138.995,7980.299
349,10716.288,216712.542,23925.790,290319.463,4012.503,76927.948,12765.006,21598.317,7980.299
350,10738.572,213920.677,23925.790,290713.358,4012.503,76927.948,12765.006,22014.100,7980.299
351,10773.965,214245.683,23925.790,293188.044,4012.503,76927.948,12765.006,21685.937,7980.299
352,10779.524,217885.625,23925.790,292583.962,4012.503,76927.948,12765.006,19519.956,7980.299
353,11559.953,212951.027,23925.790,318567.968,4012.503,76927.948,14481.494,11091.687,7980.299
354,11597.910,213607.968,23925.790,332136.459,4012.503,76927.948,13850.622,863.684,7980.299
355,11585.269,215867.721,23925.790,328608.522,4012.503,76927.948,13246.099,0.000,7980.299
356,11581.309,212196.141,23925.790,315774.777,4012.503,76927.948,12883.534,0.000,7980.299
357,11528.483,204786.026,23925.790,285990.063,4012.503,76927.948,12765.006,0.000,7980.299
358,11496.440,189976.220,23925.790,255563.207,4012.503,76927.948,12765.006,0.000,7980.299
359,11252.910,182031.041,23925.790,232259.755,4012.503,76927.948,7670.585,0.000,7980.299
360,11235.348,177735.486,23925.790,239162.084,4012.503,76927.948,3265.411,0.000,7980.299
361,11194.128,178009.814,23925.790,235307.239,4012.503,76927.948,1691.099,0.000,7980.299
362,11157.653,178515.203,23925.790,226185.670,4012.503,76927.948,990.052,0.000,7980.299
363,11125.638,174996.989,23925.790,226131.140,4012.503,76927.948,3265.411,0.000,7980.299
364,11126.792,179511.295,23925.790,231869.295,4012.503,76927.948,6014.979,0.000,7980.299
365,11148.874,184205.941,23925.790,234715.513,4012.503,76927.948,11462.882,0.000,7980.299
366,11210.394,187427.594,23925.790,227783.049,4012.503,76927.948,12793.902,5562.414,7980.299
367,10964.093,189976.220,23925.790,237870.689,4012.503,76927.948,12793.902,11573.751,7980.299
368,10675.756,197243.315,23925.790,246528.625,4012.503,76927.948,12793.902,15058.913,7980.299
369,10667.581,210135.711,23925.790,253108.660,4012.503,76927.948,12793.902,17209.682,7980.299
370,10672.746,210135.711,23925.790,258835.524,4012.503,76927.948,12793.902,18402.083,7980.299
371,11294.240,210135.711,23925.790,263819.453,4012.503,76927.948,12793.902,21583.626,7980.299
372,11085.336,214326.327,23925.790,273388.768,4012.503,76927.948,12793.902,18559.373,7980.299
373,11136.029,214940.550,23925.790,274464.389,4012.503,76927.948,12793.902,21816.009,7980.299
374,10736.643,214585.304,23925.790,277006.336,4012.503,76927.948,12793.902,22012.470,7980.299
375,10771.356,211391.790,23925.790,284860.418,4012.503,76927.948,12793.902,21780.087,7980.299
376,11536.808,210135.711,23925.790,279637.417,4012.503,76927.948,12793.902,19500.366,7980.299
377,11557.262,210135.711,23925.790,294652.595,4012.503,76927.948,14671.692,10908.830,7980.299
378,11594.158,210135.711,23925.790,322494.185,4012.503,76927.948,14027.098,763.547,7980.299
379,11581.687,210135.711,23925.790,320062.607,4012.503,76927.948,13300.679,0.000,7980.299
380,11577.813,208005.474,23925.790,313317.426,4012.503,76927.948,12936.567,0.000,7980.299
381,11541.984,190970.370,23925.790,293979.335,4012.503,76927.948,12793.902,0.000,7980.299
382,11276.068,187171.737,23925.790,264090.347,4012.503,76927.948,7756.547,0.000,7980.299
383,11253.600,175936.965,23925.790,249721.649,4012.503,76927.948,41.778,0.000,7980.299
384,11238.443,164842.981,23925.790,224069.250,4012.503,76927.948,0.000,0.000,7980.299
385,11201.758,160460.287,23925.790,215447.969,4012.503,76927.948,0.000,0.000,7980.299
386,11164.898,157757.610,23925.790,213290.891,4012.503,76927.948,0.000,0.000,7980.299
387,11131.239,155075.305,23925.790,211635.556,4012.503,76927.948,0.000,0.000,7980.299
388,11132.326,155575.105,23925.790,215465.210,4012.503,76927.948,0.000,0.000,7980.299
389,11152.490,155723.493,23925.790,215907.582,4012.503,76927.948,0.000,0.000,7980.299
390,11216.746,164923.335,23925.790,217878.127,4012.503,76927.948,0.000,5372.483,7980.299
391,11236.402,177368.333,23925.790,216186.249,4012.503,76927.948,3364.468,12919.086,7980.299
392,10175.206,188996.900,23925.790,200884.053,4012.503,76927.948,12765.006,19936.272,7980.299
393,10674.139,189976.220,23925.790,219837.908,4012.503,76927.948,12765.006,20934.374,7980.299
394,10680.129,192714.327,23925.790,241858.740,4012.503,76927.948,12765.006,19222.793,7980.299
395,10678.228,200332.089,23925.790,247681.294,4012.503,76927.948,12765.006,19112.866,7980.299
396,10695.197,192714.327,23925.790,252725.661,4012.503,76927.948,12765.006,20519.689,7980.299
397,10703.270,199807.210,23925.790,263161.550,4012.503,76927.948,12765.006,20866.356,7980.299
398,10740.614,202739.896,23925.790,263895.980,4012.503,76927.948,12765.006,21100.368,7980.299
399,10776.044,204160.831,23925.790,267985.986,4012.503,76927.948,12765.006,20741.184,7980.299
400,10782.140,204786.026,23925.790,267963.306,4012.503,76927.948,12765.006,18728.669,7980.299
401,11562.473,204786.026,23925.790,283469.196,4012.503,76927.948,14970.058,10429.375,7980.299
402,11599.625,204786.026,23925.790,314631.795,4012.503,76927.948,14455.605,675.927,7980.299
403,11587.488,205938.222,23925.790,298110.585,4012.503,76927.948,13694.292,0.000,7980.299
404,11584.163,204786.026,23925.790,279353.377,4012.503,76927.948,12765.006,0.000,7980.299
405,11547.631,189976.220,23925.790,253576.259,4012.503,76927.948,12765.006,0.000,7980.299
406,11280.644,182584.194,23925.790,236308.578,4012.503,76927.948,4530.836,0.000,7980.299
407,11257.638,177276.452,23925.790,222599.479,4012.503,76927.948,1357.941,0.000,7980.299
408,11233.823,168295.616,23925.790,210074.326,4012.503,76927.948,0.000,0.000,7980.299
409,11190.275,165336.677,23925.790,202023.426,4012.503,76927.948,0.000,0.000,7980.299
410,11152.947,161514.851,23925.790,203046.196,4012.503,76927.948,0.000,0.000,7980.299
411,11122.363,161889.161,23925.790,201970.646,4012.503,76927.948,0.000,0.000,7980.299
412,11124.302,163889.808,23925.790,201252.607,4012.503,76927.948,0.000,0.000,7980.299
413,11144.933,165040.360,23925.790,202086.306,4012.503,76927.948,0.000,0.000,7980.299
414,11211.751,169437.162,23925.790,207090.140,4012.503,76927.948,0.000,5347.992,7980.299
415,11230.641,175447.598,23925.790,199393.761,4012.503,76927.948,0.000,15870.953,7980.299
416,11434.553,190698.428,23925.790,206965.436,4012.503,76927.948,3236.515,20130.005,7980.299
417,11425.976,192763.025,23925.790,214238.117,4012.503,76927.948,12765.006,21222.258,7980.299
418,11431.091,192741.691,23925.790,229858.968,4012.503,76927.948,12765.006,20957.779,7980.299
419,10652.893,201773.443,23925.790,228001.271,4012.503,76927.948,12765.006,20565.400,7980.299
420,10795.478,195841.514,23925.790,235003.573,4012.503,76927.948,12765.006,20520.232,7980.299
421,10987.741,203913.183,23925.790,238418.055,4012.503,76927.948,12765.006,20409.762,7980.299
422,10892.482,203263.546,23925.790,242222.532,4012.503,76927.948,12765.006,20650.304,7980.299
423,10770.782,204423.919,23925.790,259211.496,4012.503,76927.948,12765.006,20328.672,7980.299
424,11035.582,204786.026,23925.790,254779.934,4012.503,76927.948,12765.006,18348.265,7980.299
425,11556.818,204786.026,23925.790,265983.514,4012.503,76927.948,14785.509,10063.117,7980.299
426,11593.603,205883.356,23925.790,278767.030,4012.503,76927.948,14129.272,575.790,7980.299
427,11581.011,206619.683,23925.790,274350.418,4012.503,76927.948,13383.486,0.000,7980.299
428,11577.419,199083.851,23925.790,267125.836,4012.503,76927.948,12992.819,0.000,7980.299
429,11338.107,189898.666,23925.790,241673.396,4012.503,76927.948,12765.006,0.000,7980.299
430,11274.771,177618.912,23925.790,218162.746,4012.503,76927.948,5642.313,0.000,7980.299
431,11252.420,168827.371,23925.790,207986.559,4012.503,76927.948,3236.515,0.000,7980.299
432,10642.237,163393.220,23925.790,187213.331,4012.503,76927.948,0.000,0.000,7980.299
433,10521.417,159470.730,23925.790,181631.241,4012.503,76927.948,0.000,0.000,7980.299
434,10456.469,155966.039,23925.790,183823.660,4012.503,76927.948,0.000,0.000,7980.299
435,10349.554,157014.244,23925.790,185918.177,4012.503,76927.948,0.000,0.000,7980.299
436,10389.150,161812.754,23925.790,182375.630,4012.503,76927.948,0.000,0.000,7980.299
437,10412.622,161060.197,23925.790,188132.627,4012.503,76927.948,0.000,0.000,7980.299
438,10350.620,164427.110,23925.790,189038.985,4012.503,76927.948,0.000,5234.251,7980.299
439,10485.538,168574.362,23925.790,188211.805,4012.503,76927.948,0.000,11364.230,7980.299
440,10498.291,185590.826,23925.790,188717.237,4012.503,76927.948,6625.466,16300.850,7980.299
441,10612.723,189976.220,23925.790,203272.558,4012.503,76927.948,12765.006,20739.000,7980.299
442,10774.879,192487.917,23925.790,205541.074,4012.503,76927.948,12765.006,20215.474,7980.299
443,10867.647,199108.328,23925.790,207943.804,4012.503,76927.948,12765.006,19967.314,7980.299
444,10930.449,201658.744,23925.790,212462.997,4012.503,76927.948,12765.006,19847.586,7980.299
445,10337.100,202047.919,23925.790,214010.443,4012.503,76927.948,12765.006,20175.206,7980.299
446,10392.925,202047.919,23925.790,215087.550,4012.503,76927.948,12765.006,20440.783,7980.299
447,10363.831,202935.222,23925.790,218577.427,4012.503,76927.948,12765.006,20308.538,7980.299
448,10545.542,205237.137,23925.790,221069.427,4012.503,76927.948,12765.006,18481.596,7980.299
449,11334.773,207397.604,23925.790,241717.640,4012.503,76927.948,12765.006,9842.709,7980.299
450,11361.542,213428.957,23925.790,260333.660,4012.503,76927.948,12765.006,500.687,7980.299
451,11337.801,214351.117,23925.790,258634.904,4012.503,76927.948,12765.006,0.000,7980.299
452,11322.134,202118.550,23925.790,250988.358,4012.503,76927.948,12765.006,0.000,7980.299
453,11263.062,201316.955,23925.790,239857.211,4012.503,76927.948,12765.006,0.000,7980.299
454,11140.605,189976.220,23925.790,214655.747,4012.503,76927.948,3236.515,0.000,7980.299
455,10710.404,180840.521,23925.790,194558.040,4012.503,76927.948,0.000,0.000,7980.299
456,11236.649,164061.982,23925.790,233833.795,4012.503,76927.948,28.896,0.000,7980.299
457,11197.680,157160.548,23925.790,219606.789,4012.503,76927.948,28.896,0.000,7980.299
458,11160.646,150431.932,23925.790,215001.812,4012.503,76927.948,28.896,0.000,7980.299
459,11128.798,150138.258,23925.790,217189.710,4012.503,76927.948,28.896,0.000,7980.299
460,11129.098,162767.857,23925.790,222235.305,4012.503,76927.948,28.896,0.000,7980.299
461,11150.079,172112.876,23925.790,231210.080,4012.503,76927.948,28.896,0.000,7980.299
462,11215.840,184663.195,23925.790,242957.046,4012.503,76927.948,3265.411,3847.573,7980.299
463,10678.718,193720.246,23925.790,248898.276,4012.503,76927.948,8084.581,10686.684,7980.299
464,10679.925,207350.944,23925.790,259307.630,4012.503,76927.948,12793.902,14042.882,7980.299
465,10671.462,210135.711,23925.790,266795.546,4012.503,76927.948,12793.902,17455.711,7980.299
466,10677.003,210135.711,23925.790,275596.783,4012.503,76927.948,12793.902,17114.488,7980.299
467,10659.585,210135.711,23925.790,277749.464,4012.503,76927.948,12793.902,19670.716,7980.299
468,10707.543,210135.711,23925.790,282236.177,4012.503,76927.948,12793.902,19513.437,7980.299
469,10701.695,212452.551,23925.790,285395.786,4012.503,76927.948,12793.902,19860.104,7980.299
470,10738.528,210135.711,23925.790,292006.805,4012.503,76927.948,12793.902,20188.266,7980.299
471,10773.882,211744.320,23925.790,299210.700,4012.503,76927.948,12793.902,20012.483,7980.299
472,11539.661,210992.540,23925.790,293999.347,4012.503,76927.948,12793.902,17811.124,7980.299
473,11559.672,211093.035,23925.790,300438.318,4012.503,76927.948,12793.902,9375.227,7980.299
474,11588.724,212564.466,23925.790,327406.776,4012.503,76927.948,14214.449,325.446,7980.299
475,11583.930,213612.956,23925.790,326927.967,4012.503,76927.948,13438.715,0.000,7980.299
476,11581.541,213712.147,23925.790,315671.375,4012.503,76927.948,13028.575,0.000,7980.299
477,11545.034,197824.969,23925.790,286828.271,4012.503,76927.948,12793.902,0.000,7980.299
478,11278.761,185712.765,23925.790,257565.096,4012.503,76927.948,12121.701,0.000,7980.299
479,11255.969,180016.274,23925.790,246967.510,4012.503,76927.948,3265.411,0.000,7980.299
480,11235.874,168195.155,23925.790,243357.290,4012.503,76927.948,28.896,0.000,7980.299
481,11207.668,155667.433,23925.790,234068.532,4012.503,76927.948,28.896,0.000,7980.299
482,11146.203,147106.133,23925.790,221463.934,4012.503,76927.948,28.896,0.000,7980.299
483,11125.855,151768.466,23925.790,218906.061,4012.503,76927.948,28.896,0.000,7980.299
484,11117.558,160719.418,23925.790,221718.139,4012.503,76927.948,28.896,0.000,7980.299
485,11149.919,172397.037,23925.790,231248.651,4012.503,76927.948,28.896,0.000,7980.299
486,11207.286,183255.002,23925.790,236609.093,4012.503,76927.948,3265.411,4823.369,7980.299
487,11225.145,188996.900,23925.790,240287.432,4012.503,76927.948,10075.670,10586.547,7980.299
488,11438.025,190078.961,23925.790,261825.188,4012.503,76927.948,12793.902,13573.206,7980.299
489,11428.939,193163.884,23925.790,271375.714,4012.503,76927.948,12793.902,14188.731,7980.299
490,11434.436,197369.560,23925.790,273687.788,4012.503,76927.948,12793.902,14660.580,7980.299
491,11432.811,194635.072,23925.790,286811.201,4012.503,76927.948,12793.902,13906.290,7980.299
492,11449.569,204102.994,23925.790,290623.364,4012.503,76927.948,12793.902,14036.906,7980.299
493,11475.621,200908.193,23925.790,294822.666,4012.503,76927.948,12793.902,16649.179,7980.299
494,10737.807,199781.212,23925.790,299624.084,4012.503,76927.948,13943.355,15944.948,7980.299
495,10735.566,204638.532,23925.790,304693.890,4012.503,76927.948,14721.743,14803.712,7980.299
496,11492.158,202771.037,23925.790,305141.928,4012.503,76927.948,14787.925,12673.100,7980.299
497,11496.819,204786.026,23925.790,311339.157,4012.503,76927.948,14485.686,5925.390,7980.299
498,11485.160,204786.026,23925.790,323135.968,4012.503,76927.948,13786.687,62.586,7980.299
499,11503.729,204786.026,23925.790,314118.905,4012.503,76927.948,13202.140,0.000,7980.299
500,11511.492,197448.469,23925.790,304083.589,4012.503,76927.948,12793.902,0.000,7980.299
501,11272.478,190772.491,23925.790,277636.479,4012.503,76927.948,12793.902,0.000,7980.299
502,11258.048,179117.735,23925.790,256081.064,4012.503,76927.948,9798.230,0.000,7980.299
503,11226.216,171692.493,23925.790,250617.648,4012.503,76927.948,3265.411,0.000,7980.299
504,8762.338,160090.472,23925.790,148102.378,4012.503,76927.948,0.000,0.000,7980.299
505,8682.883,152121.324,23925.790,145131.664,4012.503,76927.948,0.000,0.000,7980.299
506,8636.713,150033.136,23925.790,147790.142,4012.503,76927.948,0.000,0.000,7980.299
507,8602.819,155335.761,23925.790,150118.923,4012.503,76927.948,0.000,0.000,7980.299
508,8619.009,164158.098,23925.790,148818.224,4012.503,76927.948,0.000,0.000,7980.299
509,8623.407,166373.231,23925.790,149886.295,4012.503,76927.948,0.000,0.000,7980.299
510,8884.887,171925.345,23925.790,153139.673,4012.503,76927.948,0.000,0.000,7980.299
511,8996.032,172165.094,23925.790,155368.799,4012.503,76927.948,0.000,258.503,7980.299
512,8296.539,172669.163,23925.790,146688.150,4012.503,76927.948,0.000,9670.196,7980.299
513,8353.258,171591.116,23925.790,142699.250,4012.503,76927.948,0.000,10678.610,7980.299
514,7859.826,171423.719,23925.790,138943.060,4012.503,76927.948,0.000,14964.327,7980.299
515,8315.184,169131.639,23925.790,141626.562,4012.503,76927.948,0.000,12378.750,7980.299
516,8323.669,168867.588,23925.790,143329.164,4012.503,76927.948,0.000,13183.097,7980.299
517,7805.046,171267.837,23925.790,139961.530,4012.503,76927.948,0.000,13630.434,7980.299
518,7766.143,173362.454,23925.790,132840.052,4012.503,76927.948,0.000,12479.420,7980.299
519,7838.723,181218.918,23925.790,137831.944,4012.503,76927.948,0.000,13072.637,7980.299
520,9158.034,189147.659,23925.790,160062.004,4012.503,76927.948,0.000,4103.957,7980.299
521,9543.894,183309.484,23925.790,169777.513,4012.503,76927.948,0.000,0.000,7980.299
522,9564.308,180408.302,23925.790,174169.830,4012.503,76927.948,0.000,0.000,7980.299
523,9558.669,184306.235,23925.790,166889.424,4012.503,76927.948,0.000,0.000,7980.299
524,9230.611,172234.536,23925.790,160799.663,4012.503,76927.948,0.000,0.000,7980.299
525,8968.200,171366.729,23925.790,154617.742,4012.503,76927.948,0.000,0.000,7980.299
526,8899.194,164756.012,23925.790,150864.932,4012.503,76927.948,0.000,0.000,7980.299
527,8850.681,162177.793,23925.790,149431.261,4012.503,76927.948,0.000,0.000,7980.299
528,6468.167,156412.724,23925.790,128736.899,4012.503,76927.948,0.000,0.000,7980.299
529,6354.754,155714.772,23925.790,127315.284,4012.503,76927.948,0.000,0.000,7980.299
530,6330.969,156906.168,23925.790,126927.602,4012.503,76927.948,0.000,0.000,7980.299
531,6581.785,165101.238,23925.790,128192.006,4012.503,76927.948,0.000,0.000,7980.299
532,6859.737,170024.579,23925.790,133424.857,4012.503,76927.948,0.000,0.000,7980.299
533,7020.753,170024.579,23925.790,136668.103,4012.503,76927.948,0.000,0.000,7980.299
534,6910.789,170024.579,23925.790,140004.233,4012.503,76927.948,0.000,0.000,7980.299
535,6972.858,170024.579,23925.790,143162.556,4012.503,76927.948,0.000,1476.450,7980.299
536,6260.573,170024.579,23925.790,132250.962,4012.503,76927.948,0.000,10220.886,7980.299
537,5984.014,170024.579,23925.790,137973.693,4012.503,76927.948,0.000,12797.206,7980.299
538,5875.691,170024.579,23925.790,133679.181,4012.503,76927.948,0.000,12682.389,7980.299
539,5661.099,169643.755,23925.790,128970.826,4012.503,76927.948,0.000,13228.809,7980.299
540,5758.489,169045.259,23925.790,132874.641,4012.503,76927.948,0.000,11939.541,7980.299
541,5747.692,166747.886,23925.790,126947.685,4012.503,76927.948,0.000,14493.575,7980.299
542,6056.248,166817.308,23925.790,127986.772,4012.503,76927.948,0.000,15376.296,7980.299
543,5960.902,170024.579,23925.790,132490.081,4012.503,76927.948,0.000,13228.830,7980.299
544,7013.702,170575.486,23925.790,146993.420,4012.503,76927.948,0.000,4085.453,7980.299
545,7028.261,170511.582,23925.790,167502.604,4012.503,76927.948,0.000,0.000,7980.299
546,7342.566,170024.579,23925.790,166421.284,4012.503,76927.948,0.000,0.000,7980.299
547,7047.219,170024.579,23925.790,155216.851,4012.503,76927.948,0.000,0.000,7980.299
548,7321.691,170024.579,23925.790,150103.888,4012.503,76927.948,0.000,0.000,7980.299
549,6921.352,167513.178,23925.790,142014.214,4012.503,76927.948,0.000,0.000,7980.299
550,6946.321,162158.742,23925.790,141705.765,4012.503,76927.948,0.000,0.000,7980.299
551,6778.991,156979.941,23925.790,138890.805,4012.503,76927.948,0.000,0.000,7980.299
552,9102.393,156778.848,23925.790,161499.871,4012.503,76927.948,0.000,0.000,7980.299
553,8908.094,155762.258,23925.790,157523.562,4012.503,76927.948,0.000,0.000,7980.299
554,8974.123,156233.419,23925.790,162191.534,4012.503,76927.948,0.000,0.000,7980.299
555,8942.138,157472.845,23925.790,160144.967,4012.503,76927.948,0.000,0.000,7980.299
556,8960.379,159989.276,23925.790,165667.128,4012.503,76927.948,0.000,0.000,7980.299
557,8966.181,163221.241,23925.790,163119.809,4012.503,76927.948,0.000,0.000,7980.299
558,9020.305,167645.751,23925.790,163146.907,4012.503,76927.948,0.000,0.000,7980.299
559,9338.111,171074.815,23925.790,169867.291,4012.503,76927.948,0.000,1852.497,7980.299
560,8688.132,170638.394,23925.790,162262.880,4012.503,76927.948,0.000,9645.097,7980.299
561,7886.459,170406.043,23925.790,145075.380,4012.503,76927.948,0.000,16135.475,7980.299
562,8200.268,170527.849,23925.790,148331.038,4012.503,76927.948,0.000,15294.120,7980.299
563,8159.730,170788.226,23925.790,149699.273,4012.503,76927.948,0.000,13960.791,7980.299
564,8166.694,170803.734,23925.790,154091.128,4012.503,76927.948,0.000,13766.504,7980.299
565,8142.651,170874.897,23925.790,147725.777,4012.503,76927.948,0.000,14784.186,7980.299
566,7760.089,170345.386,23925.790,142822.725,4012.503,76927.948,0.000,15479.693,7980.299
567,8667.535,171202.114,23925.790,151872.232,4012.503,76927.948,0.000,13400.257,7980.299
568,9497.023,179402.474,23925.790,174086.762,4012.503,76927.948,0.000,4123.005,7980.299
569,9539.784,182413.597,23925.790,192609.507,4012.503,76927.948,0.000,0.000,7980.299
570,9560.711,181263.205,23925.790,198189.814,4012.503,76927.948,0.000,0.000,7980.299
571,9556.882,173772.995,23925.790,192735.491,4012.503,76927.948,0.000,0.000,7980.299
572,9566.097,172234.536,23925.790,177725.088,4012.503,76927.948,0.000,0.000,7980.299
573,9388.052,172234.536,23925.790,171366.272,4012.503,76927.948,0.000,0.000,7980.299
574,9238.297,168422.284,23925.790,168903.613,4012.503,76927.948,0.000,0.000,7980.299
575,9189.042,162081.175,23925.790,166131.993,4012.503,76927.948,0.000,0.000,7980.299
576,10014.602,157893.059,23925.790,166863.128,4012.503,76927.948,0.000,0.000,7980.299
577,9931.681,155746.785,23925.790,160110.768,4012.503,76927.948,0.000,0.000,7980.299
578,9885.540,155276.833,23925.790,161799.428,4012.503,76927.948,0.000,0.000,7980.299
579,9854.505,153243.383,23925.790,162438.166,4012.503,76927.948,0.000,0.000,7980.299
580,9868.060,156587.895,23925.790,157323.722,4012.503,76927.948,0.000,0.000,7980.299
581,10218.187,157791.695,23925.790,157942.029,4012.503,76927.948,0.000,0.000,7980.299
582,10274.188,163971.819,23925.790,166132.204,4012.503,76927.948,0.000,0.000,7980.299
583,10389.051,169085.832,23925.790,170332.587,4012.503,76927.948,0.000,1744.743,7980.299
584,10231.953,171010.065,23925.790,151917.461,4012.503,76927.948,0.000,12015.198,7980.299
585,9556.266,170433.824,23925.790,133246.907,4012.503,76927.948,0.000,15801.326,7980.299
586,8809.113,176926.756,23925.790,135741.640,4012.503,76927.948,0.000,15116.706,7980.299
587,9412.597,170851.859,23925.790,149391.477,4012.503,76927.948,0.000,13929.227,7980.299
588,9420.696,173256.076,23925.790,147691.883,4012.503,76927.948,0.000,13728.409,7980.299
589,9436.322,170082.245,23925.790,151052.801,4012.503,76927.948,0.000,14883.780,7980.299
590,9922.847,170024.579,23925.790,159077.417,4012.503,76927.948,0.000,14302.536,7980.299
591,9927.287,179620.914,23925.790,163092.203,4012.503,76927.948,0.000,13353.459,7980.299
592,10752.662,192252.529,23925.790,181986.791,4012.503,76927.948,0.000,3358.914,7980.299
593,10796.122,198126.709,23925.790,200198.755,4012.503,76927.948,0.000,0.000,7980.299
594,10816.056,200018.974,23925.790,202629.180,4012.503,76927.948,0.000,0.000,7980.299
595,10810.159,194458.482,23925.790,193084.386,4012.503,76927.948,0.000,0.000,7980.299
596,10823.467,182014.368,23925.790,189132.569,4012.503,76927.948,0.000,0.000,7980.299
597,10764.695,172234.536,23925.790,176533.057,4012.503,76927.948,0.000,0.000,7980.299
598,10492.042,164940.755,23925.790,174371.807,4012.503,76927.948,0.000,0.000,7980.299
599,10443.520,159764.089,23925.790,167444.839,4012.503,76927.948,0.000,0.000,7980.299
600,10362.448,158613.493,23925.790,190348.255,4012.503,76927.948,0.000,0.000,7980.299
601,10281.502,158686.513,23925.790,188002.988,4012.503,76927.948,0.000,0.000,7980.299
602,10234.512,159108.803,23925.790,191577.410,4012.503,76927.948,0.000,0.000,7980.299
603,10200.748,167935.225,23925.790,196512.126,4012.503,76927.948,0.000,0.000,7980.299
604,10417.669,174685.074,23925.790,201083.233,4012.503,76927.948,0.000,0.000,7980.299
605,10424.350,177675.389,23925.790,203855.050,4012.503,76927.948,0.000,0.000,7980.299
606,10481.647,183395.052,23925.790,198555.551,4012.503,76927.948,0.000,0.000,7980.299
607,10595.784,174723.520,23925.790,203236.865,4012.503,76927.948,0.000,1599.981,7980.299
608,9944.429,180859.598,23925.790,205080.001,4012.503,76927.948,0.000,4404.326,7980.299
609,10721.723,176495.101,23925.790,204177.740,4012.503,76927.948,0.000,10254.038,7980.299
610,10718.159,175437.229,23925.790,204818.084,4012.503,76927.948,0.000,10219.224,7980.299
611,9916.274,175746.039,23925.790,201079.384,4012.503,76927.948,0.000,9798.030,7980.299
612,9922.106,176170.922,23925.790,197769.580,4012.503,76927.948,0.000,12093.028,7980.299
613,10698.364,174693.694,23925.790,194450.081,4012.503,76927.948,0.000,13463.897,7980.299
614,10689.861,178188.948,23925.790,191408.754,4012.503,76927.948,0.000,14090.831,7980.299
615,10696.202,188243.100,23925.790,201928.852,4012.503,76927.948,0.000,11380.658,7980.299
616,10758.406,195022.724,23925.790,216946.174,4012.503,76927.948,0.000,3312.116,7980.299
617,10801.365,200583.606,23925.790,230450.746,4012.503,76927.948,0.000,0.000,7980.299
618,10821.865,199548.985,23925.790,233396.524,4012.503,76927.948,0.000,0.000,7980.299
619,10815.585,200028.626,23925.790,222529.041,4012.503,76927.948,0.000,0.000,7980.299
620,10829.050,193944.263,23925.790,216480.252,4012.503,76927.948,0.000,0.000,7980.299
621,10772.601,181997.792,23925.790,217007.536,4012.503,76927.948,0.000,0.000,7980.299
622,10702.553,176495.101,23925.790,213327.696,4012.503,76927.948,0.000,0.000,7980.299
623,10553.320,172234.536,23925.790,204670.311,4012.503,76927.948,0.000,0.000,7980.299
624,10563.187,172234.536,23925.790,195568.903,4012.503,76927.948,0.000,0.000,7980.299
625,10481.695,172234.536,23925.790,189427.747,4012.503,76927.948,0.000,0.000,7980.299
626,10437.549,172234.536,23925.790,186368.369,4012.503,76927.948,0.000,0.000,7980.299
627,10400.985,172234.536,23925.790,191968.568,4012.503,76927.948,0.000,0.000,7980.299
628,8804.291,176953.189,23925.790,180294.227,4012.503,76927.948,0.000,0.000,7980.299
629,8759.351,188566.800,23925.790,178182.980,4012.503,76927.948,0.000,0.000,7980.299
630,10474.090,186385.397,23925.790,181039.013,4012.503,76927.948,0.000,0.000,7980.299
631,10584.339,188566.800,23925.790,194413.133,4012.503,76927.948,0.000,1097.675,7980.299
632,10256.374,185987.176,23925.790,177088.944,4012.503,76927.948,0.000,7564.074,7980.299
633,9113.106,181247.535,23925.790,162546.809,4012.503,76927.948,0.000,15739.826,7980.299
634,9456.460,179511.937,23925.790,169679.006,4012.503,76927.948,0.000,14725.414,7980.299
635,9946.298,177076.445,23925.790,188835.535,4012.503,76927.948,0.000,8931.618,7980.299
636,10290.974,178636.586,23925.790,192686.765,4012.503,76927.948,0.000,9025.225,7980.299
637,9909.263,181951.111,23925.790,186919.119,4012.503,76927.948,0.000,12590.423,7980.299
638,9958.154,184306.235,23925.790,190170.799,4012.503,76927.948,0.000,6613.345,7980.299
639,9935.891,181971.001,23925.790,198557.134,4012.503,76927.948,0.000,5479.194,7980.299
640,10728.705,194003.405,23925.790,209850.983,4012.503,76927.948,0.000,1141.235,7980.299
641,10799.581,203785.414,23925.790,214665.935,4012.503,76927.948,0.000,0.000,7980.299
642,10849.991,205748.622,23925.790,217983.156,4012.503,76927.948,0.000,0.000,7980.299
643,10814.939,200360.102,23925.790,213439.482,4012.503,76927.948,0.000,0.000,7980.299
644,10830.080,195175.944,23925.790,211214.673,4012.503,76927.948,0.000,0.000,7980.299
645,10771.637,188566.800,23925.790,206574.026,4012.503,76927.948,0.000,0.000,7980.299
646,10692.216,187572.163,23925.790,202763.272,4012.503,76927.948,0.000,0.000,7980.299
647,10643.328,178756.484,23925.790,196810.189,4012.503,76927.948,0.000,0.000,7980.299
648,9306.076,175332.981,23925.790,166029.341,4012.503,76927.948,0.000,0.000,7980.299
649,9225.103,173452.351,23925.790,158402.469,4012.503,76927.948,0.000,0.000,7980.299
650,9179.569,171749.741,23925.790,164345.862,4012.503,76927.948,0.000,0.000,7980.299
651,9147.186,170107.199,23925.790,162821.667,4012.503,76927.948,0.000,0.000,7980.299
652,9161.686,173552.876,23925.790,158539.516,4012.503,76927.948,0.000,0.000,7980.299
653,9169.248,183253.476,23925.790,168587.692,4012.503,76927.948,0.000,0.000,7980.299
654,9227.140,184254.027,23925.790,167515.575,4012.503,76927.948,0.000,0.000,7980.299
655,9329.844,184284.946,23925.790,172886.814,4012.503,76927.948,0.000,666.659,7980.299
656,9411.322,183604.362,23925.790,167420.057,4012.503,76927.948,0.000,7513.930,7980.299
657,9465.998,182955.731,23925.790,160515.883,4012.503,76927.948,0.000,9420.842,7980.299
658,9463.342,182386.507,23925.790,160136.603,4012.503,76927.948,0.000,9099.764,7980.299
659,9299.199,184678.221,23925.790,161372.032,4012.503,76927.948,0.000,8857.602,7980.299
660,8851.084,182096.278,23925.790,158475.316,4012.503,76927.948,0.000,10202.926,7980.299
661,8342.305,185742.306,23925.790,155317.164,4012.503,76927.948,0.000,10094.063,7980.299
662,8334.689,187445.963,23925.790,153270.516,4012.503,76927.948,0.000,9575.405,7980.299
663,9098.826,187445.963,23925.790,159523.837,4012.503,76927.948,0.000,7753.386,7980.299
664,9499.416,192962.818,23925.790,177055.262,4012.503,76927.948,0.000,2557.816,7980.299
665,9540.908,194108.750,23925.790,185687.117,4012.503,76927.948,0.000,0.000,7980.299
666,9562.915,197088.065,23925.790,181852.891,4012.503,76927.948,0.000,0.000,7980.299
667,9557.849,196616.388,23925.790,176133.454,4012.503,76927.948,0.000,0.000,7980.299
668,9570.781,188864.712,23925.790,174293.665,4012.503,76927.948,0.000,0.000,7980.299
669,9512.124,188887.799,23925.790,177733.764,4012.503,76927.948,0.000,0.000,7980.299
670,9442.430,184022.894,23925.790,172784.109,4012.503,76927.948,0.000,0.000,7980.299
671,9392.174,181920.726,23925.790,168080.865,4012.503,76927.948,0.000,0.000,7980.299
